step,global_seqlen/min,global_seqlen/max,global_seqlen/minmax_diff,global_seqlen/balanced_min,global_seqlen/balanced_max,global_seqlen/mean,actor/entropy,training/rollout_probs_diff_valid,training/rollout_probs_diff_max,training/rollout_probs_diff_mean,training/rollout_probs_diff_std,training/rollout_actor_probs_pearson_corr,rollout_corr/training_ppl,rollout_corr/training_log_ppl,rollout_corr/kl,rollout_corr/k3_kl,rollout_corr/rollout_ppl,rollout_corr/rollout_log_ppl,rollout_corr/log_ppl_diff,rollout_corr/log_ppl_abs_diff,rollout_corr/log_ppl_diff_max,rollout_corr/log_ppl_diff_min,rollout_corr/ppl_ratio,rollout_corr/chi2_token,rollout_corr/chi2_seq,actor/pg_clipfrac,actor/ppo_kl,actor/pg_clipfrac_lower,actor/pg_loss,actor/kl_loss,actor/kl_coef,actor/loss,actor/grad_norm,actor/lr,actor/perf/max_memory_allocated_gb,actor/perf/max_memory_reserved_gb,actor/perf/cpu_memory_used_gb,perf/mfu/actor,training/global_step,training/epoch,critic/score/mean,critic/score/max,critic/score/min,critic/rewards/mean,critic/rewards/max,critic/rewards/min,critic/advantages/mean,critic/advantages/max,critic/advantages/min,critic/returns/mean,critic/returns/max,critic/returns/min,response_length/mean,response_length/max,response_length/min,response_length/clip_ratio,response_length_non_aborted/mean,response_length_non_aborted/max,response_length_non_aborted/min,response_length_non_aborted/clip_ratio,response/aborted_ratio,prompt_length/mean,prompt_length/max,prompt_length/min,prompt_length/clip_ratio,timing_s/gen,timing_s/old_log_prob,timing_s/ref,timing_s/adv,timing_s/update_actor,timing_s/update_weights,timing_s/step,timing_per_token_ms/gen,timing_per_token_ms/update_actor,timing_per_token_ms/ref,timing_per_token_ms/adv,perf/total_num_tokens,perf/time_per_step,perf/throughput,timing_s/save_checkpoint
1,10830.0,10830.0,0.0,10830.0,10830.0,10830.0,0.0918557420372963,1.0,0.05499136447906494,0.002346943598240614,0.009212305769324303,0.9980979561805725,1.0747442245483398,0.07140395045280457,0.003464930225163698,9.262870298698545e-05,1.071028709411621,0.06791568547487259,0.0034882696345448494,0.0034882696345448494,0.004165062680840492,0.0028114765882492065,1.0034946203231812,-0.006568014621734619,-0.1816335916519165,0.0,0.003184897592291236,0.0,0.0,0.00015900771904853173,0.001,1.5900772609711566e-07,0.00020122528076171875,3e-06,68.98946857452393,75.7578125,350.7541732788086,0.0,1.0,0.0,0.0,0.0,0.0,0.0,0.0,0.0,0.0,0.0,0.0,0.0,0.0,0.0,29.0,30.0,28.0,0.5,29.0,30.0,28.0,0.5,0.0,5386.0,5386.0,5386.0,1.0,76.21977172465995,56.55842905305326,1.6277049779891968,0.13329285895451903,96.50532422494143,3.3846152373589575,251.01915254816413,1314.1339952527578,8.910925597870861,0.15029593517905787,0.012307743209096864,10830.0,251.01915254816413,43.14411824779785,
2,10861.0,10861.0,0.0,10861.0,10861.0,10861.0,0.1617610901594162,1.0,0.03189784288406372,0.0022042940836399794,0.006488590035587549,0.9993112683296204,1.1752612590789795,0.15371529757976532,0.002484523691236973,0.0005925518344156444,1.1726465225219727,0.15165971219539642,0.0020555872470140457,0.0020555872470140457,0.003445357084274292,0.0006658174097537994,1.002058744430542,-0.002749025821685791,-0.17127317190170288,0.0,-0.0009063710458576679,0.0,0.0,0.0001352296949335141,0.001,1.3522969766199822e-07,0.0002613067626953125,3e-06,70.01511907577515,75.8359375,302.1995315551758,0.0,2.0,0.0,0.0,0.0,0.0,0.0,0.0,0.0,0.0,0.0,0.0,0.0,0.0,0.0,40.5,53.0,28.0,0.5,40.5,53.0,28.0,0.5,0.0,5390.0,5390.0,5390.0,1.0,14.0874855206348,1.4199734819121659,1.2899912777356803,0.13280105218291283,3.9946892503648996,3.6604213132523,24.623922483995557,173.9195743288247,0.3678012384094374,0.11877279051060495,0.012227331938395435,10861.0,24.623922483995557,441.07513768609215,
3,10722.0,10722.0,0.0,10722.0,10722.0,10722.0,0.16501687467098236,1.0,0.06575280427932739,0.0018208058318123221,0.008689060807228088,0.9992062449455261,1.1130002737045288,0.10670827329158783,-0.00455703679472208,0.0005750691052526236,1.118664026260376,0.11186891794204712,-0.0051606446504592896,0.0051606446504592896,-0.0017401129007339478,-0.008581176400184631,0.9948585033416748,0.011623024940490723,0.3831617832183838,0.0,0.0005094562420708826,0.0,0.0,1.971335950656794e-05,0.001,1.9713361609774438e-08,1.823902130126953e-05,3e-06,70.01511907577515,75.8359375,303.74231338500977,0.0,3.0,0.0,0.0,0.0,0.0,0.0,0.0,0.0,0.0,0.0,0.0,0.0,0.0,0.0,34.0,40.0,28.0,0.5,34.0,40.0,28.0,0.5,0.0,5327.0,5327.0,5327.0,1.0,12.077410716097802,1.5041492423042655,1.352252006996423,0.13131707115098834,4.239365683868527,3.8552356068976223,23.194764324929565,177.6089811190853,0.39538945009033083,0.1261193813650833,0.012247441815984736,10722.0,23.194764324929565,462.2594931251822,
4,10910.0,10910.0,0.0,10910.0,10910.0,10910.0,0.08609285950660706,1.0,0.027586758136749268,0.0012221074430271983,0.004648058209568262,0.9994568228721619,1.0722004175186157,0.0696270763874054,-0.0006672413437627256,7.170804747147486e-05,1.0729210376739502,0.07029958069324493,-0.0006725024431943893,0.0006725024431943893,-0.00061798095703125,-0.0007270239293575287,0.9993277192115784,0.0016276836395263672,0.1643160581588745,0.0,0.00023685843916609883,0.0,0.0,0.00013501968351192772,0.001,1.3501968965101696e-07,6.723403930664062e-05,3e-06,70.08954668045044,75.9140625,306.4432487487793,0.0,4.0,0.0,0.7384615540504456,0.7384615540504456,0.7384615540504456,0.7384615540504456,0.7384615540504456,0.7384615540504456,0.0,0.0,0.0,0.0,0.0,0.0,114.0,125.0,103.0,0.5,114.0,125.0,103.0,0.5,0.0,5341.0,5341.0,5341.0,1.0,36.11889166617766,15.289016793947667,1.3084786110557616,0.18173655401915312,21.888114056549966,3.5742347901687026,78.39502055803314,158.41619151832307,2.0062432682447264,0.11993387819026229,0.016657795968758306,10910.0,78.39502055803314,139.1670022195313,
5,11115.0,11115.0,0.0,11115.0,11115.0,11115.0,0.1664823293685913,1.0,0.09924763441085815,0.002866894705221057,0.009031901136040688,0.9989017844200134,1.144603967666626,0.13449105620384216,-0.0017081525875255466,0.0003329237806610763,1.1464011669158936,0.1360451877117157,-0.0015541315078735352,0.0015541315078735352,-0.0011185705661773682,-0.001989692449569702,0.9984471797943115,0.0047757625579833984,1.2600007057189941,0.0,0.002402043843176216,0.0,0.24907556176185608,0.0002078204561257735,0.001,0.2490757703781128,0.58984375,3e-06,70.63027048110962,76.4609375,306.8552780151367,0.0,5.0,0.0,0.3384615480899811,0.6769230961799622,0.0,0.3384615480899811,0.6769230961799622,0.0,-0.2500535845756531,0.707105278968811,-0.707105278968811,-0.2500535845756531,0.707105278968811,-0.707105278968811,213.5,289.0,138.0,0.5,213.5,289.0,138.0,0.5,0.0,5344.0,5344.0,5344.0,1.0,64.29137972230092,1.48504674481228,1.3199415551498532,0.12391897011548281,4.31410555401817,4.026534822303802,75.59651159634814,150.5652920896977,0.3881336530830562,0.11875317635176368,0.011148805228563456,11115.0,75.59651159634814,147.03059394260376,
6,13362.0,13362.0,0.0,13362.0,13362.0,13362.0,0.15638911724090576,1.0,0.07355129718780518,0.0018853072542697191,0.00809555035084486,0.9990920424461365,1.1144959926605225,0.10745363682508469,0.00064916379051283,0.00044132964103482664,1.1152002811431885,0.10815037786960602,-0.0006967410445213318,0.0015217289328575134,0.0008249878883361816,-0.002218469977378845,0.9993046522140503,0.00032699108123779297,-0.20223790407180786,0.0010570824379101396,-0.0007410060788970441,0.0,-0.6259649321436882,0.00023200918622023892,0.001,-0.6259647011756897,0.41796875,3e-06,74.7423586845398,80.5625,212.67435455322266,0.0,6.0,0.0,0.3913043439388275,0.782608687877655,0.0,0.3913043439388275,0.782608687877655,0.0,0.6254081130027771,0.7071054577827454,-0.7071054577827454,0.6254081130027771,0.7071054577827454,-0.7071054577827454,251.0,473.0,29.0,0.5,251.0,473.0,29.0,0.5,0.0,6430.0,6430.0,6430.0,1.0,68.25477425986901,16.627887145150453,1.465669825207442,0.12355231819674373,33.987318117171526,4.3060908718034625,124.8031750540249,135.9656857766315,2.543580161440767,0.10968940467051655,0.00924654379559525,13362.0,124.8031750540249,107.06458384745297,
7,11116.0,11116.0,0.0,11116.0,11116.0,11116.0,0.18157313764095306,1.0,0.08883923292160034,0.0027825410943478346,0.009073713794350624,0.9989786148071289,1.1771376132965088,0.16302531957626343,0.0016272253124043345,0.0003673687460832298,1.1763026714324951,0.16234031319618225,0.0006850063800811768,0.002516418695449829,0.003201425075531006,-0.0018314123153686523,1.0006884336471558,-0.001764833927154541,-0.10137563943862915,0.0036496350076049566,-0.0004570021410472691,0.0,0.2655433416366577,0.00033380450622644275,0.001,0.26554369926452637,0.5703125,3e-06,74.7423586845398,80.5625,213.4140968322754,0.0,7.0,0.0,0.3692307770252228,0.7384615540504456,0.0,0.3692307770252228,0.7384615540504456,0.0,-0.26476091146469116,0.7071053981781006,-0.7071053981781006,-0.26476091146469116,0.7071053981781006,-0.7071053981781006,219.0,301.0,137.0,0.5,219.0,301.0,137.0,0.5,0.0,5339.0,5339.0,5339.0,1.0,64.22184254787862,1.6748010232113302,1.3302686726674438,0.12160831596702337,4.643431197851896,4.837504806928337,76.88311880081892,146.62521129652654,0.41772500880279745,0.11967152506903957,0.0109399348656912,11116.0,76.88311880081892,144.5831045017596,
8,15180.0,15180.0,0.0,15180.0,15180.0,15180.0,0.7993230819702148,1.0,0.13416768610477448,0.002921403618529439,0.007985339500010014,0.9997339248657227,2.3008430004119873,0.8215460777282715,0.00047301832819357514,0.0009649580460973084,2.2987067699432373,0.8210124969482422,0.0005335807800292969,0.0026178956031799316,0.0031514763832092285,-0.0020843148231506348,1.0005371570587158,0.0033551454544067383,4.510615348815918,0.0,-0.0007991284073796123,0.0,-0.01597180962562561,0.00032260674925055355,0.001,-0.015971481800079346,0.5,3e-06,77.0087890625,82.828125,213.51958465576172,0.0,8.0,0.0,0.16949152946472168,0.33898305892944336,0.0,0.16949152946472168,0.33898305892944336,0.0,0.01635647751390934,0.7071038484573364,-0.7071038484573364,0.01635647751390934,0.7071038484573364,-0.7071038484573364,562.0,575.0,549.0,0.5,562.0,575.0,549.0,0.5,0.0,7028.0,7028.0,7028.0,1.0,152.3734618667513,1.7748592183925211,1.419422812294215,0.12578787421807647,5.233295165933669,3.276136551052332,164.23484753724188,135.56357817326628,0.3447493521695434,0.09350611411687845,0.008286421226487251,15180.0,164.23484753724188,92.42861808945744,
9,4054.0,4054.0,0.0,4054.0,4054.0,4054.0,0.030452480539679527,1.0,0.025272667407989502,0.0009785372531041503,0.004012723453342915,0.999286413192749,1.0323703289031982,0.03157515078783035,-0.0015769070014357567,7.873713911976665e-05,1.0339690446853638,0.03307459130883217,-0.0014994395896792412,0.0019366191700100899,0.0004371795803308487,-0.003436058759689331,0.998503565788269,0.003479480743408203,0.19421815872192383,0.0,0.0005022272089263424,0.0,0.0,6.557821961905574e-05,0.001,6.557822018748993e-08,7.152557373046875e-05,3e-06,77.0087890625,82.828125,213.82224655151367,0.0,9.0,0.0,0.0,0.0,0.0,0.0,0.0,0.0,0.0,0.0,0.0,0.0,0.0,0.0,50.0,52.0,48.0,0.5,50.0,52.0,48.0,0.5,0.0,1977.0,1977.0,1977.0,1.0,18.07391248224303,15.794719012919813,1.153616295196116,0.11905107507482171,19.612813701387495,3.092060989700258,57.88962136302143,180.7391248224303,4.837891884900714,0.2845624803147795,0.029366323402768058,4054.0,57.88962136302143,70.02982407809637,
10,4333.0,4333.0,0.0,4333.0,4333.0,4333.0,0.3067072033882141,1.0,0.05871385335922241,0.0031693915370851755,0.0077377427369356155,0.9995459318161011,1.2330322265625,0.19296163320541382,0.0009271832532249391,0.0003952250990550965,1.2323191165924072,0.1924995630979538,0.0004620729014277458,0.0006469013169407845,0.0011089742183685303,-0.00018482841551303864,1.0004624128341675,-0.00028198957443237305,-0.24019426107406616,0.0,-0.001024301236611791,0.0,0.0,0.0003718655023590145,0.001,3.718655250395386e-07,0.0001468658447265625,3e-06,77.0087890625,82.828125,215.33641052246094,0.0,10.0,0.0,0.0,0.0,0.0,0.0,0.0,0.0,0.0,0.0,0.0,0.0,0.0,0.0,181.5,312.0,51.0,0.5,181.5,312.0,51.0,0.5,0.0,1985.0,1985.0,1985.0,1.0,46.141908533871174,1.060538886114955,0.949870795942843,0.12363292882218957,3.0312421042472124,3.1407896857708693,54.47145943483338,127.11269568559553,0.6995712218433446,0.21921781581879599,0.028532870718252844,4333.0,54.47145943483338,79.5462439405311,
11,2167.0,2167.0,0.0,2167.0,2167.0,2167.0,0.1176007017493248,1.0,0.06538240611553192,0.002541112480685115,0.009542216546833515,0.9994307160377502,1.062601089477539,0.06069154292345047,0.007129439152777195,0.0006594994920305908,1.0551948547363281,0.05371052026748657,0.006981024518609047,0.006981024518609047,0.009029105305671692,0.004932943731546402,1.0070075988769531,-0.01182645559310913,-0.3790370225906372,0.0,-0.0012481535086408257,0.0,0.0,0.0010829853417817503,0.001,1.0829853636096232e-06,0.0011138916015625,3e-06,77.0087890625,82.828125,213.77678680419922,0.0,11.0,0.0,0.0,0.0,0.0,0.0,0.0,0.0,0.0,0.0,0.0,0.0,0.0,0.0,34.5,37.0,32.0,0.5,34.5,37.0,32.0,0.5,0.0,1049.0,1049.0,1049.0,1.0,10.06358695589006,14.081083670724183,1.015857433900237,0.12061651889234781,22.17624455317855,3.8168551502749324,51.306145671755075,145.84908631724724,10.233615391406806,0.4687851563914338,0.05566059939656106,2167.0,51.306145671755075,42.236655504468565,
12,4066.0,4066.0,0.0,4066.0,4066.0,4066.0,0.04053178057074547,1.0,0.02384275197982788,0.001220647245645523,0.004542510025203228,0.9992311596870422,1.0445729494094849,0.04309671372175217,0.0002468488528393209,6.231894803931937e-05,1.0443265438079834,0.04283388704061508,0.0002628294751048088,0.000831100158393383,0.0010939296334981918,-0.0005682706832885742,1.0002632141113281,-0.00023829936981201172,-0.021746695041656494,0.0,0.0010264986049151048,0.0,0.0,8.584788492305151e-06,0.001,8.584788879772987e-09,8.404254913330078e-06,3e-06,77.0087890625,82.828125,214.11259078979492,0.0,12.0,0.0,0.0,0.0,0.0,0.0,0.0,0.0,0.0,0.0,0.0,0.0,0.0,0.0,52.0,53.0,51.0,0.5,52.0,53.0,51.0,0.5,0.0,1981.0,1981.0,1981.0,1.0,14.070559142157435,1.001205135602504,0.894316662568599,0.12179215112701058,2.6553596020676196,3.126031553838402,21.895779100246727,135.29383790535996,0.6530643389246482,0.21994999079404795,0.029953800080425624,4066.0,21.895779100246727,185.69789096722224,
13,4249.0,4249.0,0.0,4249.0,4249.0,4249.0,0.029106376692652702,1.0,0.01252526044845581,0.00025007722433656454,0.0014514225767925382,0.9998592138290405,1.02455735206604,0.024132810533046722,-1.893456283141859e-05,1.2668302815654897e-06,1.02457594871521,0.024150073528289795,-1.7262063920497894e-05,6.456021219491959e-05,4.729814827442169e-05,-8.182227611541748e-05,0.9999827146530151,4.291534423828125e-05,0.003740072250366211,0.0,0.0007925834943307564,0.0,0.0,0.00011203325630049221,0.001,1.1203326266695512e-07,4.553794860839844e-05,3e-06,77.0087890625,82.828125,213.30823135375977,0.0,13.0,0.0,0.0,0.0,0.0,0.0,0.0,0.0,0.0,0.0,0.0,0.0,0.0,0.0,96.5,99.0,94.0,0.5,96.5,99.0,94.0,0.5,0.0,2028.0,2028.0,2028.0,1.0,24.107417618855834,0.9269173350185156,0.8847100068815053,0.1187175759114325,2.8514158162288368,3.0067999730817974,31.926754998974502,124.90889957956391,0.6710792695290273,0.20821605245504948,0.027940121419494587,4249.0,31.926754998974502,133.0858710863813,
14,4092.0,4092.0,0.0,4092.0,4092.0,4092.0,0.03716564178466797,1.0,0.23579534888267517,0.009225156158208847,0.03912312909960747,0.9630082249641418,1.0578148365020752,0.0562044121325016,0.013214979320764542,0.0074436417780816555,1.0439274311065674,0.04298942908644676,0.01321498304605484,0.01321498304605484,0.01361227035522461,0.01281769573688507,1.0133028030395508,0.00019061565399169922,-0.8295632600784302,0.0,-0.007822022307664156,0.0,0.0,0.006876650732010603,0.001,6.876651241327636e-06,0.00058746337890625,3e-06,77.0087890625,82.828125,213.8844223022461,0.0,14.0,0.0,0.0,0.0,0.0,0.0,0.0,0.0,0.0,0.0,0.0,0.0,0.0,0.0,67.0,67.0,67.0,1.0,67.0,67.0,67.0,1.0,0.0,1979.0,1979.0,1979.0,1.0,18.09840127825737,0.8878736812621355,0.8802355020307004,0.11249326774850488,2.7629224569536746,3.2994839320890605,26.070394122973084,135.06269610639828,0.6752009914354044,0.2151113152567694,0.027491023398950362,4092.0,26.070394122973084,156.95965242021995,
15,4052.0,4052.0,0.0,4052.0,4052.0,4052.0,0.033172450959682465,1.0,0.023873567581176758,0.00046853849198669195,0.0027580419555306435,0.9996549487113953,1.0369315147399902,0.035858720541000366,0.0004570776945911348,4.683830411522649e-06,1.0364583730697632,0.03539993241429329,0.0004587862640619278,0.0004587862640619278,0.0005424059927463531,0.00037516653537750244,1.0004589557647705,-0.0008955001831054688,-0.043779850006103516,0.0,1.2741882528644055e-05,0.0,0.0,5.4751121751905885e-06,0.001,5.4751123634844134e-09,1.2442469596862793e-06,3e-06,77.0087890625,82.828125,214.43790817260742,0.0,15.0,0.0,0.0,0.0,0.0,0.0,0.0,0.0,0.0,0.0,0.0,0.0,0.0,0.0,49.0,50.0,48.0,0.5,49.0,50.0,48.0,0.5,0.0,1977.0,1977.0,1977.0,1.0,14.075371224898845,1.143150573130697,0.9088492817245424,0.13442812580615282,2.8439325857907534,3.2694016150198877,22.39346504304558,143.62623698876374,0.7018589797114396,0.22429646636834707,0.033175746743867925,4052.0,22.39346504304558,180.94564607179325,
16,4147.0,4147.0,0.0,4147.0,4147.0,4147.0,0.3385734260082245,1.0,0.03149597346782684,0.00266287662088871,0.00624993396922946,0.9997334480285645,1.3806126117706299,0.31861841678619385,-0.0009790934855118394,0.0006982383783906698,1.3807899951934814,0.3181476593017578,0.00047078728675842285,0.006549358367919922,0.007020145654678345,-0.006078571081161499,1.0004923343658447,0.004762053489685059,0.5667133331298828,0.0,-0.0007053932640701532,0.0,0.0,0.0004396352160256356,0.001,4.39635243765224e-07,0.00014972686767578125,3e-06,77.0087890625,82.828125,214.31424713134766,0.0,16.0,0.0,0.0,0.0,0.0,0.0,0.0,0.0,0.0,0.0,0.0,0.0,0.0,0.0,65.5,80.0,51.0,0.5,65.5,80.0,51.0,0.5,0.0,2008.0,2008.0,2008.0,1.0,18.088366655632854,0.9276226339861751,0.8402276700362563,0.17506357096135616,2.731167688034475,3.4612303231842816,26.27497727610171,138.07913477582332,0.6585887841896491,0.20261096456143146,0.0422145095156393,4147.0,26.27497727610171,157.83077398783846,
17,4081.0,4081.0,0.0,4081.0,4081.0,4081.0,0.09230334311723709,1.0,0.026714742183685303,0.0011175739346072078,0.004376154392957687,0.9995263814926147,1.0757211446762085,0.07254352420568466,9.231559670297429e-05,2.0871462766081095e-05,1.0755882263183594,0.07244350016117096,0.00010002776980400085,0.0007948167622089386,0.0008948445320129395,-0.0006947889924049377,1.0001003742218018,-0.0001010894775390625,-0.006150364875793457,0.0,0.0006732606125297025,0.0,0.0,4.19524099015689e-05,0.001,4.195241132265437e-08,5.435943603515625e-05,3e-06,77.0087890625,82.828125,214.52861785888672,0.0,17.0,0.0,0.0,0.0,0.0,0.0,0.0,0.0,0.0,0.0,0.0,0.0,0.0,0.0,51.5,52.0,51.0,0.5,51.5,52.0,51.0,0.5,0.0,1989.0,1989.0,1989.0,1.0,14.067831682041287,0.9292483851313591,0.8438668260350823,0.18487168801948428,2.824257475323975,3.1825550668872893,22.064321064855903,136.5808901169057,0.692050349258509,0.2067794231891895,0.04530058515547275,4081.0,22.064321064855903,184.95923749497214,
18,4088.0,4088.0,0.0,4088.0,4088.0,4088.0,0.02510560303926468,1.0,0.018605589866638184,0.0004784368793480098,0.0020586675964295864,0.9997490644454956,1.0300489664077759,0.029388045892119408,7.96240201452747e-05,2.8638344247156056e-06,1.0299131870269775,0.029249632731080055,0.00013841316103935242,0.00031154975295066833,0.00044996291399002075,-0.00017313659191131592,1.0001384019851685,-0.00014781951904296875,-0.00795072317123413,0.0,-0.00025092371288337745,0.0,0.0,7.061182157030998e-05,0.001,7.061182571987956e-08,7.772445678710938e-05,3e-06,77.0087890625,82.828125,235.57568740844727,0.0,18.0,0.0,0.0,0.0,0.0,0.0,0.0,0.0,0.0,0.0,0.0,0.0,0.0,0.0,53.0,63.0,43.0,0.5,53.0,63.0,43.0,0.5,0.0,1991.0,1991.0,1991.0,1.0,18.100669090636075,1.0965775270015001,0.8595000058412552,0.12332715839147568,2.7276100227609277,3.1468153661116958,26.0847777989693,170.7610291569441,0.6672235867810489,0.21024951219208787,0.030168091583041994,4088.0,26.0847777989693,156.71975554116207,
19,4046.0,4046.0,0.0,4046.0,4046.0,4046.0,0.03271196410059929,1.0,0.216508150100708,0.006268385332077742,0.031374722719192505,0.9275075793266296,1.016908884048462,0.016767196357250214,0.00758749945089221,0.0007741032750345767,1.0092220306396484,0.009179696440696716,0.007587500382214785,0.007587500382214785,0.00862388126552105,0.00655111949890852,1.0076168775558472,-0.012302160263061523,-0.5076114535331726,0.0,-0.0072457941714674234,0.0,0.0,0.0006526327924802899,0.001,6.526328206746257e-07,4.1961669921875e-05,3e-06,77.0087890625,82.828125,262.0257339477539,0.0,19.0,0.0,0.0,0.0,0.0,0.0,0.0,0.0,0.0,0.0,0.0,0.0,0.0,0.0,47.0,47.0,47.0,1.0,47.0,47.0,47.0,1.0,0.0,1976.0,1976.0,1976.0,1.0,14.067665616050363,0.9303693240508437,0.8498367248103023,0.12208052398636937,2.7534435209818184,3.679928642231971,22.45890117296949,149.65601719202513,0.6805347308407855,0.21004367889527983,0.030173139887881704,4046.0,22.45890117296949,180.15128918549146,
20,4048.0,4048.0,0.0,4048.0,4048.0,4048.0,0.03154432028532028,1.0,0.025297999382019043,0.0007578960503451526,0.003750323783606291,0.9995050430297852,1.0311871767044067,0.03057108260691166,0.0011502900160849094,6.11036375630647e-05,1.029982089996338,0.029410086572170258,0.001160996500402689,0.001160996500402689,0.0016642026603221893,0.0006577903404831886,1.001161813735962,-0.002063155174255371,-0.10157859325408936,0.0,3.001828258675232e-05,0.0,0.0,4.759557759825839e-05,0.001,4.7595577257197874e-08,1.7881393432617188e-05,3e-06,77.0087890625,82.828125,263.15761947631836,0.0,20.0,0.0,0.0,0.0,0.0,0.0,0.0,0.0,0.0,0.0,0.0,0.0,0.0,0.0,47.0,48.0,46.0,0.5,47.0,48.0,46.0,0.5,0.0,1977.0,1977.0,1977.0,1.0,14.069899616297334,1.3572983928024769,1.028647843748331,0.17030273377895355,3.04625542787835,3.8658117102459073,134.99780337279662,149.6797831520993,0.752533455503545,0.2541126096216233,0.04207083344341738,4048.0,134.99780337279662,29.985673091446106,111.42731533106416
21,4123.0,4123.0,0.0,4123.0,4123.0,4123.0,0.03207411989569664,1.0,0.05869835615158081,0.001065359334461391,0.005917423404753208,0.9989362359046936,1.0712131261825562,0.06718690693378448,-0.0007972143939696252,9.859108831733465e-05,1.0720634460449219,0.0679846853017807,-0.0007977765053510666,0.0007977765053510666,-0.0007238537073135376,-0.0008716993033885956,0.99920254945755,0.0019948482513427734,0.11012721061706543,0.0,0.0013102613738738,0.0,0.0,6.994218392719631e-05,0.001,6.994218892941717e-08,7.2479248046875e-05,3e-06,77.0087890625,82.828125,214.54322052001953,0.0,21.0,0.0,0.0,0.0,0.0,0.0,0.0,0.0,0.0,0.0,0.0,0.0,0.0,0.0,65.5,66.0,65.0,0.5,65.5,66.0,65.0,0.5,0.0,1996.0,1996.0,1996.0,1.0,18.073106878902763,1.039549192879349,0.7878152108751237,0.09351191017776728,2.927683198824525,3.6822044546715915,26.636999696027488,137.96264793055545,0.7100856654922447,0.1910781496180266,0.022680550613089323,4123.0,26.636999696027488,154.78469974284994,
22,4124.0,4124.0,0.0,4124.0,4124.0,4124.0,0.49786376953125,1.0,0.06201508641242981,0.004298368468880653,0.010128742083907127,0.9995113611221313,1.8003958463668823,0.5879712104797363,0.006563682574778795,0.0011409521102905273,1.7883714437484741,0.5812914967536926,0.006679713726043701,0.006679713726043701,0.009811937808990479,0.003547489643096924,1.006706953048706,-0.008760213851928711,-0.6162914037704468,0.006410256493836641,-0.0010516826587263495,0.0,-0.02468135952949524,0.0006658184574916959,0.001,-0.02468070387840271,2.171875,3e-06,77.0087890625,82.828125,214.31256484985352,0.0,22.0,0.0,0.3636363744735718,0.7272727489471436,0.0,0.3636363744735718,0.7272727489471436,0.0,0.02618909813463688,0.7071053385734558,-0.7071053385734558,0.02618909813463688,0.7071053385734558,-0.7071053385734558,81.0,84.0,78.0,0.5,81.0,84.0,78.0,0.5,0.0,1981.0,1981.0,1981.0,1.0,26.11630071187392,1.0874520572833717,0.9404207658953965,0.12836997490376234,2.6984636075794697,3.661248275078833,34.68912918213755,161.21173278934518,0.6543316216245076,0.22803607320450933,0.031127539986363324,4124.0,34.68912918213755,118.88450639238211,
23,4060.0,4060.0,0.0,4060.0,4060.0,4060.0,0.01411424670368433,1.0,0.16249775886535645,0.003320524003356695,0.022133979946374893,0.9978476762771606,1.0060914754867554,0.006072998046875,0.0039570326916873455,0.0003395223757252097,1.0021181106567383,0.002115965820848942,0.003957032226026058,0.003957032226026058,0.00405358150601387,0.003860482946038246,1.003964900970459,-0.006635606288909912,-0.32676219940185547,0.0,-0.004047927912324667,0.0,0.0,0.0003600680793169886,0.001,3.600680997806194e-07,2.193450927734375e-05,3e-06,77.0087890625,82.828125,214.59917831420898,0.0,23.0,0.0,0.0,0.0,0.0,0.0,0.0,0.0,0.0,0.0,0.0,0.0,0.0,0.0,50.0,50.0,50.0,1.0,50.0,50.0,50.0,1.0,0.0,1980.0,1980.0,1980.0,1.0,14.07314245775342,0.937953959684819,0.9255841709673405,0.1282768207602203,2.836645864881575,3.7159676239825785,22.649274309631437,140.7314245775342,0.6986812475077772,0.22797639678998532,0.03159527604931534,4060.0,22.649274309631437,179.2551913362414,
24,4060.0,4060.0,0.0,4060.0,4060.0,4060.0,0.015290428884327412,1.0,0.07155227661132812,0.0009077504510059953,0.007164828944951296,0.9972118735313416,1.025679349899292,0.025103963911533356,-0.0010946339461952448,4.8121986765181646e-05,1.0267878770828247,0.026164142414927483,-0.0010601786198094487,0.0010601786198094487,-0.00018165656365454197,-0.0019387006759643555,0.9989407658576965,0.0023881196975708008,0.12305212020874023,0.0,-0.001101287838537246,0.0,0.0,6.214661284609235e-05,0.001,6.214661851799974e-08,6.4849853515625e-05,3e-06,77.0087890625,82.828125,214.21742248535156,0.0,24.0,0.0,0.0,0.0,0.0,0.0,0.0,0.0,0.0,0.0,0.0,0.0,0.0,0.0,51.0,53.0,49.0,0.5,51.0,53.0,49.0,0.5,0.0,1979.0,1979.0,1979.0,1.0,16.065535879693925,1.2535313311964273,0.9976153611205518,0.1308093210682273,3.1681133010424674,3.866021496243775,25.538200139068067,157.50525372248947,0.7803234731631693,0.24571806924151524,0.03221904459808554,4060.0,25.538200139068067,158.97753083190287,
25,4058.0,4058.0,0.0,4058.0,4058.0,4058.0,0.02270088531076908,1.0,0.022776007652282715,0.0007563239778392017,0.003157996805384755,0.9971495866775513,1.009202241897583,0.00916014052927494,0.00038916210178285837,7.700175046920776e-06,1.0088096857070923,0.008770979940891266,0.00038916151970624924,0.0007023327052593231,0.0010914942249655724,-0.0003131711855530739,1.0003894567489624,-0.0007476806640625,-0.03447985649108887,0.0,-0.0003687540738610551,0.0,0.0,4.2238583773723803e-05,0.001,4.223858596219543e-08,1.7523765563964844e-05,3e-06,77.0087890625,82.828125,214.40946578979492,0.0,25.0,0.0,0.0,0.0,0.0,0.0,0.0,0.0,0.0,0.0,0.0,0.0,0.0,0.0,48.0,48.0,48.0,1.0,48.0,48.0,48.0,1.0,0.0,1981.0,1981.0,1981.0,1.0,14.1011575111188,0.9740544641390443,0.8397061028517783,0.11777147091925144,2.7245489968918264,3.695755586028099,22.51174270408228,146.8870574074875,0.6714019213631903,0.20692609730206463,0.02902204803332958,4058.0,22.51174270408228,180.2614774583454,
26,4050.0,4050.0,0.0,4050.0,4050.0,4050.0,0.023693284019827843,1.0,0.18010938167572021,0.004394416231662035,0.0253974050283432,0.7929760217666626,1.0088801383972168,0.008840957656502724,0.004036360885947943,0.0004369368252810091,1.0048161745071411,0.004804597701877356,0.004036360420286655,0.004036360420286655,0.004140274133533239,0.0039324467070400715,1.004044532775879,-0.006434917449951172,-0.32120823860168457,0.0,-0.0036516188411042094,0.0,0.0,0.000465740158688277,0.001,4.6574018597311806e-07,2.1338462829589844e-05,3e-06,77.0087890625,82.828125,214.84750366210938,0.0,26.0,0.0,0.0,0.0,0.0,0.0,0.0,0.0,0.0,0.0,0.0,0.0,0.0,0.0,48.0,48.0,48.0,1.0,48.0,48.0,48.0,1.0,0.0,1977.0,1977.0,1977.0,1.0,14.072549025993794,0.9655710808001459,0.9345515668392181,0.12330395309254527,2.9598923111334443,3.5946330330334604,22.681807179935277,146.58905235410202,0.7308376076872702,0.2307534732936341,0.030445420516677844,4050.0,22.681807179935277,178.55720083815459,
27,4068.0,4068.0,0.0,4068.0,4068.0,4068.0,0.023883221670985222,1.0,0.1359795331954956,0.0026931751053780317,0.016499897465109825,0.9525958299636841,1.0092267990112305,0.00918431393802166,0.002784498268738389,0.00020564770966302603,1.006420373916626,0.0063998159021139145,0.002784497570246458,0.002784497570246458,0.0036280788481235504,0.0019409162923693657,1.002788782119751,-0.004785597324371338,-0.24445921182632446,0.0,-0.0029805315425619483,0.0,0.0,0.0003233125462429598,0.001,3.233125767110323e-07,4.8160552978515625e-05,3e-06,77.0087890625,82.828125,214.82324600219727,0.0,27.0,0.0,0.0,0.0,0.0,0.0,0.0,0.0,0.0,0.0,0.0,0.0,0.0,0.0,51.0,51.0,51.0,1.0,51.0,51.0,51.0,1.0,0.0,1983.0,1983.0,1983.0,1.0,16.094592867884785,0.9764739973470569,1.0104908156208694,0.0821952666155994,2.9467028942890465,4.403476390987635,25.571359259076416,157.7901261557332,0.7243615767672189,0.2483999055115215,0.02020532611002935,4068.0,25.571359259076416,159.08423008667737,
28,4098.0,4098.0,0.0,4098.0,4098.0,4098.0,0.023494098335504532,1.0,0.09163981676101685,0.002615681616589427,0.01178137119859457,0.9966550469398499,1.007364273071289,0.007337161339819431,0.0027288426645100117,0.00010120199294760823,1.0046188831329346,0.00460831867530942,0.0027288426645100117,0.0027288426645100117,0.0029742824845016003,0.002483402844518423,1.002732515335083,-0.005065500736236572,-0.23443210124969482,0.0,-0.0028902170015498996,0.0,0.0,0.00010361293971072882,0.001,1.0361294755512063e-07,1.4007091522216797e-05,3e-06,77.0087890625,82.828125,214.9409942626953,0.0,28.0,0.0,0.0,0.0,0.0,0.0,0.0,0.0,0.0,0.0,0.0,0.0,0.0,0.0,49.0,49.0,49.0,1.0,49.0,49.0,49.0,1.0,0.0,2000.0,2000.0,2000.0,1.0,16.076859046705067,1.0375874140299857,0.973606436047703,0.08730053203180432,3.2279033991508186,4.336285925935954,25.78114311117679,164.0495821092354,0.7876777450343627,0.23758087751286067,0.021303204497756058,4098.0,25.78114311117679,158.9533862919915,
29,4074.0,4074.0,0.0,4074.0,4074.0,4074.0,0.03436088562011719,1.0,0.027830183506011963,0.0011852859752252698,0.005002402234822512,0.998285710811615,1.02390718460083,0.02358703315258026,0.0009676648769527674,5.2248007705202326e-05,1.0228770971298218,0.022591179236769676,0.0009958543814718723,0.001296797301620245,0.0022926516830921173,-0.00030094292014837265,1.0009971857070923,-0.0017297863960266113,-0.07887506484985352,0.0,-0.0004643212305381894,0.0,0.0,4.209837356938806e-05,0.001,4.209837456414789e-08,2.5153160095214844e-05,3e-06,77.0087890625,82.828125,214.22011184692383,0.0,29.0,0.0,0.0,0.0,0.0,0.0,0.0,0.0,0.0,0.0,0.0,0.0,0.0,0.0,46.0,47.0,45.0,0.5,46.0,47.0,45.0,0.5,0.0,1991.0,1991.0,1991.0,1.0,14.069376761093736,1.1735170562751591,0.9562836699187756,0.09299645014107227,3.290257533080876,3.860778884962201,23.473630878143013,152.928008272758,0.8076233512716926,0.23472844131535975,0.02282681643128922,4074.0,23.473630878143013,173.55644813318682,
30,4075.0,4075.0,0.0,4075.0,4075.0,4075.0,0.016766691580414772,1.0,0.022382080554962158,0.0005783032975159585,0.002882513450458646,0.9996022582054138,1.043020486831665,0.04153735935688019,0.002739216899499297,0.00024792260956019163,1.0404154062271118,0.039088811725378036,0.0024485497269779444,0.0024485497269779444,0.004012629389762878,0.0008844700641930103,1.0024528503417969,-0.00455784797668457,-0.24702686071395874,0.0,-0.0010027956450358033,0.0,0.0,0.0002459767511506783,0.001,2.4597676429038984e-07,0.000324249267578125,3e-06,77.0087890625,82.828125,214.28634643554688,0.0,30.0,0.0,0.0,0.0,0.0,0.0,0.0,0.0,0.0,0.0,0.0,0.0,0.0,0.0,56.5,67.0,46.0,0.5,56.5,67.0,46.0,0.5,0.0,1981.0,1981.0,1981.0,1.0,16.07743880013004,1.0067164017818868,0.9459163043648005,0.13212231127545238,3.162783019244671,3.9405042179860175,25.297633946873248,142.27821947017733,0.7761430722072812,0.23212670045761974,0.03242265307373064,4075.0,25.297633946873248,161.08225807037041,
31,4074.0,4074.0,0.0,4074.0,4074.0,4074.0,0.025437192991375923,1.0,0.1461852788925171,0.003687202464789152,0.01954294927418232,0.9993915557861328,1.0332517623901367,0.03271092101931572,-0.019579105079174042,0.01419947948306799,1.0536820888519287,0.05229002237319946,-0.019579101353883743,0.019579101353883743,-0.018333740532398224,-0.020824462175369263,0.98061203956604,0.12709403038024902,7.037136077880859,0.0,0.018364636227488518,0.0,0.0,0.00953030725941062,0.001,9.530307579552755e-06,0.0017242431640625,3e-06,77.0087890625,82.828125,214.6831169128418,0.0,31.0,0.0,0.0,0.0,0.0,0.0,0.0,0.0,0.0,0.0,0.0,0.0,0.0,0.0,53.0,53.0,53.0,1.0,53.0,53.0,53.0,1.0,0.0,1984.0,1984.0,1984.0,1.0,16.08157883398235,1.1422925014048815,0.9107351670973003,0.18077175691723824,3.100686273071915,4.153830244205892,25.60509137995541,151.713007867758,0.761091377779066,0.22354815098117337,0.04437205618979829,4074.0,25.60509137995541,159.10898108292923,
32,4060.0,4060.0,0.0,4060.0,4060.0,4060.0,0.04859566316008568,1.0,0.16486293077468872,0.00879377219825983,0.031244374811649323,0.9584513902664185,1.0415349006652832,0.040694430470466614,0.002314105397090316,0.0010780096054077148,1.0391263961791992,0.038380324840545654,0.0023141056299209595,0.0023141056299209595,0.0038193203508853912,0.0008088909089565277,1.0023179054260254,-0.00037342309951782227,-0.1942177414894104,0.0,-0.0017892682226374745,0.0,0.0,0.0017618208075873554,0.001,1.7618208403291646e-06,0.0003833770751953125,3e-06,77.0087890625,82.828125,214.4764862060547,0.0,32.0,0.0,0.0,0.0,0.0,0.0,0.0,0.0,0.0,0.0,0.0,0.0,0.0,0.0,49.0,49.0,49.0,1.0,49.0,49.0,49.0,1.0,0.0,1981.0,1981.0,1981.0,1.0,16.060499696061015,1.11674914509058,0.9653870668262243,0.12528730696067214,2.9991348618641496,3.8886945992708206,25.190688886214048,163.8826499598063,0.7387031679468349,0.23778006572074492,0.030858942601150772,4060.0,25.190688886214048,161.17066184013296,
33,4058.0,4058.0,0.0,4058.0,4058.0,4058.0,0.0331370085477829,1.0,0.02888202667236328,0.0007255722302943468,0.0035813229624181986,0.9995101690292358,1.0208193063735962,0.020592741668224335,0.0010331579251214862,3.430308061069809e-05,1.0197525024414062,0.01954958587884903,0.0010431576520204544,0.0010431576520204544,0.0015332065522670746,0.0005531087517738342,1.0010437965393066,-0.0019324421882629395,-0.09533870220184326,0.0,-0.0009213415905833244,0.0,0.0,3.2274698796186385e-05,0.001,3.2274702022050406e-08,2.0265579223632812e-05,3e-06,77.0087890625,82.828125,214.4603614807129,0.0,33.0,0.0,0.0,0.0,0.0,0.0,0.0,0.0,0.0,0.0,0.0,0.0,0.0,0.0,49.0,50.0,48.0,0.5,49.0,50.0,48.0,0.5,0.0,1980.0,1980.0,1980.0,1.0,16.074681968893856,1.0393809541128576,0.9256513542495668,0.12166745122522116,3.05255557410419,4.460366467945278,25.70538677321747,164.02736702952913,0.7522315362504164,0.22810531154498936,0.029982122036772092,4058.0,25.70538677321747,157.86574369805024,
34,4075.0,4075.0,0.0,4075.0,4075.0,4075.0,0.039824478328228,1.0,0.049124956130981445,0.001331640756689012,0.006541321985423565,0.9975448846817017,1.0295614004135132,0.029112350195646286,-0.00036126369377598166,6.013835081830621e-05,1.0299656391143799,0.029513128101825714,-0.0004007788375020027,0.0014356942847371101,0.0010349154472351074,-0.0018364731222391129,0.9996002912521362,0.0009648799896240234,0.05273008346557617,0.0,-2.2135654376143066e-05,0.0,0.0,8.725517818675144e-05,0.001,8.725518085839212e-08,2.5033950805664062e-05,3e-06,77.0087890625,82.828125,214.5035858154297,0.0,34.0,0.0,0.0,0.0,0.0,0.0,0.0,0.0,0.0,0.0,0.0,0.0,0.0,0.0,54.5,56.0,53.0,0.5,54.5,56.0,53.0,0.5,0.0,1983.0,1983.0,1983.0,1.0,16.079039662145078,1.1082224762067199,0.9286350640468299,0.1186549449339509,3.168856453150511,3.835593683179468,25.27440543519333,147.51412534078054,0.7776334854357082,0.22788590528756564,0.029117777897902063,4075.0,25.27440543519333,161.2303011617345,
35,10262.0,10262.0,0.0,10262.0,10262.0,10262.0,0.03195725381374359,1.0,0.5794358849525452,0.005252878647297621,0.045001670718193054,0.8417286276817322,1.019525408744812,0.019337154924869537,0.007927167229354382,0.002305947942659259,1.0114753246307373,0.011409986764192581,0.007927168160676956,0.007927168160676956,0.008259212598204613,0.007595124654471874,1.0079586505889893,-0.008639156818389893,-0.9276149868965149,0.0,-0.008240699768066406,0.0,0.0,0.0018454176024533808,0.001,1.8454177279636497e-06,0.00011444091796875,3e-06,77.0087890625,82.828125,214.76823806762695,0.0,35.0,0.0,0.0,0.0,0.0,0.0,0.0,0.0,0.0,0.0,0.0,0.0,0.0,0.0,166.0,166.0,166.0,1.0,166.0,166.0,166.0,1.0,0.0,4965.0,4965.0,4965.0,1.0,48.17271234700456,1.3674350017681718,1.2971447268500924,0.11106425896286964,3.9284648839384317,3.8379691331647336,58.77178913587704,145.0985311656764,0.3828166910873545,0.12640272138472933,0.010822866786481158,10262.0,58.77178913587704,174.60758215603812,
36,10280.0,10280.0,0.0,10280.0,10280.0,10280.0,0.18121667206287384,1.0,0.09529003500938416,0.0021789672318845987,0.007902869954705238,0.9992250800132751,1.163932204246521,0.15049344301223755,-0.0011880104430019855,0.00020060877432115376,1.1653505563735962,0.1517004519701004,-0.001207008957862854,0.001207008957862854,-0.000996708869934082,-0.001417309045791626,0.9987937211990356,0.003201007843017578,0.4843606948852539,0.0,0.00022982951486483216,0.0,-0.06329154968261719,0.0003108624441665597,0.001,-0.06329122185707092,0.98828125,3e-06,77.0087890625,82.828125,214.32891464233398,0.0,36.0,0.0,0.3076923191547394,0.6153846383094788,0.0,0.3076923191547394,0.6153846383094788,0.0,0.06389503926038742,0.7071051597595215,-0.7071051597595215,0.06389503926038742,0.7071051597595215,-0.7071051597595215,166.0,181.0,151.0,0.5,166.0,181.0,151.0,0.5,0.0,4974.0,4974.0,4974.0,1.0,50.152594121173024,1.3898372892290354,1.211571044754237,0.12075844500213861,3.965934461914003,3.05620056996122,59.93352103792131,151.06203048546092,0.38579129006945556,0.11785710552084017,0.011746930447678853,10280.0,59.93352103792131,171.52337826932626,
37,953.0,953.0,0.0,953.0,953.0,953.0,0.14643245935440063,1.0,0.04276549816131592,0.0033251710701733828,0.009223727509379387,0.9986952543258667,1.1315879821777344,0.12133528292179108,0.0028630162123590708,0.0002269068208988756,1.127392053604126,0.11799831688404083,0.0033369679003953934,0.0058454107493162155,0.009182378649711609,-0.002508442848920822,1.0033596754074097,-0.004835605621337891,-0.0813106894493103,0.0,0.0,0.0,0.0,0.0006088437257858459,0.001,6.088437203288777e-07,0.00067901611328125,3e-06,77.0087890625,82.828125,214.92906188964844,0.0,37.0,0.0,0.0,0.0,0.0,0.0,0.0,0.0,0.0,0.0,0.0,0.0,0.0,0.0,18.5,20.0,17.0,0.5,18.5,20.0,17.0,0.5,0.0,458.0,458.0,458.0,1.0,6.051545347087085,1.2312664529308677,0.9032020950689912,0.09973808471113443,2.620496868621558,3.1906490810215473,14.151218618266284,163.5552796510023,2.7497343847025792,0.9477461648153108,0.10465696192144222,953.0,14.151218618266284,67.34402355779275,
38,1903.0,1903.0,0.0,1903.0,1903.0,1903.0,0.1495317667722702,1.0,0.02224460244178772,0.001309013576246798,0.004130329936742783,0.9997319579124451,1.1225473880767822,0.11458505690097809,0.001174021977931261,0.00019118699128739536,1.1211402416229248,0.1135171502828598,0.001067914068698883,0.00435059517621994,0.005418509244918823,-0.003282681107521057,1.0010778903961182,-0.0016015172004699707,-0.03161042928695679,0.0,-0.0013942968216724694,0.0,0.0,7.61034975766961e-05,0.001,7.610349683773165e-08,7.677078247070312e-05,3e-06,77.0087890625,82.828125,215.42670440673828,0.0,38.0,0.0,0.0,0.0,0.0,0.0,0.0,0.0,0.0,0.0,0.0,0.0,0.0,0.0,20.5,21.0,20.0,0.5,20.5,21.0,20.0,0.5,0.0,931.0,931.0,931.0,1.0,6.055632247123867,0.885205261874944,0.9604324921965599,0.07945410860702395,2.68465560907498,3.0594123043119907,13.756690445821732,147.69834749082602,1.4107491377167525,0.5046939002609353,0.04175202764425852,1903.0,13.756690445821732,138.33269037306798,
39,4052.0,4052.0,0.0,4052.0,4052.0,4052.0,0.02836458943784237,1.0,0.02670443058013916,0.0006441004807129502,0.0032151786144822836,0.9996989965438843,1.0454699993133545,0.04445827752351761,-0.0013921487843617797,6.8317873228807e-05,1.046891450881958,0.045814551413059235,-0.0013562757521867752,0.0013562757521867752,-0.0007704608142375946,-0.0019420906901359558,0.9986448287963867,0.0030673742294311523,0.14863848686218262,0.0,0.00212538113919436,0.0,0.0,6.629860979501245e-05,0.001,6.629861104556767e-08,7.43865966796875e-05,3e-06,77.0087890625,82.828125,215.2889289855957,0.0,39.0,0.0,0.0,0.0,0.0,0.0,0.0,0.0,0.0,0.0,0.0,0.0,0.0,0.0,49.0,52.0,46.0,0.5,49.0,52.0,46.0,0.5,0.0,1977.0,1977.0,1977.0,1.0,14.07114769378677,0.9279920486733317,0.8269142690114677,0.1250039772130549,2.81709977472201,2.9795131338760257,21.77886973368004,143.58313973251805,0.6952368644427468,0.2040755846523859,0.030849945018029342,4052.0,21.77886973368004,186.0518956929048,
40,4060.0,4060.0,0.0,4060.0,4060.0,4060.0,0.04630039259791374,1.0,0.02884984016418457,0.0010190157918259501,0.004639810416847467,0.9992123246192932,1.0408819913864136,0.039963558316230774,-0.0011677418369799852,8.015513594727963e-05,1.04204261302948,0.04104403406381607,-0.0010804738849401474,0.002181669697165489,0.0011011958122253418,-0.0032621435821056366,0.9989224672317505,0.00266420841217041,0.15179705619812012,0.0,0.0018942233291454613,0.0,0.0,3.142416426271666e-05,0.001,3.142416460377717e-08,7.241964340209961e-06,3e-06,77.0087890625,82.828125,215.17200088500977,0.0,40.0,0.0,0.0,0.0,0.0,0.0,0.0,0.0,0.0,0.0,0.0,0.0,0.0,0.0,50.0,52.0,48.0,0.5,50.0,52.0,48.0,0.5,0.0,1980.0,1980.0,1980.0,1.0,14.066714191343635,0.9081365969032049,0.840758949983865,0.12085589673370123,2.7729582018218935,3.6987364082597196,140.89437465462834,140.66714191343635,0.6829946309906142,0.20708348521770076,0.029767462249680104,4060.0,140.89437465462834,28.815912700221,118.44127722503617
41,4296.0,4296.0,0.0,4296.0,4296.0,4296.0,0.0301627516746521,1.0,0.2644914984703064,0.005871558096259832,0.031090684235095978,0.8818080425262451,1.0149701833724976,0.014859190210700035,0.006326052360236645,0.0007938622729852796,1.0085697174072266,0.00853313785046339,0.0063260518945753574,0.0063260518945753574,0.0066263023763895035,0.006025801412761211,1.0063462257385254,-0.009753227233886719,-0.7064063549041748,0.0,-0.0062383178155869246,0.0,0.0,0.0008284836367238313,0.001,8.284836781058402e-07,2.682209014892578e-05,3e-06,77.0087890625,82.828125,215.24451065063477,0.0,41.0,0.0,0.0,0.0,0.0,0.0,0.0,0.0,0.0,0.0,0.0,0.0,0.0,0.0,97.0,97.0,97.0,1.0,97.0,97.0,97.0,1.0,0.0,2051.0,2051.0,2051.0,1.0,36.12477135332301,1.105889221187681,0.9400841630995274,0.12064334796741605,3.2521232538856566,4.675465542823076,46.28397577768192,186.21016161506708,0.7570119306065308,0.2188277847065939,0.02808271600731286,4296.0,46.28397577768192,92.81830110350042,
42,2097.0,2097.0,0.0,2097.0,2097.0,2097.0,0.3067704439163208,1.0,0.029747366905212402,0.0027563234325498343,0.0071082282811403275,0.9997177124023438,1.771930456161499,0.5053310990333557,0.005368823651224375,0.00020800215133931488,1.7622437477111816,0.4999391734600067,0.005391910672187805,0.005391910672187805,0.0056459903717041016,0.005137830972671509,1.0054064989089966,-0.009924113750457764,-0.16233819723129272,0.0,0.0004988457076251507,0.0,0.0,0.0005640911404043436,0.001,5.640911808768578e-07,0.0005950927734375,3e-06,77.0087890625,82.828125,215.38422393798828,0.0,42.0,0.0,0.0,0.0,0.0,0.0,0.0,0.0,0.0,0.0,0.0,0.0,0.0,0.0,16.5,18.0,15.0,0.5,16.5,18.0,15.0,0.5,0.0,1032.0,1032.0,1032.0,1.0,8.065026388969272,1.2830331888981164,1.0591297750361264,0.1340084746479988,3.9586445027962327,4.970627872738987,19.53049213718623,244.39473905967492,1.8877656188823237,0.5050690391207088,0.06390485200190692,2097.0,19.53049213718623,107.37056625456424,
43,3175.0,3175.0,0.0,3175.0,3175.0,3175.0,0.799567461013794,1.0,0.058872222900390625,0.003379756584763527,0.007530034054070711,0.9997390508651733,1.7373203039169312,0.47010356187820435,0.0006363047286868095,0.0005159692955203354,1.7361117601394653,0.46935218572616577,0.0007513798773288727,0.0007513798773288727,0.0008940175175666809,0.0006087422370910645,1.0007517337799072,0.0007781982421875,-0.2680482864379883,0.0,-0.0013964505051262677,0.0,0.571293942630291,0.0004374685595394112,0.001,0.5712944269180298,0.625,3e-06,77.0087890625,82.828125,215.04142379760742,0.0,43.0,0.0,0.24888888001441956,0.3199999928474426,0.17777778208255768,0.24888888001441956,0.3199999928474426,0.17777778208255768,-0.5706650018692017,0.7070998549461365,-0.7070996761322021,-0.5706650018692017,0.7070998549461365,-0.7070996761322021,269.5,487.0,52.0,0.5,269.5,487.0,52.0,0.5,0.0,1318.0,1318.0,1318.0,1.0,72.1831826819107,0.9218847691081464,0.8660712540149689,0.17087749764323235,3.788250384386629,4.869813357014209,82.83835569722578,133.92056156198643,1.1931497273658673,0.27277834772125004,0.053819684297081054,3175.0,82.83835569722578,38.32765599071795,
44,7900.0,7900.0,0.0,7900.0,7900.0,7900.0,0.01301166508346796,1.0,0.2434023767709732,0.004959403071552515,0.02530740760266781,0.9020013809204102,1.011817216873169,0.01171942800283432,0.001970177749171853,0.0020032566972076893,1.0098013877868652,0.00974925048649311,0.001970177050679922,0.0045847115106880665,0.006554888561367989,-0.0026145344600081444,1.0019826889038086,0.002505779266357422,0.019704341888427734,0.0,-0.0015444421442225575,0.0,0.0,0.0002804558025673032,0.001,2.8045582212143927e-07,0.0002765655517578125,3e-06,77.0087890625,82.828125,215.40913772583008,0.0,44.0,0.0,1.0,1.0,1.0,1.0,1.0,1.0,0.0,0.0,0.0,0.0,0.0,0.0,114.0,114.0,114.0,1.0,114.0,114.0,114.0,1.0,0.0,3836.0,3836.0,3836.0,1.0,36.130885371007025,16.404758016578853,1.2408829601481557,0.1344982422888279,21.836171440780163,4.482303763739765,80.26685476815328,158.46879548687292,2.76407233427597,0.15707379242381717,0.017025093960611127,7900.0,80.26685476815328,98.42169626328013,
45,4316.0,4316.0,0.0,4316.0,4316.0,4316.0,0.034255482256412506,1.0,0.22105693817138672,0.005954292602837086,0.027910461649298668,0.9750584959983826,1.058026671409607,0.05623754858970642,0.003319683950394392,0.005813883151859045,1.0543630123138428,0.05291786789894104,0.0033196844160556793,0.012173555791378021,0.0154932402074337,-0.008853871375322342,1.0033996105194092,0.0210036039352417,2.0120506286621094,0.0,-0.003887421451508999,0.0,0.0,0.006577780237421393,0.001,6.5777803683886304e-06,0.0004673004150390625,3e-06,77.0087890625,82.828125,215.31517791748047,0.0,45.0,0.0,0.0,0.0,0.0,0.0,0.0,0.0,0.0,0.0,0.0,0.0,0.0,0.0,101.0,101.0,101.0,1.0,101.0,101.0,101.0,1.0,0.0,2057.0,2057.0,2057.0,1.0,32.11306351609528,0.9203456938266754,0.8572992482222617,0.12078665383160114,2.7742520309984684,3.467417940031737,40.286819125991315,158.97556196086774,0.642783139712342,0.19863281932860558,0.027985786337256985,4316.0,40.286819125991315,107.13181367092602,
46,2657.0,2657.0,0.0,2657.0,2657.0,2657.0,0.7137631177902222,1.0,0.05039381980895996,0.003641310380771756,0.00768756540492177,0.9996971487998962,1.5605159997940063,0.383232444524765,0.0004417533054947853,0.0004402139165904373,1.5597496032714844,0.3827047646045685,0.0005276734009385109,0.0005276734009385109,0.0006347168236970901,0.00042062997817993164,1.0005278587341309,0.0008795261383056641,-0.18594706058502197,0.0,0.00019614440589066362,0.0,-0.5667826160788536,0.000539470606327086,0.001,-0.5667820572853088,0.59375,3e-06,77.0087890625,82.828125,262.80994033813477,0.0,46.0,0.0,0.5888888835906982,1.0,0.17777778208255768,0.5888888835906982,1.0,0.17777778208255768,0.5665449500083923,0.7071055769920349,-0.7071055769920349,0.5665449500083923,0.7071055769920349,-0.7071055769920349,246.5,444.0,49.0,0.5,246.5,444.0,49.0,0.5,0.0,1082.0,1082.0,1082.0,1.0,66.17622738471255,1.3123698108829558,0.8678232822567225,0.124279725831002,2.898819535970688,3.4208413558080792,74.85521163605154,134.23169854911268,1.091012245378505,0.3266177200815666,0.04677445458449454,2657.0,74.85521163605154,35.49519054088605,
47,7951.0,7951.0,0.0,7951.0,7951.0,7951.0,0.022358497604727745,1.0,0.03990894556045532,0.0007323503377847373,0.0042548938654363155,0.9981131553649902,1.01593017578125,0.01577087864279747,-0.0006063128239475191,0.0001244869636138901,1.0165777206420898,0.016394708305597305,-0.0006238310597836971,0.001500860322266817,0.00087702926248312,-0.0021246913820505142,0.9993774890899658,0.0017442703247070312,0.25577354431152344,0.0,0.0010939409112324938,0.0,-0.008707106113433838,0.00015730014274595305,0.001,-0.008706927299499512,0.265625,3e-06,77.0087890625,82.828125,264.1000556945801,0.0,47.0,0.0,0.855555534362793,1.0,0.7111111283302307,0.855555534362793,1.0,0.7111111283302307,0.008254257962107658,0.7071034908294678,-0.7071031928062439,0.008254257962107658,0.7071034908294678,-0.7071031928062439,128.5,130.0,127.0,0.5,128.5,130.0,127.0,0.5,0.0,3847.0,3847.0,3847.0,1.0,38.14156187791377,1.274625682272017,1.1261069127358496,0.12850009370595217,3.2923654639162123,3.736469108145684,47.762951456941664,148.41074660666837,0.41408193484042416,0.14163085306701667,0.01616150090629508,7951.0,47.762951456941664,166.46793712419202,
48,4069.0,4069.0,0.0,4069.0,4069.0,4069.0,0.056532490998506546,1.0,0.02240055799484253,0.0007918758783489466,0.0038329153321683407,0.999592661857605,1.056894302368164,0.05530016869306564,0.0008565182215534151,5.7853096222970635e-05,1.055936336517334,0.05440361052751541,0.0008965563029050827,0.001347845420241356,0.0022444017231464386,-0.0004512891173362732,1.0008978843688965,-0.0014879703521728516,-0.07469433546066284,0.0,-0.0006848253251519054,0.0,0.0,9.627566578274127e-05,0.001,9.62756701028411e-08,4.649162292480469e-05,3e-06,77.0087890625,82.828125,264.3859100341797,0.0,48.0,0.0,0.0,0.0,0.0,0.0,0.0,0.0,0.0,0.0,0.0,0.0,0.0,0.0,50.5,52.0,49.0,0.5,50.5,52.0,49.0,0.5,0.0,1984.0,1984.0,1984.0,1.0,16.07870514690876,0.9801313099451363,0.8928135349415243,0.11196166137233377,2.811047879047692,3.2797789932228625,24.185456573963165,159.19510046444316,0.6908448953176928,0.21941841605837412,0.027515768339231694,4069.0,24.185456573963165,168.24160369089245,
49,5368.0,5368.0,0.0,5368.0,5368.0,5368.0,0.1504310518503189,1.0,0.04430539906024933,0.002284438582137227,0.006668674759566784,0.9994149804115295,1.1445401906967163,0.13499586284160614,0.0027480600401759148,0.00017589160415809602,1.141451120376587,0.1322871297597885,0.002708733081817627,0.002708733081817627,0.004084691405296326,0.0013327747583389282,1.0027134418487549,-0.004820883274078369,-0.30522680282592773,0.0,-0.0016434465069323778,0.0,0.023518383502960205,0.00030905051971785724,0.001,0.023518681526184082,0.72265625,3e-06,77.0087890625,82.828125,264.7339897155762,0.0,49.0,0.0,0.5,0.6000000238418579,0.4000000059604645,0.5,0.6000000238418579,0.4000000059604645,-0.02020278573036194,0.7071019411087036,-0.7071017026901245,-0.02020278573036194,0.7071019411087036,-0.7071017026901245,70.0,72.0,68.0,0.5,70.0,72.0,68.0,0.5,0.0,2614.0,2614.0,2614.0,1.0,22.084125421009958,1.2384478198364377,0.9170383578166366,0.12319544376805425,2.968049027957022,4.219148106873035,31.571797267068177,157.743753007214,0.5529152436581636,0.17083426933990994,0.022949970895688197,5368.0,31.571797267068177,170.02516374318793,
50,3442.0,3442.0,0.0,3442.0,3442.0,3442.0,0.020508548244833946,1.0,0.019371449947357178,0.0004030339478049427,0.00212636380456388,0.9997650384902954,1.0310479402542114,0.030214430764317513,0.0011111166095361114,7.50422477722168e-05,1.0300869941711426,0.029298603534698486,0.0009158283937722445,0.0009158283937722445,0.0015407577157020569,0.000290899071842432,1.0009164810180664,-0.0019327998161315918,-0.09773474931716919,0.0,0.0001105395258491626,0.0,-0.2208586484193802,7.57823436288163e-05,0.001,-0.22085855901241302,0.765625,3e-06,77.0087890625,82.828125,264.85586166381836,0.0,50.0,0.0,0.7285714149475098,1.0,0.4571428596973419,0.7285714149475098,1.0,0.4571428596973419,0.22097034752368927,0.7071049809455872,-0.7071048617362976,0.22097034752368927,0.7071049809455872,-0.7071048617362976,48.0,63.0,33.0,0.5,48.0,63.0,33.0,0.5,0.0,1673.0,1673.0,1673.0,1.0,16.080736869946122,0.998347903136164,0.9532087091356516,0.12969108298420906,3.566263997927308,4.095178166870028,25.880372834857553,167.50767572860545,1.0361022655221697,0.27693454652401267,0.037678989826905596,3442.0,25.880372834857553,132.99653841787264,
51,3446.0,3446.0,0.0,3446.0,3446.0,3446.0,0.011556667275726795,1.0,0.07014000415802002,0.002179806586354971,0.009284082800149918,0.8797321319580078,1.0018861293792725,0.0018843361176550388,-0.0021172345150262117,5.1559312851168215e-05,1.0040096044540405,0.00400156993418932,-0.002117234282195568,0.002117234282195568,-0.001853911904618144,-0.0023805564269423485,0.99788498878479,0.004445314407348633,0.2154068946838379,0.0,0.0018309095758013427,0.0,0.0,3.691147321660537e-05,0.001,3.69114729892317e-08,9.5367431640625e-06,3e-06,77.0087890625,82.828125,216.30276489257812,0.0,51.0,0.0,1.0,1.0,1.0,1.0,1.0,1.0,0.0,0.0,0.0,0.0,0.0,0.0,46.0,46.0,46.0,1.0,46.0,46.0,46.0,1.0,0.0,1677.0,1677.0,1677.0,1.0,14.080776547081769,1.0520060751587152,0.9693578779697418,0.12227083230391145,3.0819055889733136,3.965334691107273,23.304000778123736,153.05191899001923,0.894342887107752,0.2812994422431056,0.03548195946137883,3446.0,23.304000778123736,147.87160508657715,
52,4102.0,4102.0,0.0,4102.0,4102.0,4102.0,0.059249285608530045,1.0,0.15248310565948486,0.0035085997078567743,0.017999941483139992,0.9850640296936035,1.0372200012207031,0.03649026155471802,-0.000977350166067481,0.0007243893924169242,1.0382262468338013,0.03745608776807785,-0.0009658224880695343,0.0009658224880695343,-0.0006142109632492065,-0.001317434012889862,0.9990347027778625,0.004896640777587891,0.1278684139251709,0.0,-0.0016595236957073212,0.0,0.0,0.00012148549649282359,0.001,1.2148549899393402e-07,9.1552734375e-05,3e-06,77.0087890625,82.828125,216.1056900024414,0.0,52.0,0.0,0.0,0.0,0.0,0.0,0.0,0.0,0.0,0.0,0.0,0.0,0.0,0.0,61.0,63.0,59.0,0.5,61.0,63.0,59.0,0.5,0.0,1990.0,1990.0,1990.0,1.0,16.078345451969653,1.040056400001049,0.9244881519116461,0.12012590281665325,2.6768297040835023,3.415507343132049,24.28973552910611,131.78971681942338,0.6525669683284988,0.2253749760876758,0.02928471545993497,4102.0,24.28973552910611,168.87791944398163,
53,7949.0,7949.0,0.0,7949.0,7949.0,7949.0,0.20568709075450897,1.0,0.1195468008518219,0.004093797877430916,0.014685842208564281,0.9975923895835876,1.2265900373458862,0.1905364692211151,0.0020237150602042675,0.0008842991665005684,1.2241735458374023,0.1884881854057312,0.002048283815383911,0.002048283815383911,0.0025115907192230225,0.0015849769115447998,1.0020503997802734,-0.000665128231048584,-0.4331611394882202,0.00671140942722559,0.0028545609093271196,0.0,-0.037970125675201416,0.0004706563886429649,0.001,-0.03796964883804321,1.046875,3e-06,77.0087890625,82.828125,216.67584228515625,0.0,53.0,0.0,0.2222222238779068,0.4444444477558136,0.0,0.2222222238779068,0.4444444477558136,0.0,0.03747904673218727,0.707104504108429,-0.707104504108429,0.03747904673218727,0.707104504108429,-0.707104504108429,141.5,149.0,134.0,0.5,141.5,149.0,134.0,0.5,0.0,3833.0,3833.0,3833.0,1.0,38.141678989864886,1.283261510077864,1.1548181977123022,0.1189501229673624,3.4439412322826684,4.197165064979345,48.37130625080317,134.7762508475791,0.4332546524446683,0.14527842467131744,0.014964161903052258,7949.0,48.37130625080317,164.33296133837635,
54,4082.0,4082.0,0.0,4082.0,4082.0,4082.0,0.029560022056102753,1.0,0.017839431762695312,0.0006256183842197061,0.0025230736937373877,0.9996254444122314,1.0343408584594727,0.03346143662929535,-0.0010032870341092348,6.892074452480301e-05,1.0352426767349243,0.034308068454265594,-0.0008466318249702454,0.0009921491146087646,0.0001455172896385193,-0.00183878093957901,0.9991542100906372,0.0022929906845092773,0.13041901588439941,0.0,-0.0001769607715687016,0.0,0.0,9.587459771864815e-06,0.001,9.587459715021396e-09,4.589557647705078e-06,3e-06,77.0087890625,82.828125,217.75956344604492,0.0,54.0,0.0,0.0,0.0,0.0,0.0,0.0,0.0,0.0,0.0,0.0,0.0,0.0,0.0,57.0,66.0,48.0,0.5,57.0,66.0,48.0,0.5,0.0,1984.0,1984.0,1984.0,1.0,16.069575948175043,1.0419398248195648,1.0020091901533306,0.11866062926128507,3.302973843179643,4.146169648971409,25.71154878893867,140.96119252785127,0.8091557675599321,0.2454701592732314,0.029069237937600457,4082.0,25.71154878893867,158.76134236441297,
55,4050.0,4050.0,0.0,4050.0,4050.0,4050.0,0.0366070456802845,1.0,0.2346203327178955,0.006929892580956221,0.03470129892230034,0.9368650317192078,1.0191380977630615,0.018957335501909256,0.008861125446856022,0.0010537318885326385,1.0101473331451416,0.010096210986375809,0.008861124515533447,0.008861124515533447,0.008976425044238567,0.008745824918150902,1.00890052318573,-0.013884544372558594,-0.5728443264961243,0.0,-0.008789022453129292,0.0,0.0,0.0009164270013570786,0.001,9.164270977635169e-07,4.9114227294921875e-05,3e-06,77.0087890625,82.828125,219.23322296142578,0.0,55.0,0.0,0.0,0.0,0.0,0.0,0.0,0.0,0.0,0.0,0.0,0.0,0.0,0.0,48.0,48.0,48.0,1.0,48.0,48.0,48.0,1.0,0.0,1977.0,1977.0,1977.0,1.0,16.122579872142524,0.9536085189320147,1.0139130540192127,0.12772509828209877,3.057333540171385,4.407845809590071,25.714814241044223,167.94354033481795,0.7548971704126876,0.2503489022269661,0.03153706130422192,4050.0,25.714814241044223,157.49676284014012,
56,3912.0,3912.0,0.0,3912.0,3912.0,3912.0,0.7090352177619934,1.0,0.06146681308746338,0.0041821119375526905,0.009396126493811607,0.9996352195739746,2.409254550933838,0.8692517280578613,0.00047094441833905876,0.0008885340648703277,2.4112772941589355,0.8695114254951477,-0.00025966763496398926,0.004048675298690796,0.0037890076637268066,-0.004308342933654785,0.9997485876083374,0.0026525259017944336,0.4311342239379883,0.0,-0.0030995311681181192,0.0,0.12880060076713562,0.0013724086747970432,0.001,0.12880197167396545,1.34375,3e-06,77.0087890625,82.828125,227.9363136291504,0.0,56.0,0.0,0.24888888001441956,0.3199999928474426,0.17777778208255768,0.24888888001441956,0.3199999928474426,0.17777778208255768,-0.12759685516357422,0.7070998549461365,-0.7070996761322021,-0.12759685516357422,0.7070998549461365,-0.7070996761322021,133.0,157.0,109.0,0.5,133.0,157.0,109.0,0.5,0.0,1823.0,1823.0,1823.0,1.0,44.141604432836175,1.0217968071810901,1.0093124378472567,0.09721463406458497,2.8450794531963766,3.4281659978441894,52.60451167495921,165.9458813264518,0.7272697988743294,0.25800420190369544,0.02485036658092663,3912.0,52.60451167495921,74.36624493678532,
57,4310.0,4310.0,0.0,4310.0,4310.0,4310.0,0.019975000992417336,1.0,0.026578426361083984,0.00031763268634676933,0.0021141720935702324,0.9996742010116577,1.0169042348861694,0.016716185957193375,-0.00022463839559350163,1.8169750546803698e-05,1.0171329975128174,0.01693827472627163,-0.00022208807058632374,0.00028317864052951336,6.109056994318962e-05,-0.0005052667111158371,0.9997779130935669,0.0005240440368652344,0.05324137210845947,0.0,-0.0001548565887787845,0.0,0.0,7.759343674251795e-07,0.001,7.759344278213121e-10,4.880130290985107e-07,3e-06,77.0087890625,82.828125,236.4377212524414,0.0,57.0,0.0,0.0,0.0,0.0,0.0,0.0,0.0,0.0,0.0,0.0,0.0,0.0,0.0,111.0,112.0,110.0,0.5,111.0,112.0,110.0,0.5,0.0,2044.0,2044.0,2044.0,1.0,32.12259631184861,0.9691757820546627,0.957966280169785,0.1313890516757965,2.9608710082247853,4.009016443043947,41.184191446751356,144.69637978310186,0.6869770320707158,0.22226595827605222,0.030484698764685965,4310.0,41.184191446751356,104.65180567093485,
58,4306.0,4306.0,0.0,4306.0,4306.0,4306.0,0.02061602473258972,1.0,0.04910661280155182,0.0005170383956283331,0.004048670642077923,0.9982678890228271,1.014338731765747,0.014225938357412815,0.0004894016310572624,7.717297557974234e-05,1.013826847076416,0.013725926168262959,0.0005000121891498566,0.0011565182358026505,0.001656530424952507,-0.0006565060466527939,1.0005007982254028,-0.0006861686706542969,-0.07270598411560059,0.0,-0.00040058929880615324,0.0,0.0,4.1513540054438636e-05,0.001,4.1513544601912145e-08,8.96453857421875e-05,3e-06,77.0087890625,82.828125,254.0851058959961,0.0,58.0,0.0,0.0,0.0,0.0,0.0,0.0,0.0,0.0,0.0,0.0,0.0,0.0,0.0,109.0,110.0,108.0,0.5,109.0,110.0,108.0,0.5,0.0,2044.0,2044.0,2044.0,1.0,38.159928725101054,1.237152174115181,0.9624011307023466,0.12847493635490537,3.3307521073147655,4.18317129323259,48.031693536322564,175.04554461055528,0.7735141912017569,0.22350235269446042,0.029836260184604127,4306.0,48.031693536322564,89.64913961952462,
59,4048.0,4048.0,0.0,4048.0,4048.0,4048.0,0.032004594802856445,1.0,0.020923495292663574,0.000693714537192136,0.003446605522185564,0.9993904829025269,1.0254712104797363,0.025077126920223236,-0.0010242968564853072,5.804312604595907e-05,1.0265097618103027,0.02606935054063797,-0.0009922245517373085,0.0015393560752272606,0.0005471315234899521,-0.002531580626964569,0.9990094900131226,0.0022878646850585938,0.11572599411010742,0.0,5.349644743546378e-05,0.0,0.0,4.9306082171796106e-05,0.001,4.930608454856156e-08,3.4332275390625e-05,3e-06,77.0087890625,82.828125,271.3423156738281,0.0,59.0,0.0,0.0,0.0,0.0,0.0,0.0,0.0,0.0,0.0,0.0,0.0,0.0,0.0,48.0,49.0,47.0,0.5,48.0,49.0,47.0,0.5,0.0,1976.0,1976.0,1976.0,1.0,16.08035334898159,0.9640629258938134,1.0499002011492848,0.05909757316112518,3.482630874030292,4.117980547249317,25.78883936908096,167.50368071855823,0.8603337139402896,0.25936269791237276,0.014599202856009186,4048.0,25.78883936908096,156.9671260527247,
60,3432.0,3432.0,0.0,3432.0,3432.0,3432.0,0.021933656185865402,1.0,0.08783656358718872,0.003917628433555365,0.014559749513864517,0.9933540225028992,1.0046577453613281,0.004646903835237026,-0.004090092144906521,0.00014961864508222789,1.008775234222412,0.008736995980143547,-0.004090092144906521,0.004090092144906521,-0.004050451330840588,-0.004129732493311167,0.9959182739257812,0.008796334266662598,0.36458659172058105,0.0,0.003369105514138937,0.0,0.0,0.0001244074410351459,0.001,1.2440744967534556e-07,1.7642974853515625e-05,3e-06,77.0087890625,82.828125,279.086856842041,0.0,60.0,0.0,0.4000000059604645,0.4000000059604645,0.4000000059604645,0.4000000059604645,0.4000000059604645,0.4000000059604645,0.0,0.0,0.0,0.0,0.0,0.0,38.0,38.0,38.0,1.0,38.0,38.0,38.0,1.0,0.0,1678.0,1678.0,1678.0,1.0,14.072575834579766,1.1995879150927067,1.087867007125169,0.129138913936913,3.1605721497908235,4.387576084118336,140.9991216789931,185.1654715076285,0.9209126310579322,0.3169775661786623,0.03762788867625671,3432.0,140.9991216789931,24.340577154895286,116.93127801083028
61,4352.0,4352.0,0.0,4352.0,4352.0,4352.0,0.02502862922847271,1.0,0.028228044509887695,0.0005828746361657977,0.00292105320841074,0.9996288418769836,1.043088674545288,0.04156488552689552,0.0009217896731570363,6.428192864404991e-05,1.0422229766845703,0.040779829025268555,0.0007850572001188993,0.0013042271602898836,0.002089284360408783,-0.0005191699601709843,1.000786304473877,-0.0015951991081237793,-0.1568528413772583,0.0,0.0003110287798335776,0.0,0.0,6.879794091219082e-05,0.001,6.879794511860382e-08,4.649162292480469e-05,3e-06,77.0087890625,82.828125,311.55537033081055,0.0,61.0,0.0,0.0,0.0,0.0,0.0,0.0,0.0,0.0,0.0,0.0,0.0,0.0,0.0,124.0,137.0,111.0,0.5,124.0,137.0,111.0,0.5,0.0,2052.0,2052.0,2052.0,1.0,34.13576806988567,1.2669374262914062,1.046211319975555,0.12431179312989116,3.715224077925086,4.3189144199714065,44.64439658494666,137.64422608824867,0.8536820031996981,0.2403978216855595,0.028564290700802197,4352.0,44.64439658494666,97.48143849854208,
62,3106.0,3106.0,0.0,3106.0,3106.0,3106.0,0.4574153423309326,1.0,0.03702735900878906,0.0033330321311950684,0.007191513665020466,0.9996832013130188,1.4557929039001465,0.3525633215904236,-0.0016575646586716175,0.0002906237787101418,1.4573910236358643,0.3532450199127197,-0.0006816908717155457,0.0019516423344612122,0.0012699514627456665,-0.002633333206176758,0.9993204474449158,0.0044896602630615234,0.5585198402404785,0.0,0.005113682709634304,0.0,0.0,0.0004885413072770461,0.001,4.885413318334031e-07,0.0002803802490234375,3e-06,77.0087890625,82.828125,311.97403717041016,0.0,62.0,0.0,0.22857142984867096,0.22857142984867096,0.22857142984867096,0.22857142984867096,0.22857142984867096,0.22857142984867096,0.0,0.0,0.0,0.0,0.0,0.0,102.0,153.0,51.0,0.5,102.0,153.0,51.0,0.5,0.0,1451.0,1451.0,1451.0,1.0,28.10094141215086,0.8643933311104774,0.7903305762447417,0.08231987711042166,2.842814100906253,3.1198750738985837,35.83331663394347,137.74971280466107,0.9152653254688515,0.25445285777358073,0.02650350196729609,3106.0,35.83331663394347,86.67911016246289,
63,3721.0,3721.0,0.0,3721.0,3721.0,3721.0,0.8290363550186157,1.0,0.042542099952697754,0.004570620600134134,0.0084070460870862,0.9997146725654602,4.128351211547852,1.163557529449463,0.0034662624821066856,0.0016119914362207055,4.097969055175781,1.1590275764465332,0.004529878497123718,0.004534319043159485,0.009064197540283203,-4.4405460357666016e-06,1.0045504570007324,-0.0004540085792541504,-0.21473824977874756,0.0,0.0013302352745085955,0.0,-0.17091253399848938,0.001692283316515386,0.001,-0.17091086506843567,3.25,3e-06,77.0087890625,82.828125,311.9493637084961,0.0,63.0,0.0,0.2666666805744171,0.5333333611488342,0.0,0.2666666805744171,0.5333333611488342,0.0,0.16586410999298096,0.7071049213409424,-0.7071049213409424,0.16586410999298096,0.7071049213409424,-0.7071049213409424,40.5,50.0,31.0,0.5,40.5,50.0,31.0,0.5,0.0,1820.0,1820.0,1820.0,1.0,12.06519852206111,1.2316496260464191,1.147056712768972,0.12083993991836905,3.6813523187302053,4.961305737029761,23.2383658089675,148.95306817359395,0.9893448854421406,0.30826571157456917,0.032475124944468976,3721.0,23.2383658089675,160.12313561929108,
64,3662.0,3662.0,0.0,3662.0,3662.0,3662.0,0.019794542342424393,1.0,0.016712307929992676,0.00023322051856666803,0.0014981209533289075,0.9997366666793823,1.0139069557189941,0.01379622146487236,0.00021506425400730222,1.5333906731029856e-06,1.013687014579773,0.013579762540757656,0.00021645938977599144,0.00021645938977599144,0.00031828321516513824,0.00011463556438684464,1.0002164840698242,-0.0004240274429321289,-0.03081059455871582,0.0,7.870712579460815e-05,0.0,0.0,1.5186936508371218e-07,0.001,1.5186937818434387e-10,1.019798219203949e-07,3e-06,77.0087890625,82.828125,312.877254486084,0.0,64.0,0.0,0.0,0.0,0.0,0.0,0.0,0.0,0.0,0.0,0.0,0.0,0.0,0.0,73.0,74.0,72.0,0.5,73.0,74.0,72.0,0.5,0.0,1758.0,1758.0,1758.0,1.0,22.088975057937205,1.2303707362152636,1.1765154828317463,0.12440773798152804,3.614910912234336,4.456484027672559,32.728222970850766,151.29434971189866,0.9871411557166401,0.3212767566443873,0.03397262096710214,3662.0,32.728222970850766,111.89119565891319,
65,7932.0,7932.0,0.0,7932.0,7932.0,7932.0,0.09884576499462128,1.0,0.32072561979293823,0.005113298539072275,0.02701873891055584,0.9791452884674072,1.0686651468276978,0.06590481102466583,0.00463473703712225,0.0009318342781625688,1.0637133121490479,0.06120961159467697,0.0046951984986662865,0.0046951984986662865,0.006255103275179863,0.00313529372215271,1.0047074556350708,-0.00586467981338501,-0.6782107353210449,0.0,-0.0005177180864848197,0.0,0.028540045022964478,0.0006600038177566603,0.001,0.028540700674057007,1.6171875,3e-06,77.0087890625,82.828125,313.2323684692383,0.0,65.0,0.0,0.7222222089767456,1.0,0.4444444477558136,0.7222222089767456,1.0,0.4444444477558136,-0.027407154440879822,0.7071049809455872,-0.7071049213409424,-0.027407154440879822,0.7071049809455872,-0.7071049213409424,129.0,134.0,124.0,0.5,129.0,134.0,124.0,0.5,0.0,3837.0,3837.0,3837.0,1.0,34.121651496738195,1.171562829054892,1.1542415781877935,0.12191252084448934,3.8408513483591378,4.927303719799966,45.37093737022951,132.2544631656519,0.4842223081642887,0.1455170925602362,0.015369707620334006,7932.0,45.37093737022951,174.82557028245668,
66,8358.0,8358.0,0.0,8358.0,8358.0,8358.0,0.21460680663585663,1.0,0.21352317929267883,0.002931215101853013,0.012416311539709568,0.998417854309082,1.1755622625350952,0.1521460860967636,2.465412580932025e-05,0.0005850711022503674,1.1769492626190186,0.15367314219474792,-0.0015270598232746124,0.0025459714233875275,0.001018911600112915,-0.00407303124666214,0.9984773397445679,0.002388477325439453,0.630415678024292,0.0,0.0017906851135194302,0.0,0.43203264474868774,0.0010710954084061086,0.001,0.4320337176322937,0.8671875,3e-06,77.0087890625,82.828125,312.60177993774414,0.0,66.0,0.0,0.5,1.0,0.0,0.5,1.0,0.0,-0.4309579133987427,0.7071057558059692,-0.7071057558059692,-0.4309579133987427,0.7071057558059692,-0.7071057558059692,338.0,544.0,132.0,0.5,338.0,544.0,132.0,0.5,0.0,3841.0,3841.0,3841.0,1.0,92.28770375717431,1.2390636880882084,1.1544951777905226,0.08963088085874915,3.443702083081007,3.429002402815968,101.67740240879357,136.5202718301395,0.4120246569850451,0.13813055489238127,0.010723962773241105,8358.0,101.67740240879357,82.20115583201758,
67,7926.0,7926.0,0.0,7926.0,7926.0,7926.0,0.07985007017850876,1.0,0.2932261824607849,0.0030923732556402683,0.023716110736131668,0.9843405485153198,1.130499243736267,0.1182885691523552,-0.0003605762030929327,0.0008416278287768364,1.130873441696167,0.11865511536598206,-0.00036654528230428696,0.0003826534375548363,1.6108155250549316e-05,-0.0007491987198591232,0.9996335506439209,0.0045621395111083984,0.10181140899658203,0.0,0.0017751432351360563,0.0,0.012040168046951294,0.006233579246327281,0.001,0.01204642653465271,1.4375,3e-06,77.0087890625,82.828125,312.8672637939453,0.0,67.0,0.0,0.35555556416511536,0.7111111283302307,0.0,0.35555556416511536,0.7111111283302307,0.0,-0.011048506014049053,0.7071053385734558,-0.7071053385734558,-0.011048506014049053,0.7071053385734558,-0.7071053385734558,128.0,130.0,126.0,0.5,128.0,130.0,126.0,0.5,0.0,3835.0,3835.0,3835.0,1.0,34.1094705471769,1.2364565469324589,1.0884808278642595,0.12370236124843359,3.3050645729526877,3.296399462968111,43.19237131625414,133.24011932490976,0.41699023125822454,0.13733040977343672,0.015607161398994901,7926.0,43.19237131625414,183.504627286284,
68,3420.0,3420.0,0.0,3420.0,3420.0,3420.0,0.011886179447174072,1.0,0.01934760808944702,0.0015215156599879265,0.0041548991575837135,0.98028165102005,1.0021049976348877,0.0021028220653533936,-0.0015577150043100119,1.0246410965919495e-05,1.0036672353744507,0.003660537302494049,-0.0015577151207253337,0.0015577151207253337,-0.0014834296889603138,-0.0016320005524903536,0.9984434843063354,0.0031566619873046875,0.10484504699707031,0.0,0.0012029707431793213,0.0,0.0,1.1214986443519592e-05,0.001,1.1214987161167755e-08,3.844499588012695e-06,3e-06,77.0087890625,82.828125,313.05910873413086,0.0,68.0,0.0,1.0,1.0,1.0,1.0,1.0,1.0,0.0,0.0,0.0,0.0,0.0,0.0,32.0,32.0,32.0,1.0,32.0,32.0,32.0,1.0,0.0,1678.0,1678.0,1678.0,1.0,12.079624820966274,1.336069776210934,1.026923811994493,0.12914401106536388,3.827501605730504,4.251714154146612,22.69731244398281,188.74413782759802,1.119152516295469,0.30027012046622603,0.037761406744258444,3420.0,22.69731244398281,150.6786324786511,
69,6333.0,6333.0,0.0,6333.0,6333.0,6333.0,0.11069916933774948,1.0,0.09229545295238495,0.0033110822550952435,0.013508821837604046,0.9979335069656372,1.1640679836273193,0.15190109610557556,-0.004708092659711838,0.0014898000517860055,1.1697797775268555,0.15681543946266174,-0.0049143508076667786,0.006119050085544586,0.0012046992778778076,-0.011033400893211365,0.9951163530349731,0.015772342681884766,0.7389426231384277,0.0,0.0029090758180245757,0.0,0.027384459972381592,0.003352810861542821,0.001,0.0273878276348114,1.4609375,3e-06,77.0087890625,82.828125,313.38208389282227,0.0,69.0,0.0,0.47999998927116394,0.6399999856948853,0.3199999928474426,0.47999998927116394,0.6399999856948853,0.3199999928474426,-0.0238349549472332,0.7071036696434021,-0.7071036696434021,-0.0238349549472332,0.7071036696434021,-0.7071036696434021,44.5,46.0,43.0,0.5,44.5,46.0,43.0,0.5,0.0,3122.0,3122.0,3122.0,1.0,14.069172649178654,1.3087594280950725,1.2342317490838468,0.18369224108755589,3.5658327052369714,4.281386074144393,24.665926986839622,158.08059156380511,0.5630558511348447,0.19488895453716198,0.029005564675123306,6333.0,24.665926986839622,256.7509424388931,
70,3693.0,3693.0,0.0,3693.0,3693.0,3693.0,0.7023800015449524,1.0,0.05838197469711304,0.00426705926656723,0.008695479482412338,0.9996443390846252,2.183928966522217,0.7703527212142944,0.000494986423291266,0.0007630321779288352,2.1821954250335693,0.7697888612747192,0.000563889741897583,0.0015847384929656982,0.0021486282348632812,-0.0010208487510681152,1.0005652904510498,0.002083301544189453,-0.04989957809448242,0.0,-0.002130817505531013,0.0,0.0,0.0008123171282932162,0.001,8.12317182408151e-07,0.00011539459228515625,3e-06,77.0087890625,82.828125,360.882511138916,0.0,70.0,0.0,0.0,0.0,0.0,0.0,0.0,0.0,0.0,0.0,0.0,0.0,0.0,0.0,103.5,108.0,99.0,0.5,103.5,108.0,99.0,0.5,0.0,1743.0,1743.0,1743.0,1.0,28.155127743724734,1.3522487618029118,1.0451587652787566,0.13439085707068443,3.4189139693044126,3.481863984838128,37.64537463383749,136.01510987306634,0.9257822825086414,0.2830107677440446,0.03639070053362698,3693.0,37.64537463383749,98.09970111654971,
71,4568.0,4568.0,0.0,4568.0,4568.0,4568.0,0.8797898888587952,1.0,0.055944979190826416,0.005578411277383566,0.009633408859372139,0.9995180368423462,2.224985122680664,0.7903283834457397,-0.0010679588885977864,0.0005814092583023012,2.227050304412842,0.7909460067749023,-0.0006175637245178223,0.002251744270324707,0.0016341805458068848,-0.0028693079948425293,0.9993851780891418,0.004478812217712402,0.4103546142578125,0.0,-0.00024147638760041445,0.0,0.0,0.0003367537719896063,0.001,3.3675377153485897e-07,9.632110595703125e-05,3e-06,77.0087890625,82.828125,364.9556541442871,0.0,71.0,0.0,0.0,0.0,0.0,0.0,0.0,0.0,0.0,0.0,0.0,0.0,0.0,0.0,105.0,126.0,84.0,0.5,105.0,126.0,84.0,0.5,0.0,2179.0,2179.0,2179.0,1.0,30.11442406103015,1.0187742956914008,0.9163577337749302,0.12600202858448029,2.9610226224176586,3.56974638113752,38.740306864026934,143.4020193382388,0.6482098560458972,0.20060370704354866,0.02758363147646241,4568.0,38.740306864026934,117.91336645920339,
72,15632.0,15632.0,0.0,15632.0,15632.0,15632.0,0.7638781070709229,1.0,0.07475394010543823,0.0037036763969808817,0.008130021393299103,0.9996953010559082,2.258347749710083,0.7923834323883057,0.0008689787937328219,0.0007885272498242557,2.255903720855713,0.7914434671401978,0.0009399950504302979,0.0009399950504302979,0.0016255378723144531,0.0002544522285461426,1.0009406805038452,0.0014536380767822266,-0.5415489673614502,0.0,0.00019842076289933175,0.0,-0.07294270396232605,0.0004262113361619413,0.001,-0.07294228672981262,0.4453125,3e-06,77.88953876495361,83.70703125,312.3794593811035,0.0,72.0,0.0,0.13223139941692352,0.26446279883384705,0.0,0.13223139941692352,0.26446279883384705,0.0,0.07331999391317368,0.7071030139923096,-0.7071030139923096,0.07331999391317368,0.7071030139923096,-0.7071030139923096,569.0,628.0,510.0,0.5,569.0,628.0,510.0,0.5,0.0,7247.0,7247.0,7247.0,1.0,150.38815635815263,1.7817672500386834,1.65295574022457,0.10815744195133448,5.328190274070948,3.3165362998843193,162.6112292893231,132.15127975233096,0.3408514760792572,0.10574179505018999,0.006918976583376054,15632.0,162.6112292893231,96.13112248347281,
73,4231.0,4231.0,0.0,4231.0,4231.0,4231.0,0.6546345949172974,1.0,0.03744614124298096,0.005620254669338465,0.00900986697524786,0.9995248913764954,1.877678394317627,0.6297301650047302,0.0065960632637143135,0.0007024517399258912,1.8653348684310913,0.6231350898742676,0.006595104932785034,0.006595104932785034,0.006610393524169922,0.0065798163414001465,1.0066168308258057,-0.01042783260345459,-0.6920642852783203,0.0,-0.00044547615107148886,0.0,0.0,0.0005794094176962972,0.001,5.794094022348872e-07,0.0001163482666015625,3e-06,77.88953876495361,83.70703125,312.74235916137695,0.0,73.0,0.0,0.0,0.0,0.0,0.0,0.0,0.0,0.0,0.0,0.0,0.0,0.0,0.0,89.5,95.0,84.0,0.5,89.5,95.0,84.0,0.5,0.0,2026.0,2026.0,2026.0,1.0,26.107625843957067,1.0687706051394343,0.944633670616895,0.12312825582921505,4.180181485135108,4.051447089295834,36.50918229902163,145.85265834612886,0.9879890061770523,0.22326487133464784,0.02910145493481802,4231.0,36.50918229902163,115.88865412944025,
74,11306.0,11306.0,0.0,11306.0,11306.0,11306.0,0.9982224106788635,1.0,0.11183851957321167,0.003960541449487209,0.008945509791374207,0.9996823668479919,2.8166165351867676,1.0315427780151367,0.00025161419762298465,0.0009305661078542471,2.8159961700439453,1.0312676429748535,0.00027507543563842773,0.0006118416786193848,0.0008869171142578125,-0.00033676624298095703,1.0002752542495728,0.0035837888717651367,-0.058907151222229004,0.0008620689623057842,0.0008814586617518216,0.0,-0.02727910876274109,0.000491568207507953,0.001,-0.027278602123260498,0.447265625,3e-06,77.88953876495361,83.70703125,313.25085067749023,0.0,74.0,0.0,0.11851851642131805,0.2370370328426361,0.0,0.11851851642131805,0.2370370328426361,0.0,0.026970716193318367,0.7071025371551514,-0.7071025371551514,0.026970716193318367,0.7071025371551514,-0.7071025371551514,603.0,626.0,580.0,0.5,603.0,626.0,580.0,0.5,0.0,5050.0,5050.0,5050.0,1.0,170.46830191789195,1.5133140967227519,1.3524373602122068,0.13433325104415417,4.1166254207491875,4.932924529071897,182.55156866833568,141.3501674277711,0.36410980194137516,0.11962120645782831,0.011881589513900068,11306.0,182.55156866833568,61.9331845925741,
75,11421.0,11421.0,0.0,11421.0,11421.0,11421.0,0.8580554127693176,1.0,0.052890509366989136,0.006923832930624485,0.00992738176137209,0.9993910789489746,2.1578567028045654,0.7485963106155396,0.004603634122759104,0.0009535247227177024,2.148716449737549,0.7440859079360962,0.004510372877120972,0.004510372877120972,0.0058307647705078125,0.003189980983734131,1.004521369934082,-0.005386412143707275,-0.6815172433853149,0.0,-0.00532285834196955,0.0,0.0,0.0009198321495205164,0.001,9.198321890835359e-07,0.0003185272216796875,3e-06,77.88953876495361,83.70703125,313.2899627685547,0.0,75.0,0.0,0.0,0.0,0.0,0.0,0.0,0.0,0.0,0.0,0.0,0.0,0.0,0.0,134.5,144.0,125.0,0.5,134.5,144.0,125.0,0.5,0.0,5576.0,5576.0,5576.0,1.0,40.1191952903755,1.49575520073995,1.3472640509717166,0.0909118726849556,4.033590891864151,4.2714502196758986,51.39108658907935,149.14198992704647,0.3531731802700421,0.11796375544800951,0.007960062401274458,11421.0,51.39108658907935,222.23698228686553,
76,5189.0,5189.0,0.0,5189.0,5189.0,5189.0,0.7644038200378418,1.0,0.05851304531097412,0.005516846664249897,0.009281660430133343,0.9995130300521851,2.1026604175567627,0.7431331872940063,0.0013528326526284218,0.0008616065606474876,2.0986242294311523,0.7411587238311768,0.0019744932651519775,0.0038548409938812256,0.005829334259033203,-0.001880347728729248,1.001983880996704,0.000752568244934082,-0.023878037929534912,0.0,0.002147000406694133,0.0,0.0,0.0005817278870381415,0.001,5.817279316033819e-07,0.0001964569091796875,3e-06,77.88953876495361,83.70703125,312.83052825927734,0.0,76.0,0.0,0.0,0.0,0.0,0.0,0.0,0.0,0.0,0.0,0.0,0.0,0.0,0.0,108.5,126.0,91.0,0.5,108.5,126.0,91.0,0.5,0.0,2486.0,2486.0,2486.0,1.0,30.0990020041354,1.054206520318985,0.955966470297426,0.12396416580304503,2.719715890008956,3.2855633972212672,38.26635279180482,138.70507836007096,0.524131025247438,0.1842294219112403,0.023889798767208526,5189.0,38.26635279180482,135.60215754638847,
77,11007.0,11007.0,0.0,11007.0,11007.0,11007.0,1.6151305437088013,1.0,0.03748053312301636,0.002976358402520418,0.006202004849910736,0.999864935874939,3.7664780616760254,0.9590204954147339,-0.000332968047587201,0.0006168080726638436,3.767578363418579,0.9588372707366943,0.0001832190901041031,0.0006588641554117203,0.0008420832455158234,-0.0004756450653076172,1.0001834630966187,0.003156304359436035,0.3858489990234375,0.0,4.7260255087167025e-05,0.0,0.553619995713234,0.0005611476043441144,0.001,0.5536205172538757,0.486328125,3e-06,77.88953876495361,83.70703125,313.249080657959,0.0,77.0,0.0,0.26853147149086,0.290909081697464,0.2461538463830948,0.26853147149086,0.290909081697464,0.2461538463830948,-0.5538986325263977,0.7070841789245605,-0.7070846557617188,-0.5538986325263977,0.7070841789245605,-0.7070846557617188,378.5,675.0,82.0,0.5,378.5,675.0,82.0,0.5,0.0,5125.0,5125.0,5125.0,1.0,98.24160305317491,1.4190850858576596,1.2610547500662506,0.12618809519335628,3.970486083999276,3.2967819590121508,108.36377965705469,129.77754696588497,0.36072372889972526,0.11456843373001277,0.011464349522427208,11007.0,108.36377965705469,101.57453011360907,
78,4639.0,4639.0,0.0,4639.0,4639.0,4639.0,0.7926660180091858,1.0,0.056714266538619995,0.005636386573314667,0.010156729258596897,0.999480664730072,2.3751277923583984,0.85744708776474,-0.0009090809617191553,0.0010444956133142114,2.377380609512329,0.8582608699798584,-0.0008138120174407959,0.001087874174118042,0.0002740621566772461,-0.0019016861915588379,0.9991871118545532,0.006103396415710449,0.25681090354919434,0.0,-0.0007542798266513273,0.0,0.0,0.0007168205629568547,0.001,7.168206366259255e-07,0.0001354217529296875,3e-06,77.88953876495361,83.70703125,313.4759330749512,0.0,78.0,0.0,0.0,0.0,0.0,0.0,0.0,0.0,0.0,0.0,0.0,0.0,0.0,0.0,108.5,118.0,99.0,0.5,108.5,118.0,99.0,0.5,0.0,2211.0,2211.0,2211.0,1.0,30.10921156173572,1.2123662061057985,1.2023239028640091,0.13469592202454805,3.799715790897608,4.433349255938083,40.92263544816524,138.752127012607,0.8190807913122673,0.2591773879853436,0.029035551201670198,4639.0,40.92263544816524,113.36024547773815,
79,2638.0,2638.0,0.0,2638.0,2638.0,2638.0,0.7122918367385864,1.0,0.043986499309539795,0.0036548147909343243,0.007463039364665747,0.999739944934845,2.202495574951172,0.7893962264060974,-0.002268787007778883,0.0007999598747119308,2.207184314727783,0.7915469408035278,-0.0021506845951080322,0.0021506845951080322,-0.0008960366249084473,-0.003405332565307617,0.9978524446487427,0.007813453674316406,0.5159833431243896,0.0,0.002536190440878272,0.0,0.0,0.0006074958364479244,0.001,6.074958491808502e-07,0.00015735626220703125,3e-06,77.88953876495361,83.70703125,312.6390380859375,0.0,79.0,0.0,0.0,0.0,0.0,0.0,0.0,0.0,0.0,0.0,0.0,0.0,0.0,0.0,85.0,93.0,77.0,0.5,85.0,93.0,77.0,0.5,0.0,1234.0,1234.0,1234.0,1.0,24.092474358156323,1.2074168832041323,1.0616813469678164,0.09927765699103475,3.685550531372428,4.721413480117917,34.89927319716662,141.72043740091954,1.3971002772450447,0.4024569169703625,0.037633683468929015,2638.0,34.89927319716662,75.58896671275585,
80,803.0,803.0,0.0,803.0,803.0,803.0,0.6642562747001648,1.0,0.029325217008590698,0.003472766140475869,0.006820043083280325,0.9997512698173523,1.9196555614471436,0.6508082151412964,0.0005183356115594506,0.00042787662823684514,1.918731451034546,0.6504064798355103,0.0004017353057861328,0.0015666484832763672,0.0019683837890625,-0.0011649131774902344,1.0004030466079712,0.0006699562072753906,-0.043211936950683594,0.0,0.0,0.0,0.0,0.000506568030687049,0.001,5.065680852567311e-07,9.632110595703125e-05,3e-06,77.88953876495361,83.70703125,312.8394012451172,0.0,80.0,0.0,0.0,0.0,0.0,0.0,0.0,0.0,0.0,0.0,0.0,0.0,0.0,0.0,60.5,65.0,56.0,0.5,60.5,65.0,56.0,0.5,0.0,341.0,341.0,341.0,1.0,18.09848107304424,1.1337265567854047,1.2656653402373195,0.11955583095550537,3.845221408177167,4.11231625918299,136.66210084268823,149.57422374416728,4.788569624130968,1.5761710339194515,0.14888646445268414,803.0,136.66210084268823,5.875806057777009,108.05681169824675
81,825.0,825.0,0.0,825.0,825.0,825.0,0.8565714359283447,1.0,0.041194379329681396,0.003999532666057348,0.008008959703147411,0.9997161626815796,2.55993390083313,0.9361188411712646,-0.0019199252128601074,0.0004874067672062665,2.5647013187408447,0.9380109906196594,-0.0018921494483947754,0.0018921494483947754,-0.0015319585800170898,-0.002252340316772461,0.9981096982955933,0.005799651145935059,0.3193802833557129,0.0,0.0,0.0,0.0,0.0003872017696266994,0.001,3.8720179418305634e-07,8.96453857421875e-05,3e-06,77.88953876495361,83.70703125,312.1139831542969,0.0,81.0,0.0,0.0,0.0,0.0,0.0,0.0,0.0,0.0,0.0,0.0,0.0,0.0,0.0,71.5,77.0,66.0,0.5,71.5,77.0,66.0,0.5,0.0,341.0,341.0,341.0,1.0,20.09720190661028,1.057179429102689,1.2026841240003705,0.12522591091692448,3.0515429037623107,3.958456106018275,29.5472994139418,140.53987347279917,3.6988398833482554,1.4577989381822674,0.15178898292960544,825.0,29.5472994139418,27.92133346747508,
82,809.0,809.0,0.0,809.0,809.0,809.0,1.2113938331604004,1.0,0.030853748321533203,0.0026596838142722845,0.006319679319858551,0.9998528957366943,3.592071056365967,1.1328482627868652,0.002003222471103072,0.000310214381897822,3.5889129638671875,1.1307923793792725,0.0020558536052703857,0.0023343265056610107,0.0043901801109313965,-0.000278472900390625,1.0020606517791748,-0.0027796030044555664,-0.19814598560333252,0.0,0.0,0.0,0.0,0.0003675146435853094,0.001,3.675146729165135e-07,8.58306884765625e-05,3e-06,77.88953876495361,83.70703125,312.40423583984375,0.0,82.0,0.0,0.0,0.0,0.0,0.0,0.0,0.0,0.0,0.0,0.0,0.0,0.0,0.0,66.5,68.0,65.0,0.5,66.5,68.0,65.0,0.5,0.0,338.0,338.0,338.0,1.0,22.099221786949784,1.1862619728781283,1.0830596867017448,0.12215530127286911,3.7507004193030298,4.708015599753708,32.97919590771198,166.1595623078931,4.636218070831928,1.3387635187907847,0.15099542802579619,809.0,32.97919590771198,24.53061627893785,
83,3018.0,3018.0,0.0,3018.0,3018.0,3018.0,0.439277321100235,1.0,0.11922210454940796,0.0034207338467240334,0.012114349752664566,0.9991744160652161,1.6553676128387451,0.5040034055709839,0.0033329040743410587,0.0005064328433945775,1.6529386043548584,0.5025545358657837,0.0014488697052001953,0.005949437618255615,0.0073983073234558105,-0.00450056791305542,1.0014677047729492,-0.004665374755859375,-0.1214747428894043,0.0,-0.0024147749645635486,0.0,0.0,0.004408303590025753,0.001,4.4083035390940495e-06,0.001617431640625,3e-06,77.88953876495361,83.70703125,312.60327911376953,0.0,83.0,0.0,0.4000000059604645,0.4000000059604645,0.4000000059604645,0.4000000059604645,0.4000000059604645,0.4000000059604645,0.0,0.0,0.0,0.0,0.0,0.0,60.0,79.0,41.0,0.5,60.0,79.0,41.0,0.5,0.0,1449.0,1449.0,1449.0,1.0,24.08466918207705,0.9374466077424586,0.8510845941491425,0.12045020936056972,3.177378537133336,3.1564324437640607,32.35735451430082,200.70557651730874,1.0528093231058104,0.28200284763059724,0.03991060614995683,3018.0,32.35735451430082,93.27091306757322,
84,822.0,822.0,0.0,822.0,822.0,822.0,0.8600748777389526,1.0,0.030874937772750854,0.004236745182424784,0.007425169460475445,0.9997461438179016,2.1932497024536133,0.7829866409301758,0.005106622818857431,0.0006267448770813644,2.1822705268859863,0.7777575254440308,0.005229085683822632,0.005229085683822632,0.008209407329559326,0.0022487640380859375,1.0052472352981567,-0.007713198661804199,-0.48633432388305664,0.0,0.0006244810065254569,0.0,0.0,0.0004779802548000589,0.001,4.779802793564158e-07,0.00010013580322265625,3e-06,77.88953876495361,83.70703125,312.16633224487305,0.0,84.0,0.0,0.0,0.0,0.0,0.0,0.0,0.0,0.0,0.0,0.0,0.0,0.0,0.0,73.0,76.0,70.0,0.5,73.0,76.0,70.0,0.5,0.0,338.0,338.0,338.0,1.0,20.125755926594138,1.1979813277721405,1.0677011827938259,0.12075529107823968,3.658719734288752,4.939550878945738,31.142079894896597,137.84764333283655,4.450997243660282,1.2989065484109803,0.14690424705381955,822.0,31.142079894896597,26.395154169991873,
85,835.0,835.0,0.0,835.0,835.0,835.0,1.1869961023330688,1.0,0.03165975213050842,0.002853781683370471,0.0063451137393713,0.9998535513877869,3.2728590965270996,1.1853870153427124,-0.0007294808747246861,0.0004507496487349272,3.275188684463501,1.1860809326171875,-0.0006939172744750977,0.0007377862930297852,4.38690185546875e-05,-0.0014317035675048828,0.9993065595626831,0.0032601356506347656,0.1185312271118164,0.0,-0.001391756348311901,0.0,0.0,0.000717798167897854,0.001,7.177982297434937e-07,0.000213623046875,3e-06,77.88953876495361,83.70703125,312.2313690185547,0.0,85.0,0.0,0.0,0.0,0.0,0.0,0.0,0.0,0.0,0.0,0.0,0.0,0.0,0.0,72.5,76.0,69.0,0.5,72.5,76.0,69.0,0.5,0.0,345.0,345.0,345.0,1.0,22.08477508323267,1.2185294078662992,1.0620112889446318,0.16298930998891592,3.9811423807404935,4.212060124147683,32.75792584195733,152.3087936774667,4.767835186515561,1.2718698071193195,0.19519677842983943,835.0,32.75792584195733,25.490014356480014,
86,2943.0,2943.0,0.0,2943.0,2943.0,2943.0,0.10649687051773071,1.0,0.03529384732246399,0.0021002970170229673,0.007450321689248085,0.9981868863105774,1.0521107912063599,0.050709716975688934,-0.0003981862391810864,0.00014472196926362813,1.0525414943695068,0.051113925874233246,-0.0004042088985443115,0.0004042088985443115,-2.485513687133789e-05,-0.0007835626602172852,0.9995959401130676,0.0013811588287353516,0.025686025619506836,0.0,-0.0009802060667425394,0.0,-0.011011213064193726,0.015376916620880365,0.001,-0.010995835065841675,1.015625,3e-06,77.88953876495361,83.70703125,312.8620491027832,0.0,86.0,0.0,0.699999988079071,1.0,0.4000000059604645,0.699999988079071,1.0,0.4000000059604645,0.011223901994526386,0.7071051001548767,-0.7071050405502319,0.011223901994526386,0.7071051001548767,-0.7071050405502319,31.5,32.0,31.0,0.5,31.5,32.0,31.0,0.5,0.0,1440.0,1440.0,1440.0,1.0,10.079697424080223,0.9162754751741886,0.866208029910922,0.11939891008660197,2.752743197605014,3.268108610995114,18.031239290256053,159.9951972076226,0.9353527684692537,0.2943282466567863,0.04057047573448929,2943.0,18.031239290256053,163.2167347249601,
87,3213.0,3213.0,0.0,3213.0,3213.0,3213.0,0.33889806270599365,1.0,0.05932047963142395,0.0038333532866090536,0.0083762276917696,0.9994755983352661,1.4658012390136719,0.3726946711540222,-0.0014788996195420623,0.0008194770198315382,1.4698882102966309,0.3749631345272064,-0.002268478274345398,0.0036722570657730103,0.0014037787914276123,-0.005940735340118408,0.9977408051490784,0.0064400434494018555,1.263904333114624,0.0,0.005561139550991356,0.0,0.0,0.0015683369128964841,0.001,1.5683369838370709e-06,0.00072479248046875,3e-06,77.88953876495361,83.70703125,312.4155044555664,0.0,87.0,0.0,0.3199999928474426,0.3199999928474426,0.3199999928474426,0.3199999928474426,0.3199999928474426,0.3199999928474426,0.0,0.0,0.0,0.0,0.0,0.0,146.5,178.0,115.0,0.5,146.5,178.0,115.0,0.5,0.0,1460.0,1460.0,1460.0,1.0,40.12166508380324,1.121041086036712,0.9702687752433121,0.12591012567281723,2.8473995300009847,3.229029498063028,48.44731234526262,136.93401052492572,0.8862121164024228,0.30198218961821105,0.03918771418388336,3213.0,48.44731234526262,66.31946839697457,
88,8848.0,8848.0,0.0,8848.0,8848.0,8848.0,0.08773982524871826,1.0,0.16695255041122437,0.0017957097152248025,0.01046967227011919,0.9970044493675232,1.0753655433654785,0.070714570581913,0.0008421847596764565,0.00023618547129444778,1.0744662284851074,0.06986033916473389,0.0008542335126549006,0.0008542335126549006,0.001137245912104845,0.0005712211132049561,1.0008546113967896,-0.000779271125793457,-0.2682867646217346,0.0,0.0008548382029403001,0.0,0.03023475408554077,0.0011338451586198062,0.001,0.030235886573791504,0.78515625,3e-06,77.88953876495361,83.70703125,362.9387741088867,0.0,88.0,0.0,0.800000011920929,1.0,0.6000000238418579,0.800000011920929,1.0,0.6000000238418579,-0.030089523643255234,0.7071042656898499,-0.7071042656898499,-0.030089523643255234,0.7071042656898499,-0.7071042656898499,188.0,196.0,180.0,0.5,188.0,196.0,180.0,0.5,0.0,4236.0,4236.0,4236.0,1.0,52.22772549977526,1.2416785168461502,1.211707673035562,0.14139923779293895,3.452958084642887,4.302438366692513,62.60673933569342,138.90352526535975,0.39025294808350897,0.1369470697372923,0.015980926513668507,8848.0,62.60673933569342,141.32663821633608,
89,2583.0,2583.0,0.0,2583.0,2583.0,2583.0,0.8627284169197083,1.0,0.04803118109703064,0.004794627893716097,0.008519803173840046,0.9996331334114075,2.305417537689209,0.8174513578414917,0.001542207901366055,0.0007361432653851807,2.302067995071411,0.8158048391342163,0.001646488904953003,0.001646488904953003,0.0026726126670837402,0.0006203651428222656,1.0016484260559082,-0.00011110305786132812,-0.44444113969802856,0.0,0.0003422571753617376,0.0,0.0,0.0007393088017124683,0.001,7.393088594653818e-07,0.00010442733764648438,3e-06,77.88953876495361,83.70703125,361.2041893005371,0.0,89.0,0.0,0.0,0.0,0.0,0.0,0.0,0.0,0.0,0.0,0.0,0.0,0.0,0.0,211.5,233.0,190.0,0.5,211.5,233.0,190.0,0.5,0.0,1080.0,1080.0,1080.0,1.0,56.197170393075794,0.9868385409936309,0.7807459961622953,0.13009894266724586,2.8394443239085376,3.6195890568196774,64.58333133812994,132.85383071649125,1.0992815810718304,0.3022632582897001,0.05036738004926282,2583.0,64.58333133812994,39.994839945256885,
90,3432.0,3432.0,0.0,3432.0,3432.0,3432.0,0.048059720546007156,1.0,0.010099589824676514,0.0005781145300716162,0.0019065572414547205,0.9999006986618042,1.054930329322815,0.0534726157784462,-0.0005140473949722946,7.481993634428363e-06,1.0554571151733398,0.0539727620780468,-0.0005001481622457504,0.0005143154412508011,1.416727900505066e-05,-0.0010144636034965515,0.9995001554489136,0.0010582208633422852,0.03956484794616699,0.0,-0.0002325933746760711,0.0,0.0,9.385637349623721e-05,0.001,9.385637156356097e-08,5.2928924560546875e-05,3e-06,77.88953876495361,83.70703125,361.2909355163574,0.0,90.0,0.0,0.4000000059604645,0.4000000059604645,0.4000000059604645,0.4000000059604645,0.4000000059604645,0.4000000059604645,0.0,0.0,0.0,0.0,0.0,0.0,37.0,38.0,36.0,0.5,37.0,38.0,36.0,0.5,0.0,1679.0,1679.0,1679.0,1.0,12.103547508828342,0.8815711769275367,0.9089437732473016,0.19072715006768703,2.996545218862593,4.061696433927864,21.1981861628592,163.5614528220046,0.8731192362653244,0.26484375677368927,0.055573178924151236,3432.0,21.1981861628592,161.900644405752,
91,2075.0,2075.0,0.0,2075.0,2075.0,2075.0,0.8064292073249817,1.0,0.03230327367782593,0.0038654766976833344,0.007183708716183901,0.9997525215148926,2.2371435165405273,0.7944451570510864,-0.00026116298977285624,0.00048099595005623996,2.2379140853881836,0.794448733329773,-3.546476364135742e-06,0.002318471670150757,0.002314925193786621,-0.0023220181465148926,0.9999991059303284,0.002440929412841797,0.1795051097869873,0.0,-0.0011681017931550741,0.0,0.0,0.000489951329655014,0.001,4.899513896816643e-07,0.00010585784912109375,3e-06,77.88953876495361,83.70703125,336.21793365478516,0.0,91.0,0.0,0.0,0.0,0.0,0.0,0.0,0.0,0.0,0.0,0.0,0.0,0.0,0.0,103.5,115.0,92.0,0.5,103.5,115.0,92.0,0.5,0.0,934.0,934.0,934.0,1.0,28.103767157066613,0.9707649480551481,0.9120008889585733,0.1240710592828691,3.131829046178609,4.152945263311267,37.450670779682696,135.76699109694016,1.5093152029776429,0.4395185007029269,0.05979328158210559,2075.0,37.450670779682696,55.40621721322292,
92,3285.0,3285.0,0.0,3285.0,3285.0,3285.0,0.3323379456996918,1.0,0.053223609924316406,0.0030377835500985384,0.007292172871530056,0.999565601348877,1.5759774446487427,0.4413238763809204,0.0010260627605021,0.00034421790041960776,1.572756290435791,0.43946653604507446,0.0018573552370071411,0.0018573552370071411,0.0030151009559631348,0.0006996095180511475,1.0018597841262817,-0.0007010102272033691,-0.32342755794525146,0.0,0.0006707939064654056,0.0,0.0,0.001138890569563955,0.001,1.1388905249987147e-06,0.000370025634765625,3e-06,77.88953876495361,83.70703125,311.80211639404297,0.0,92.0,0.0,0.4000000059604645,0.4000000059604645,0.4000000059604645,0.4000000059604645,0.4000000059604645,0.4000000059604645,0.0,0.0,0.0,0.0,0.0,0.0,191.5,329.0,54.0,0.5,191.5,329.0,54.0,0.5,0.0,1451.0,1451.0,1451.0,1.0,58.15250585321337,1.0983551223762333,0.9768404923379421,0.13975470000877976,3.109300650190562,3.8983918810263276,67.40371689433232,151.83421893789392,0.9465146575922563,0.29736392460820155,0.04254328767390556,3285.0,67.40371689433232,48.73618475891826,
93,3188.0,3188.0,0.0,3188.0,3188.0,3188.0,0.5545442700386047,1.0,0.0443863570690155,0.0038129305467009544,0.007703925017267466,0.9996770620346069,2.460413932800293,0.8101128339767456,0.0035038504283875227,0.0016065508825704455,2.4555459022521973,0.8074840307235718,0.002628818154335022,0.002628818154335022,0.004221826791763306,0.0010358095169067383,1.0026335716247559,-0.000906527042388916,-0.48406118154525757,0.010085227200761437,0.006047489936463535,0.0,-0.38947708904743195,0.005576803931035101,0.001,-0.38947153091430664,1.2421875,3e-06,77.88953876495361,83.70703125,312.15719985961914,0.0,93.0,0.0,0.20000000298023224,0.4000000059604645,0.0,0.20000000298023224,0.4000000059604645,0.0,0.3884093761444092,0.7071042060852051,-0.7071042060852051,0.3884093761444092,0.7071042060852051,-0.7071042060852051,142.0,220.0,64.0,0.5,142.0,220.0,64.0,0.5,0.0,1452.0,1452.0,1452.0,1.0,38.1164191509597,0.8905932451598346,0.94026402477175,0.12270248867571354,3.03861968498677,3.3561063245870173,46.49511644663289,134.21274348929472,0.9531429375742692,0.29493852721824027,0.038488860939684295,3188.0,46.49511644663289,68.56634080396782,
94,3838.0,3838.0,0.0,3838.0,3838.0,3838.0,0.9112643003463745,1.0,0.04189962148666382,0.0016713874647393823,0.00567216333001852,0.9998870491981506,2.043170213699341,0.5692117214202881,0.001809232751838863,0.0005627672071568668,2.0396103858947754,0.5676982998847961,0.0015133628621697426,0.0015133628621697426,0.0019723176956176758,0.0010544080287218094,1.0015146732330322,-0.0013231635093688965,-0.2537519931793213,0.0,-0.0028796654660254717,0.0,0.4599190950393677,0.0019645906813821057,0.001,0.45992106199264526,2.0625,3e-06,77.88953876495361,83.70703125,312.1765937805176,0.0,94.0,0.0,0.7666666507720947,1.0,0.5333333611488342,0.7666666507720947,1.0,0.5333333611488342,-0.4556894600391388,0.7071046829223633,-0.707104504108429,-0.4556894600391388,0.7071046829223633,-0.707104504108429,90.0,148.0,32.0,0.5,90.0,148.0,32.0,0.5,0.0,1829.0,1829.0,1829.0,1.0,26.079864946193993,1.1369980587624013,0.970723161008209,0.12854444608092308,3.153683453798294,4.455296705011278,35.974168515298516,144.88813858996662,0.8216997013544278,0.25292422121110186,0.03349256020868241,3838.0,35.974168515298516,106.68766390994797,
95,3121.0,3121.0,0.0,3121.0,3121.0,3121.0,0.16737602651119232,1.0,0.1373685896396637,0.0037854346446692944,0.012188666500151157,0.9979590773582458,1.1242165565490723,0.11579574644565582,0.002588489558547735,0.00027561973547562957,1.1201491355895996,0.11205946654081345,0.0037362780421972275,0.0037362780421972275,0.005889769643545151,0.0015827864408493042,1.0037455558776855,-0.004123210906982422,-0.3991577625274658,0.0,-0.004055401426739991,0.0,0.0,0.0015370146720670164,0.001,1.5370146684290376e-06,0.000415802001953125,3e-06,77.88953876495361,83.70703125,311.8253707885742,0.0,95.0,0.0,0.4000000059604645,0.4000000059604645,0.4000000059604645,0.4000000059604645,0.4000000059604645,0.4000000059604645,0.0,0.0,0.0,0.0,0.0,0.0,98.5,151.0,46.0,0.5,98.5,151.0,46.0,0.5,0.0,1462.0,1462.0,1462.0,1.0,30.106218927074224,1.125134076923132,0.9960448741912842,0.12696949299424887,3.2503250748850405,4.136673556640744,39.77176990592852,152.82344633032602,1.0414370634043706,0.3191428626053458,0.04068231111638861,3121.0,39.77176990592852,78.47274605535652,
96,2752.0,2752.0,0.0,2752.0,2752.0,2752.0,0.5056309700012207,1.0,0.06041458249092102,0.004792442079633474,0.009454218670725822,0.9994751214981079,1.7363537549972534,0.5495606064796448,0.00023265311028808355,0.0007005880470387638,1.7354214191436768,0.5491288900375366,0.00043170154094696045,0.0016008168458938599,0.0020325183868408203,-0.0011691153049468994,1.000433087348938,0.0022711753845214844,0.08201324939727783,0.0,-0.0014172931551001966,0.0,0.0,0.0005805566615890712,0.001,5.805566729577549e-07,0.00013637542724609375,3e-06,77.88953876495361,83.70703125,311.8889389038086,0.0,96.0,0.0,0.17777778208255768,0.17777778208255768,0.17777778208255768,0.17777778208255768,0.17777778208255768,0.17777778208255768,0.0,0.0,0.0,0.0,0.0,0.0,193.0,217.0,169.0,0.5,193.0,217.0,169.0,0.5,0.0,1183.0,1183.0,1183.0,1.0,54.17563267797232,0.9148716391064227,0.8560161357745528,0.120289855170995,2.949423569254577,3.360519738867879,62.42154818587005,140.35137999474694,1.0717382155721573,0.3110523749180788,0.043709976442948766,2752.0,62.42154818587005,44.087339708484706,
97,2871.0,2871.0,0.0,2871.0,2871.0,2871.0,1.0756034851074219,1.0,0.04548221826553345,0.0034383893944323063,0.007163684349507093,0.9998016953468323,3.1914596557617188,1.1604769229888916,0.0017116477247327566,0.0007745556067675352,3.185943603515625,1.1587461233139038,0.0017307400703430176,0.0017307400703430176,0.002168416976928711,0.0012930631637573242,1.001732349395752,-0.00032699108123779297,-0.4810483455657959,0.0,-0.0025206416030414402,0.0,0.0,0.0008318912878166884,0.001,8.318912705362891e-07,0.000164031982421875,3e-06,77.88953876495361,83.70703125,312.22824478149414,0.0,97.0,0.0,0.0,0.0,0.0,0.0,0.0,0.0,0.0,0.0,0.0,0.0,0.0,0.0,194.5,203.0,186.0,0.5,194.5,203.0,186.0,0.5,0.0,1241.0,1241.0,1241.0,1.0,54.16409627208486,1.2233001091517508,1.1141319531016052,0.13348268112167716,2.879702248144895,3.303188882768154,62.84901809692383,139.23932203620788,1.0030310860832097,0.388064072832325,0.046493445183447286,2871.0,62.84901809692383,45.680904601762144,
98,1041.0,1041.0,0.0,1041.0,1041.0,1041.0,0.4510181248188019,1.0,0.021559715270996094,0.0021782838739454746,0.005047449842095375,0.9998483657836914,1.541861891746521,0.4317243695259094,-0.0031040178146213293,0.000555963721126318,1.5464684963226318,0.43488726019859314,-0.0031629055738449097,0.003709062933921814,0.0005461573600769043,-0.006871968507766724,0.9968489408493042,0.008496999740600586,0.24843192100524902,0.0,-0.0009023912716656923,0.0,0.0,0.0002901828702306375,0.001,2.9018286795690074e-07,9.870529174804688e-05,3e-06,77.88953876495361,83.70703125,312.36904525756836,0.0,98.0,0.0,0.0,0.0,0.0,0.0,0.0,0.0,0.0,0.0,0.0,0.0,0.0,0.0,31.5,32.0,31.0,0.5,31.5,32.0,31.0,0.5,0.0,489.0,489.0,489.0,1.0,10.061502739787102,0.897925014141947,0.8932137377560139,0.12164942594245076,2.8732296521775424,3.5342773478478193,18.413435008842498,159.70639269503337,2.7600669089121443,0.8580343302171123,0.11685823817718613,1041.0,18.413435008842498,56.534807302390405,
99,3224.0,3224.0,0.0,3224.0,3224.0,3224.0,0.21348914504051208,1.0,0.034678101539611816,0.0017970786429941654,0.005188300274312496,0.999626874923706,1.1335018873214722,0.12429068982601166,0.0012401384301483631,0.00018302373064216226,1.132338523864746,0.12328597158193588,0.0010047219693660736,0.0010047219693660736,0.0014972835779190063,0.0005121603608131409,1.0010054111480713,-0.0017722845077514648,-0.26118993759155273,0.0,-0.00272103154566139,0.0,0.0,0.001754368975525722,0.001,1.7543691228638636e-06,0.00075531005859375,3e-06,77.88953876495361,83.70703125,312.15480041503906,0.0,99.0,0.0,1.0,1.0,1.0,1.0,1.0,1.0,0.0,0.0,0.0,0.0,0.0,0.0,136.0,201.0,71.0,0.5,136.0,201.0,71.0,0.5,0.0,1476.0,1476.0,1476.0,1.0,36.11645838897675,0.9205861338414252,0.8447131253778934,0.10816165804862976,2.9396336250938475,4.209714053198695,45.16926318407059,132.7810970182969,0.9117970301159577,0.26200779323135653,0.033548901379847944,3224.0,45.16926318407059,71.37597057675666,
100,835.0,835.0,0.0,835.0,835.0,835.0,0.7531609535217285,1.0,0.03694087266921997,0.0038213429506868124,0.00778539851307869,0.9996816515922546,1.9461172819137573,0.6616625189781189,0.002195842331275344,0.0002912144991569221,1.9418296813964844,0.6594725847244263,0.0021899640560150146,0.0021899640560150146,0.0023618340492248535,0.0020180940628051758,1.0021923780441284,-0.0032389163970947266,-0.2753980755805969,0.0,0.0010243108845315874,0.0,0.0,0.0003060001035919413,0.001,3.060001176891092e-07,5.5789947509765625e-05,3e-06,77.88953876495361,83.70703125,312.25630950927734,0.0,100.0,0.0,0.0,0.0,0.0,0.0,0.0,0.0,0.0,0.0,0.0,0.0,0.0,0.0,73.5,76.0,71.0,0.5,73.5,76.0,71.0,0.5,0.0,344.0,344.0,344.0,1.0,22.083755548112094,0.9400132950395346,0.948904471937567,0.11890132958069444,2.7338537708856165,4.026187623851001,148.5509874788113,150.22962957899384,3.2740763723181034,1.1364125412425952,0.14239680189304724,835.0,148.5509874788113,5.620965664190559,117.64671277208254
101,8019.0,8019.0,0.0,8019.0,8019.0,8019.0,0.02908981777727604,1.0,0.0921725332736969,0.0016411427641287446,0.009635874070227146,0.9955182075500488,1.033268690109253,0.03256355971097946,-0.00038655282696709037,0.00018564253696240485,1.033663034439087,0.032957449555397034,-0.00039389077574014664,0.0006973342970013618,0.0003034435212612152,-0.0010912250727415085,0.9996064305305481,0.0015283823013305664,0.13832342624664307,0.0,3.1036265681905206e-05,0.0,-0.007487744092941284,0.0006361112173181027,0.001,-0.007487118244171143,0.56640625,3e-06,77.88953876495361,83.70703125,312.1172904968262,0.0,101.0,0.0,0.8600000143051147,1.0,0.7200000286102295,0.8600000143051147,1.0,0.7200000286102295,0.007443178910762072,0.7071031928062439,-0.7071031928062439,0.007443178910762072,0.7071031928062439,-0.7071031928062439,142.5,144.0,141.0,0.5,142.5,144.0,141.0,0.5,0.0,3867.0,3867.0,3867.0,1.0,40.13904010690749,1.2661252417601645,1.0870576868765056,0.1159312347881496,3.4157382077537477,3.478344773873687,49.53409363189712,140.83873721721926,0.4259556313447746,0.13556025525333654,0.014457068810094724,8019.0,49.53409363189712,161.8884976394566,
102,3388.0,3388.0,0.0,3388.0,3388.0,3388.0,0.2780529260635376,1.0,0.05427664518356323,0.0030843685381114483,0.007989566773176193,0.9994170665740967,1.2957110404968262,0.25905680656433105,-0.0004940712242387235,0.00035944036790169775,1.296316146850586,0.2595230042934418,-0.0004661977291107178,0.0004661977291107178,-0.000160902738571167,-0.0007714927196502686,0.9995339512825012,0.0023927688598632812,0.2560431957244873,0.0,-0.000822768866783008,0.0,0.0650126039981842,0.0017806185060180724,0.001,0.06501439213752747,0.57421875,3e-06,77.88953876495361,83.70703125,312.52452087402344,0.0,102.0,0.0,0.49523812532424927,0.5333333611488342,0.4571428596973419,0.49523812532424927,0.5333333611488342,0.4571428596973419,-0.06457503139972687,0.7070934176445007,-0.7070939540863037,-0.06457503139972687,0.7070934176445007,-0.7070939540863037,219.0,239.0,199.0,0.5,219.0,239.0,199.0,0.5,0.0,1475.0,1475.0,1475.0,1.0,78.25261086085811,0.9850691319443285,1.0000578020699322,0.09403051994740963,2.6446855822578073,3.101288376841694,86.13775011897087,178.65892890606875,0.780603772803367,0.29517644689195166,0.027753990539377105,3388.0,86.13775011897087,39.33234842238851,
103,813.0,813.0,0.0,813.0,813.0,813.0,0.5866147875785828,1.0,0.05146196484565735,0.0034444849006831646,0.008359451778233051,0.9996289610862732,1.7377121448516846,0.5519176125526428,-0.0033706140238791704,0.00038093188777565956,1.7435686588287354,0.5552846193313599,-0.0033669769763946533,0.0033669769763946533,-0.003301262855529785,-0.0034326910972595215,0.9966386556625366,0.00828409194946289,0.5350720882415771,0.0,0.0007712999940849841,0.0,0.0,0.00013909377230447717,0.001,1.390937711676088e-07,3.719329833984375e-05,3e-06,77.88953876495361,83.70703125,312.2190971374512,0.0,103.0,0.0,0.0,0.0,0.0,0.0,0.0,0.0,0.0,0.0,0.0,0.0,0.0,0.0,63.5,67.0,60.0,0.5,63.5,67.0,60.0,0.5,0.0,343.0,343.0,343.0,1.0,18.106750735081732,1.229504561983049,1.1707606529816985,0.1497938521206379,3.7782007167115808,4.363738307729363,28.84475289611146,142.57284043371442,4.647233353888783,1.440050003667526,0.18424828059119053,813.0,28.84475289611146,28.18536885818148,
104,3846.0,3846.0,0.0,3846.0,3846.0,3846.0,0.6474388241767883,1.0,0.03942447900772095,0.0046853371895849705,0.008810212835669518,0.9996122717857361,2.074090003967285,0.7173274159431458,0.0009441318106837571,0.0006639123894274235,2.070437431335449,0.7162206172943115,0.0011067986488342285,0.004282355308532715,0.005389153957366943,-0.0031755566596984863,1.0011166334152222,0.0007704496383666992,0.0620882511138916,0.0,0.003176183789037168,0.0,0.0,0.0019379579462110996,0.001,1.9379581317480188e-06,0.0003814697265625,3e-06,77.88953876495361,83.70703125,311.99430084228516,0.0,104.0,0.0,0.4571428596973419,0.4571428596973419,0.4571428596973419,0.4571428596973419,0.4571428596973419,0.4571428596973419,0.0,0.0,0.0,0.0,0.0,0.0,79.0,82.0,76.0,0.5,79.0,82.0,76.0,0.5,0.0,1844.0,1844.0,1844.0,1.0,28.094859804958105,0.9134297519922256,1.024835994001478,0.10416866699233651,2.6942522628232837,3.4648710447363555,36.33235087431967,177.8155683858108,0.7005336096784409,0.2664680171610707,0.02708493681548011,3846.0,36.33235087431967,105.85607337394781,
105,8003.0,8003.0,0.0,8003.0,8003.0,8003.0,0.023453006520867348,1.0,0.04351836442947388,0.0008619879954494536,0.004737595561891794,0.9986521005630493,1.0243557691574097,0.02398134209215641,-0.0011494968784973025,4.505422475631349e-05,1.0255476236343384,0.02513684332370758,-0.001155500765889883,0.001155500765889883,-0.0006011193618178368,-0.0017098821699619293,0.9988453388214111,0.0024842023849487305,0.39045798778533936,0.0,2.8605855732166674e-05,0.0,0.007681369781494141,0.0006100651808083057,0.001,0.0076819658279418945,0.3125,3e-06,77.88953876495361,83.70703125,312.01744842529297,0.0,105.0,0.0,0.605847954750061,0.6222222447395325,0.5894736647605896,0.605847954750061,0.6222222447395325,0.5894736647605896,-0.007657879032194614,0.7070762515068054,-0.7070762515068054,-0.007657879032194614,0.7070762515068054,-0.7070762515068054,138.5,140.0,137.0,0.5,138.5,140.0,137.0,0.5,0.0,3863.0,3863.0,3863.0,1.0,42.136670420877635,1.3681112653575838,1.1988260201178491,0.12550245132297277,3.845691177994013,4.587957668118179,53.29349867720157,152.117943757681,0.48053119804998284,0.1497970786102523,0.015681925693236634,8003.0,53.29349867720157,150.1684107563312,
106,3373.0,3373.0,0.0,3373.0,3373.0,3373.0,0.3039798438549042,1.0,0.04655599594116211,0.003019899595528841,0.007742948364466429,0.9995107054710388,1.327176570892334,0.2830188572406769,0.0007459638291038573,0.00042362225940451026,1.3263111114501953,0.28237205743789673,0.0006467849016189575,0.0006909817457199097,0.0013377666473388672,-4.419684410095215e-05,1.0006473064422607,0.0001691579818725586,-0.22552764415740967,0.0,-0.0016536711918888614,0.0,0.0,0.0007076868205331266,0.001,7.076868087096955e-07,0.00016307830810546875,3e-06,77.88953876495361,83.70703125,312.3479804992676,0.0,106.0,0.0,0.5333333611488342,0.5333333611488342,0.5333333611488342,0.5333333611488342,0.5333333611488342,0.5333333611488342,0.0,0.0,0.0,0.0,0.0,0.0,205.5,235.0,176.0,0.5,205.5,235.0,176.0,0.5,0.0,1481.0,1481.0,1481.0,1.0,76.24725969601423,1.2503350302577019,1.0929949800483882,0.11978969862684608,3.314949542749673,3.0900961589068174,85.151157932356,185.51644694893972,0.9827896658018598,0.32404238957853193,0.03551428954249809,3373.0,85.151157932356,39.61190994818307,
107,765.0,765.0,0.0,765.0,765.0,765.0,0.9979109168052673,1.0,0.033225834369659424,0.002213182393461466,0.005918693263083696,0.9998821020126343,4.818550109863281,1.4480758905410767,-0.00100114441011101,0.00025091381394304335,4.82642126083374,1.4493528604507446,-0.001276940107345581,0.001276940107345581,-0.0005205273628234863,-0.0020333528518676758,0.9987241625785828,0.0030072927474975586,0.08915543556213379,0.0,0.0011826712870970368,0.0,0.0,0.00036039492988493294,0.001,3.60394949439069e-07,4.982948303222656e-05,3e-06,77.88953876495361,83.70703125,322.1017265319824,0.0,107.0,0.0,0.0,0.0,0.0,0.0,0.0,0.0,0.0,0.0,0.0,0.0,0.0,0.0,42.5,58.0,27.0,0.5,42.5,58.0,27.0,0.5,0.0,340.0,340.0,340.0,1.0,12.062827778048813,0.8967916374094784,0.8713748939335346,0.08811879390850663,2.5846087830141187,3.848164943046868,20.40320170391351,141.91562091822132,3.3785735725674755,1.139052148932725,0.11518796589347272,765.0,20.40320170391351,37.49411543842486,
108,8035.0,8035.0,0.0,8035.0,8035.0,8035.0,0.0263533815741539,1.0,0.07112675905227661,0.0008657339494675398,0.005741926375776529,0.9980557560920715,1.0290045738220215,0.02842976152896881,-0.0008538015536032617,4.716707189800218e-05,1.0299091339111328,0.02929569035768509,-0.0008659288287162781,0.0008659288287162781,-0.00016488507390022278,-0.0015669725835323334,0.9991346597671509,0.0019012689590454102,0.30509674549102783,0.0,0.00012795139627996832,0.0,-0.012209028005599976,0.0005585060571320355,0.001,-0.012208491563796997,0.25390625,3e-06,77.88953876495361,83.70703125,359.8716735839844,0.0,108.0,0.0,0.7799999713897705,1.0,0.5600000023841858,0.7799999713897705,1.0,0.5600000023841858,0.012233731336891651,0.7071045637130737,-0.7071043848991394,0.012233731336891651,0.7071045637130737,-0.7071043848991394,144.5,147.0,142.0,0.5,144.5,147.0,142.0,0.5,0.0,3873.0,3873.0,3873.0,1.0,38.12693852139637,1.3141840333119035,1.1961368042975664,0.12015118030831218,3.468473623972386,3.9058190477080643,48.187212376855314,131.92712291140612,0.43167064392935733,0.14886581260704,0.01495347608068602,8035.0,48.187212376855314,166.74548295429665,
109,3147.0,3147.0,0.0,3147.0,3147.0,3147.0,0.2675589323043823,1.0,0.05269908905029297,0.0031715466175228357,0.007744794245809317,0.9993211627006531,1.2416291236877441,0.21553897857666016,0.0016441979678347707,0.00037354507367126644,1.2387847900390625,0.21330109238624573,0.002237878739833832,0.002237878739833832,0.003577888011932373,0.0008978694677352905,1.0022412538528442,-0.001834869384765625,-0.3204110860824585,0.0,0.0005922220880165696,0.0,0.0,0.0037809930508956313,0.001,3.780993210966699e-06,0.0021209716796875,3e-06,77.88953876495361,83.70703125,360.8752136230469,0.0,109.0,0.0,0.4000000059604645,0.4000000059604645,0.4000000059604645,0.4000000059604645,0.4000000059604645,0.4000000059604645,0.0,0.0,0.0,0.0,0.0,0.0,118.5,171.0,66.0,0.5,118.5,171.0,66.0,0.5,0.0,1455.0,1455.0,1455.0,1.0,36.12363896891475,0.9926029010675848,1.0165665978565812,0.11602295422926545,3.115205659996718,4.346501213964075,45.74257001513615,152.42041759035757,0.9898969367641304,0.32302719982732164,0.03686779606903891,3147.0,45.74257001513615,68.79805832856925,
110,3907.0,3907.0,0.0,3907.0,3907.0,3907.0,0.9053744077682495,1.0,0.06901228427886963,0.0035616657696664333,0.009299625642597675,0.9996727705001831,2.809762477874756,0.77897047996521,0.0012037628330290318,0.000553743215277791,2.804457664489746,0.7787251472473145,0.00024534016847610474,0.002608291804790497,0.0028536319732666016,-0.002362951636314392,1.0002487897872925,-0.00017374753952026367,-0.09442222118377686,0.0,-0.0003973911516368389,0.0,0.2625969797372818,0.0036766509292647243,0.001,0.2626006603240967,0.98046875,3e-06,77.88953876495361,83.70703125,360.74416732788086,0.0,110.0,0.0,0.46666669845581055,0.5333333611488342,0.4000000059604645,0.46666669845581055,0.5333333611488342,0.4000000059604645,-0.2598179876804352,0.7070991396903992,-0.707099437713623,-0.2598179876804352,0.7070991396903992,-0.707099437713623,107.5,147.0,68.0,0.5,107.5,147.0,68.0,0.5,0.0,1846.0,1846.0,1846.0,1.0,30.114053995348513,1.0672537316568196,1.299219923093915,0.13323844783008099,2.936964701861143,3.8010478112846613,39.38521357579157,140.06536742022564,0.7517186336987824,0.33253645331300613,0.03410249496546736,3907.0,39.38521357579157,99.19966518606029,
111,3301.0,3301.0,0.0,3301.0,3301.0,3301.0,0.3348245620727539,1.0,0.13988113403320312,0.003749024821445346,0.010747413150966167,0.9992011785507202,1.42333984375,0.3508067727088928,0.0019059713231399655,0.0005765247042290866,1.4194519519805908,0.3484065532684326,0.0024001896381378174,0.005266726016998291,0.007666915655136108,-0.0028665363788604736,1.002416968345642,-0.0015965104103088379,0.6477426290512085,0.0,-0.0002975917886942625,0.0,0.0,0.0008763627847656608,0.001,8.7636283296888e-07,0.000186920166015625,3e-06,77.88953876495361,83.70703125,311.79944610595703,0.0,111.0,0.0,0.4000000059604645,0.4000000059604645,0.4000000059604645,0.4000000059604645,0.4000000059604645,0.4000000059604645,0.0,0.0,0.0,0.0,0.0,0.0,186.5,204.0,169.0,0.5,186.5,204.0,169.0,0.5,0.0,1464.0,1464.0,1464.0,1.0,50.15952521190047,0.9397553959861398,1.0635727709159255,0.12797587784007192,2.8646319219842553,3.9808351397514343,59.197219885885715,134.4759389058994,0.8678073074778113,0.3221971435673813,0.038768820914896064,3301.0,59.197219885885715,55.76275383140165,
112,7983.0,7983.0,0.0,7983.0,7983.0,7983.0,0.030605267733335495,1.0,0.03728964924812317,0.0008208486833609641,0.004039198160171509,0.9994708895683289,1.0487091541290283,0.047462910413742065,0.0012505101040005684,0.00015415925008710474,1.0473941564559937,0.04623137041926384,0.0012315399944782257,0.0017769336700439453,0.003008473664522171,-0.0005453936755657196,1.0012338161468506,-0.0019042491912841797,-0.2053736448287964,0.0,0.00047658571565989405,0.0,-0.007696360349655151,0.002012553217355162,0.001,-0.007694333791732788,0.61328125,3e-06,77.88953876495361,83.70703125,311.6791877746582,0.0,112.0,0.0,0.6909090876579285,0.7272727489471436,0.6545454263687134,0.6909090876579285,0.7272727489471436,0.6545454263687134,0.00754904979839921,0.7070930600166321,-0.7070930600166321,0.00754904979839921,0.7070930600166321,-0.7070930600166321,140.5,142.0,139.0,0.5,140.5,142.0,139.0,0.5,0.0,3851.0,3851.0,3851.0,1.0,40.11414731713012,1.1681654159910977,1.129389151930809,0.12047840422019362,3.924529117066413,3.4125982271507382,49.901774800382555,142.75497265882603,0.4916108126100981,0.14147427682961405,0.01509187075287406,7983.0,49.901774800382555,159.97427009226936,
113,789.0,789.0,0.0,789.0,789.0,789.0,0.8080273270606995,1.0,0.03789466619491577,0.00411500409245491,0.008382457308471203,0.9997044205665588,2.478269100189209,0.8522650003433228,0.002630630973726511,0.0008149034110829234,2.4714889526367188,0.8497325778007507,0.0025324225425720215,0.0025324225425720215,0.003173351287841797,0.001891493797302246,1.0025358200073242,-0.0020595192909240723,-0.24835646152496338,0.0,0.0,0.0,0.0,0.0007156933861551806,0.001,7.156934316299157e-07,0.00014972686767578125,3e-06,77.88953876495361,83.70703125,311.50226974487305,0.0,113.0,0.0,0.0,0.0,0.0,0.0,0.0,0.0,0.0,0.0,0.0,0.0,0.0,0.0,55.5,64.0,47.0,0.5,55.5,64.0,47.0,0.5,0.0,339.0,339.0,339.0,1.0,14.066928882151842,0.9316174820996821,0.97403614083305,0.18676115479320288,2.865132594946772,3.1003281329758465,22.182265351060778,126.72908902839498,3.6313467616562383,1.234519823616033,0.2367061530965816,789.0,22.182265351060778,35.568955087009144,
114,3249.0,3249.0,0.0,3249.0,3249.0,3249.0,0.29408901929855347,1.0,0.058805644512176514,0.0027421582490205765,0.007220406550914049,0.9996145963668823,1.3482497930526733,0.2986723482608795,-0.0013271253556013107,0.0003398263070266694,1.3500502109527588,0.2999652624130249,-0.001292899250984192,0.0023633986711502075,0.0010704994201660156,-0.0036562979221343994,0.9987107515335083,0.004002094268798828,1.14522123336792,0.0,-0.0020441004307940602,0.0,-0.009600132703781128,0.0008194127003662288,0.001,-0.00959932804107666,0.72265625,3e-06,77.88953876495361,83.70703125,312.2130355834961,0.0,114.0,0.0,0.699999988079071,1.0,0.4000000059604645,0.699999988079071,1.0,0.4000000059604645,0.010247912257909775,0.7071051001548767,-0.7071050405502319,0.010247912257909775,0.7071051001548767,-0.7071050405502319,172.5,175.0,170.0,0.5,172.5,175.0,170.0,0.5,0.0,1452.0,1452.0,1452.0,1.0,48.1550009297207,1.069035294931382,0.9654979747720063,0.13204584131017327,3.2452630032785237,4.244641161989421,57.85279464023188,139.57971283977014,0.9988498009475296,0.2971677361563577,0.04064199486308811,3249.0,57.85279464023188,56.15977620795153,
115,3393.0,3393.0,0.0,3393.0,3393.0,3393.0,0.3119129538536072,1.0,0.05955857038497925,0.0027779696974903345,0.007063946221023798,0.9996128082275391,1.4113271236419678,0.34134572744369507,2.8783417292288505e-05,0.0002991479414049536,1.4111218452453613,0.3412891626358032,5.65648078918457e-05,0.001123964786529541,0.0011805295944213867,-0.0010673999786376953,1.0000572204589844,0.0011167526245117188,0.11304867267608643,0.0,-0.0016016600420698524,0.0,-0.01718154549598694,0.00108935366733931,0.001,-0.017180442810058594,0.5546875,3e-06,77.88953876495361,83.70703125,311.15524673461914,0.0,115.0,0.0,0.3142857253551483,0.4000000059604645,0.22857142984867096,0.3142857253551483,0.4000000059604645,0.22857142984867096,0.017478829249739647,0.7071008682250977,-0.707101047039032,0.017478829249739647,0.7071008682250977,-0.707101047039032,222.5,228.0,217.0,0.5,222.5,228.0,217.0,0.5,0.0,1474.0,1474.0,1474.0,1.0,64.19093198189512,1.1557514178566635,1.0240117739886045,0.1323645869269967,3.5062151472084224,3.8698002053424716,73.91051923111081,144.2492853525733,1.0333672700290075,0.30180128912130993,0.039011077785734365,3393.0,73.91051923111081,45.90686190947229,
116,3802.0,3802.0,0.0,3802.0,3802.0,3802.0,0.5326458215713501,1.0,0.07039350271224976,0.0052212136797606945,0.01160965021699667,0.9993234276771545,1.7086074352264404,0.5052067041397095,0.0043861293233931065,0.0007876632735133171,1.7015635967254639,0.5024885535240173,0.0027181655168533325,0.005877479910850525,0.008595645427703857,-0.0031593143939971924,1.0027391910552979,-0.005676686763763428,-0.20345592498779297,0.0,-0.0009896238334476948,0.0,0.0,0.0027913471567444503,0.001,2.7913472422369523e-06,0.001007080078125,3e-06,77.88953876495361,83.70703125,312.1480484008789,0.0,116.0,0.0,0.1599999964237213,0.1599999964237213,0.1599999964237213,0.1599999964237213,0.1599999964237213,0.1599999964237213,0.0,0.0,0.0,0.0,0.0,0.0,74.0,95.0,53.0,0.5,74.0,95.0,53.0,0.5,0.0,1827.0,1827.0,1827.0,1.0,22.073839993216097,0.9713170197792351,1.1736179408617318,0.044540201779454947,3.2376071671023965,3.980465800035745,31.50150378840044,149.1475675217304,0.8515536999217245,0.30868436108935604,0.011714939973554694,3802.0,31.50150378840044,120.69265091401705,
117,2644.0,2644.0,0.0,2644.0,2644.0,2644.0,0.779548168182373,1.0,0.04417073726654053,0.003925480879843235,0.007653478998690844,0.9996788501739502,2.107428550720215,0.740532398223877,-0.0017576764803379774,0.000477532361401245,2.1107616424560547,0.7421826124191284,-0.0016502737998962402,0.0016502737998962402,-0.0009437799453735352,-0.0023567676544189453,0.9983513355255127,0.005450844764709473,1.3321762084960938,0.0,-0.0011242231994401664,0.0,0.0,0.0006580624612979591,0.001,6.580625040442101e-07,7.534027099609375e-05,3e-06,77.88953876495361,83.70703125,312.0203285217285,0.0,117.0,0.0,0.0,0.0,0.0,0.0,0.0,0.0,0.0,0.0,0.0,0.0,0.0,0.0,217.0,250.0,184.0,0.5,217.0,250.0,184.0,0.5,0.0,1105.0,1105.0,1105.0,1.0,66.22684521833435,1.3439030852168798,1.0194467529654503,0.12411385588347912,3.9892616691067815,4.428355805110186,77.16737664211541,152.59641755376578,1.5087979081341836,0.3855698763106847,0.046941700409787866,2644.0,77.16737664211541,34.263183680096645,
118,3417.0,3417.0,0.0,3417.0,3417.0,3417.0,0.08699334412813187,1.0,0.04178118705749512,0.001456526224501431,0.00586723955348134,0.9986127614974976,1.0392531156539917,0.038474030792713165,-0.001286352053284645,5.2440522267716005e-05,1.0407212972640991,0.03986543416976929,-0.0013914043083786964,0.002346082590520382,0.0009546782821416855,-0.0037374868988990784,0.9986122846603394,0.002785921096801758,0.10279369354248047,0.0,0.0003379208646947518,0.0,0.032143205404281616,0.002533329068683088,0.001,0.03214573860168457,0.63671875,3e-06,77.88953876495361,83.70703125,312.14166259765625,0.0,118.0,0.0,0.699999988079071,1.0,0.4000000059604645,0.699999988079071,1.0,0.4000000059604645,-0.031661391258239746,0.7071051001548767,-0.7071050405502319,-0.031661391258239746,0.7071051001548767,-0.7071050405502319,33.5,35.0,32.0,0.5,33.5,35.0,32.0,0.5,0.0,1675.0,1675.0,1675.0,1.0,14.072970770765096,1.21985663799569,1.020186798647046,0.12044806405901909,3.706149066798389,4.433537105098367,24.626199363730848,210.0443398621656,1.0846207394786038,0.29856213012790345,0.03524965292918323,3417.0,24.626199363730848,138.7546632564225,
119,3132.0,3132.0,0.0,3132.0,3132.0,3132.0,0.3202114403247833,1.0,0.06241700053215027,0.0035682320594787598,0.00901703629642725,0.9993994235992432,2.510516405105591,0.7573131322860718,-0.003755077486857772,0.00087710190564394,2.5327677726745605,0.7641008496284485,-0.006787754595279694,0.006787754595279694,-0.002938583493232727,-0.01063692569732666,0.993242621421814,0.011241436004638672,1.1965882778167725,0.02380952425301075,0.005540076526813209,0.0,-0.5564276278018951,0.0012847422913182527,0.001,-0.5564263463020325,1.2421875,3e-06,77.88953876495361,83.70703125,311.3763084411621,0.0,119.0,0.0,0.3199999928474426,0.6399999856948853,0.0,0.3199999928474426,0.6399999856948853,0.0,0.5571132302284241,0.7071052193641663,-0.7071052193641663,0.5571132302284241,0.7071052193641663,-0.7071052193641663,99.0,177.0,21.0,0.5,99.0,177.0,21.0,0.5,0.0,1467.0,1467.0,1467.0,1.0,28.150081805884838,1.0725026726722717,0.8510765042155981,0.1217561699450016,2.804615316912532,3.0458129849284887,36.07922455202788,142.17213033275172,0.895471046268369,0.27173579317228547,0.038874894618455176,3132.0,36.07922455202788,86.80896108184126,
120,3372.0,3372.0,0.0,3372.0,3372.0,3372.0,0.24530580639839172,1.0,0.07955655455589294,0.002896590856835246,0.007909432053565979,0.9993177056312561,1.207746982574463,0.18818917870521545,-0.0021049310453236103,0.0002883326087612659,1.2103514671325684,0.19036127626895905,-0.0021720901131629944,0.0021720901131629944,-0.00163230299949646,-0.002711877226829529,0.9978303909301758,0.005382537841796875,1.4258859157562256,0.0,0.0014361330540850759,0.0,0.0887870192527771,0.0006975716823944822,0.001,0.08878770470619202,0.53515625,3e-06,77.88953876495361,83.70703125,311.46674728393555,0.0,120.0,0.0,0.2742857038974762,0.3199999928474426,0.22857142984867096,0.2742857038974762,0.3199999928474426,0.22857142984867096,-0.0879639983177185,0.7070960402488708,-0.7070958018302917,-0.0879639983177185,0.7070960402488708,-0.7070958018302917,209.0,235.0,183.0,0.5,209.0,235.0,183.0,0.5,0.0,1477.0,1477.0,1477.0,1.0,56.180090218316764,0.968965461011976,0.8387604998424649,0.12440787069499493,2.782328302040696,3.994719982147217,176.7224326110445,134.40212970889178,0.8251270172125433,0.24874273423560644,0.03689438632710407,3372.0,176.7224326110445,19.080769487943673,111.79230713099241
121,3773.0,3773.0,0.0,3773.0,3773.0,3773.0,0.3924862742424011,1.0,0.062365129590034485,0.005013095680624247,0.0120072141289711,0.9989235401153564,1.3916206359863281,0.3303873538970947,0.0029752107802778482,0.0007677793619222939,1.3870370388031006,0.3269983232021332,0.0033890455961227417,0.005747899413108826,0.009136945009231567,-0.002358853816986084,1.0034112930297852,-0.003019273281097412,-0.14087921380996704,0.0,-0.0013676814851351082,0.0,-0.0485873818397522,0.020722143352031708,0.001,-0.04856666922569275,1.8359375,3e-06,77.88953876495361,83.70703125,311.42038345336914,0.0,121.0,0.0,0.49523812532424927,0.5333333611488342,0.4571428596973419,0.49523812532424927,0.5333333611488342,0.4571428596973419,0.05091046914458275,0.7070934176445007,-0.7070939540863037,0.05091046914458275,0.7070934176445007,-0.7070939540863037,62.5,67.0,58.0,0.5,62.5,67.0,58.0,0.5,0.0,1824.0,1824.0,1824.0,1.0,18.0766863822937,1.0963209802284837,0.9391797948628664,0.12616468081250787,3.1903355522081256,4.272349439095706,27.730914914049208,144.6134910583496,0.8455699846827791,0.2489212284290661,0.03343882343294669,3773.0,27.730914914049208,136.0575376504617,
122,852.0,852.0,0.0,852.0,852.0,852.0,0.8351870179176331,1.0,0.04529750347137451,0.004402584861963987,0.0082089276984334,0.9996708631515503,2.165252685546875,0.7724841833114624,0.002285703318193555,0.0004738301504403353,2.1605870723724365,0.7703620791435242,0.0021221041679382324,0.004308760166168213,0.006430864334106445,-0.0021866559982299805,1.0021336078643799,-0.0026900768280029297,-0.12870365381240845,0.0,0.0,0.0,0.0,0.0005660721217282116,0.001,5.660721171807381e-07,0.00010395050048828125,3e-06,77.88953876495361,83.70703125,312.0319519042969,0.0,122.0,0.0,0.0,0.0,0.0,0.0,0.0,0.0,0.0,0.0,0.0,0.0,0.0,0.0,79.0,82.0,76.0,0.5,79.0,82.0,76.0,0.5,0.0,347.0,347.0,347.0,1.0,28.10187133681029,1.2401508069597185,1.1942530320957303,0.0815775147639215,3.7167796338908374,4.406720470171422,38.77607015427202,177.85994516968537,4.362417410669997,1.4017054367320778,0.09574825676516607,852.0,38.77607015427202,21.972314280696487,
123,3127.0,3127.0,0.0,3127.0,3127.0,3127.0,0.4014885723590851,1.0,0.650256872177124,0.009305030107498169,0.045190926641225815,0.9881969690322876,1.4164447784423828,0.3385993242263794,0.028958335518836975,0.018152300268411636,1.3889374732971191,0.32177671790122986,0.016822606325149536,0.02200213074684143,0.03882473707199097,-0.0051795244216918945,1.0172110795974731,-0.01024407148361206,-0.16070467233657837,0.005780346691608429,-0.013809212483465672,0.005780346691608429,0.4093964248895645,0.008087464375421405,0.001,0.4094045162200928,1.1640625,3e-06,77.88953876495361,83.70703125,312.5126762390137,0.0,123.0,0.0,0.20000000298023224,0.4000000059604645,0.0,0.20000000298023224,0.4000000059604645,0.0,-0.3900171220302582,0.7071042060852051,-0.7071042060852051,-0.3900171220302582,0.7071042060852051,-0.7071042060852051,111.5,173.0,50.0,0.5,111.5,173.0,50.0,0.5,0.0,1452.0,1452.0,1452.0,1.0,40.138504752889276,0.9074900429695845,0.9304749160073698,0.12157595064491034,2.712627700995654,3.190132367890328,48.054652746766806,179.99329485600572,0.8674856734875772,0.2975615337407642,0.038879421376690225,3127.0,48.054652746766806,65.0717427192394,
124,3285.0,3285.0,0.0,3285.0,3285.0,3285.0,1.056509017944336,1.0,0.06052207946777344,0.00585298053920269,0.010020948946475983,0.9995236396789551,2.985881805419922,1.0107582807540894,-0.0009234938770532608,0.0008252440020442009,2.9884819984436035,1.011718988418579,-0.0009606480598449707,0.0009606480598449707,-0.0007301568984985352,-0.0011911392211914062,0.9990398287773132,0.00517427921295166,0.6102026700973511,0.0,0.0020658690482378006,0.0,0.0,0.0006213990563992411,0.001,6.213990673131775e-07,7.62939453125e-05,3e-06,77.88953876495361,83.70703125,311.5687942504883,0.0,124.0,0.0,0.0,0.0,0.0,0.0,0.0,0.0,0.0,0.0,0.0,0.0,0.0,0.0,257.5,299.0,216.0,0.5,257.5,299.0,216.0,0.5,0.0,1385.0,1385.0,1385.0,1.0,74.23324557766318,0.8690286539494991,0.9118443666957319,0.11955377273261547,2.6919727739878,3.6191003969870508,82.49819120112807,144.14222442264696,0.8194742082154642,0.2775781938190965,0.03639384253656483,3285.0,82.49819120112807,39.819054844381625,
125,2800.0,2800.0,0.0,2800.0,2800.0,2800.0,0.7488322854042053,1.0,0.04364728927612305,0.005339939147233963,0.008834116160869598,0.9995682835578918,2.1759467124938965,0.7755120396614075,0.001745173940435052,0.0007846041116863489,2.1753451824188232,0.7749027013778687,0.0006093084812164307,0.005123883485794067,0.005733191967010498,-0.004514575004577637,1.0006226301193237,-0.0003440976142883301,1.1113862991333008,0.0,0.0005011208122596145,0.0,0.0,0.0008713746792636812,0.001,8.713747092770063e-07,0.000110626220703125,3e-06,77.88953876495361,83.70703125,311.6171875,0.0,125.0,0.0,0.0,0.0,0.0,0.0,0.0,0.0,0.0,0.0,0.0,0.0,0.0,0.0,203.0,248.0,158.0,0.5,203.0,248.0,158.0,0.5,0.0,1197.0,1197.0,1197.0,1.0,52.15443720296025,0.8846943005919456,0.8345543942414224,0.13136666733771563,2.668150058016181,4.032523311674595,60.75730218505487,128.45920493339963,0.9529107350057789,0.298055140800508,0.04691666690632701,2800.0,60.75730218505487,46.08499553636775,
126,3863.0,3863.0,0.0,3863.0,3863.0,3863.0,0.05548850819468498,1.0,0.03120797872543335,0.0008586215553805232,0.003348324680700898,0.9988606572151184,1.020965576171875,0.02074827253818512,0.00047502221423201263,1.535691444587428e-05,1.0204100608825684,0.020204516127705574,0.000543755479156971,0.0007772231474518776,0.0013209786266088486,-0.00023346766829490662,1.0005441904067993,-0.0008895993232727051,-0.062084197998046875,0.0,0.0005199802399147302,0.0,0.06256017088890076,0.0008937590464483947,0.001,0.06256106495857239,0.296875,3e-06,77.88953876495361,83.70703125,311.88203048706055,0.0,126.0,0.0,0.36000001430511475,0.4000000059604645,0.3199999928474426,0.36000001430511475,0.4000000059604645,0.3199999928474426,-0.06253241002559662,0.7070940136909485,-0.7070945501327515,-0.06253241002559662,0.7070940136909485,-0.7070945501327515,73.5,80.0,67.0,0.5,73.5,80.0,67.0,0.5,0.0,1858.0,1858.0,1858.0,1.0,20.077434804290533,1.0257792919874191,0.8502050298266113,0.11976991919800639,2.6768741877749562,3.393435322213918,28.172878883313388,136.58118914483356,0.6929521583678375,0.22008931654843678,0.03100437980792296,3863.0,28.172878883313388,137.1176874042514,
127,798.0,798.0,0.0,798.0,798.0,798.0,1.0342912673950195,1.0,0.030824899673461914,0.002933124778792262,0.006253128405660391,0.9998399019241333,2.3951995372772217,0.8424639701843262,-0.001297591021284461,0.0004682550788857043,2.3986096382141113,0.8432226181030273,-0.0007586479187011719,0.0026944875717163086,0.0019358396530151367,-0.0034531354904174805,0.999245285987854,0.004475712776184082,0.23730945587158203,0.0,0.0,0.0,0.0,0.0004189839164610021,0.001,4.1898391600625473e-07,0.0001049041748046875,3e-06,77.88953876495361,83.70703125,312.0948486328125,0.0,127.0,0.0,0.0,0.0,0.0,0.0,0.0,0.0,0.0,0.0,0.0,0.0,0.0,0.0,60.0,72.0,48.0,0.5,60.0,72.0,48.0,0.5,0.0,339.0,339.0,339.0,1.0,16.0817285887897,0.8791746338829398,0.924980326090008,0.11892858101055026,2.736842163838446,3.217133211903274,24.004111991729587,134.01440490658084,3.429626771727376,1.1591232156516391,0.1490333095370304,798.0,24.004111991729587,33.24430415401095,
128,8844.0,8844.0,0.0,8844.0,8844.0,8844.0,0.012025649659335613,1.0,0.4319237470626831,0.003430828684940934,0.030884267762303352,0.7111421823501587,1.0027003288269043,0.0026967613957822323,-0.0029025087133049965,0.0012468176428228617,1.005614995956421,0.005599270574748516,-0.002902509178966284,0.002902509178966284,-0.002900828141719103,-0.002904189983382821,0.9971016645431519,0.012104511260986328,1.9610342979431152,0.0,0.0013213744095992297,0.0,0.0,0.00030635177972726524,0.001,3.06351807921601e-07,0.0001697540283203125,3e-06,77.88953876495361,83.70703125,364.09979248046875,0.0,128.0,0.0,1.0,1.0,1.0,1.0,1.0,1.0,0.0,0.0,0.0,0.0,0.0,0.0,187.0,187.0,187.0,1.0,187.0,187.0,187.0,1.0,0.0,4235.0,4235.0,4235.0,1.0,48.1615889063105,1.2704270877875388,1.1434478512965143,0.12811178108677268,3.5581249711103737,4.154399820137769,58.47028779797256,128.77430188853074,0.4023207791848003,0.1292908018200491,0.014485728300177825,8844.0,58.47028779797256,151.25631039405732,
129,3018.0,3018.0,0.0,3018.0,3018.0,3018.0,0.14287786185741425,1.0,0.04631984233856201,0.0026102596893906593,0.008035135455429554,0.9988858699798584,1.110650897026062,0.1028221994638443,0.002996208146214485,0.0001904378877952695,1.1078295707702637,0.10047456622123718,0.002347635105252266,0.0030807536095380783,0.005428388714790344,-0.0007331185042858124,1.0023550987243652,-0.005244195461273193,-0.22950482368469238,0.0,-0.0007579840312246233,0.0,0.14868471026420593,0.004442259902134538,0.001,0.1486891508102417,0.69140625,3e-06,77.88953876495361,83.70703125,359.74773025512695,0.0,129.0,0.0,0.36000001430511475,0.4000000059604645,0.3199999928474426,0.36000001430511475,0.4000000059604645,0.3199999928474426,-0.14886221289634705,0.7070940136909485,-0.7070945501327515,-0.14886221289634705,0.7070940136909485,-0.7070945501327515,57.0,69.0,45.0,0.5,57.0,69.0,45.0,0.5,0.0,1452.0,1452.0,1452.0,1.0,18.081330876797438,0.9167183288373053,0.9191723191179335,0.10489019798114896,3.4335104119963944,3.852815846912563,27.366692891344428,158.60816558594243,1.1376774062280963,0.3045633926832119,0.034754870106411186,3018.0,27.366692891344428,110.28004048507216,
130,3173.0,3173.0,0.0,3173.0,3173.0,3173.0,0.5196520090103149,1.0,0.0996735692024231,0.0034401612356305122,0.009255734272301197,0.9994698166847229,5.919869422912598,1.2787649631500244,0.003558109514415264,0.0011520287953317165,5.854930877685547,1.2716336250305176,0.007131271064281464,0.007131271064281464,0.012042045593261719,0.0022204965353012085,1.0071690082550049,-0.0030443668365478516,-0.5982328057289124,0.0,0.0020866431877948344,0.0,-0.5139539763331413,0.0030284965177997947,0.001,-0.5139509439468384,1.15625,3e-06,77.88953876495361,83.70703125,360.04317474365234,0.0,130.0,0.0,0.20000000298023224,0.4000000059604645,0.0,0.20000000298023224,0.4000000059604645,0.0,0.5145077705383301,0.7071042060852051,-0.7071042060852051,0.5145077705383301,0.7071042060852051,-0.7071042060852051,128.5,222.0,35.0,0.5,128.5,222.0,35.0,0.5,0.0,1458.0,1458.0,1458.0,1.0,34.14833686361089,0.9661870249547064,0.8682892210781574,0.12411930412054062,2.861865750979632,3.190337902866304,42.189559819642454,132.87290608408907,0.901943192870984,0.2736492975348747,0.039117335052171645,3173.0,42.189559819642454,75.20817978581343,
131,3220.0,3220.0,0.0,3220.0,3220.0,3220.0,0.3900461792945862,1.0,0.04931437969207764,0.0035247651394456625,0.007922526448965073,0.9995571970939636,1.5171226263046265,0.4093642830848694,-0.0019151053857058287,0.0005636897985823452,1.520208716392517,0.4112488031387329,-0.001884549856185913,0.001884549856185913,-0.0006773471832275391,-0.003091752529144287,0.9981179237365723,0.006151556968688965,0.9774806499481201,0.0,-0.0011276973527856171,0.0,0.0,0.0010387066286057234,0.001,1.0387067277406459e-06,0.0003147125244140625,3e-06,77.88953876495361,83.70703125,312.13619232177734,0.0,131.0,0.0,0.4000000059604645,0.4000000059604645,0.4000000059604645,0.4000000059604645,0.4000000059604645,0.4000000059604645,0.0,0.0,0.0,0.0,0.0,0.0,158.0,162.0,154.0,0.5,158.0,162.0,154.0,0.5,0.0,1452.0,1452.0,1452.0,1.0,42.14984870282933,0.9348562359809875,0.9739732169546187,0.12395533081144094,2.8417953378520906,3.662074931897223,50.71864697476849,133.3855971608523,0.8825451359789102,0.30247615433373254,0.03849544435137917,3220.0,50.71864697476849,63.48749803207261,
132,2067.0,2067.0,0.0,2067.0,2067.0,2067.0,0.9378765225410461,1.0,0.030377864837646484,0.0026910100132226944,0.005968454293906689,0.9998468160629272,2.841674566268921,1.019317626953125,0.0007065454847179353,0.0005745532107539475,2.837865114212036,1.0186387300491333,0.0006788969039916992,0.0030153989791870117,0.003694295883178711,-0.0023365020751953125,1.0006836652755737,0.0008124113082885742,-0.023447930812835693,0.0,-0.002030553121585399,0.0,0.006855040788650513,0.0007733057136647403,0.001,0.006855815649032593,4.21875,3e-06,77.88953876495361,83.70703125,311.09224700927734,0.0,132.0,0.0,0.20000000298023224,0.4000000059604645,0.0,0.20000000298023224,0.4000000059604645,0.0,-0.006487194448709488,0.7071042060852051,-0.7071042060852051,-0.006487194448709488,0.7071042060852051,-0.7071042060852051,54.5,55.0,54.0,0.5,54.5,55.0,54.0,0.5,0.0,979.0,979.0,979.0,1.0,18.083587171975523,1.046257778070867,0.924458296969533,0.18776166625320911,3.9232814833521843,3.849801923148334,28.0437648370862,165.90446946766536,1.8980558700300842,0.4472463942765036,0.0908377679018912,2067.0,28.0437648370862,73.70622354051822,
133,834.0,834.0,0.0,834.0,834.0,834.0,0.8953187465667725,1.0,0.030566245317459106,0.002970936708152294,0.006247373763471842,0.9998313188552856,2.4419009685516357,0.8927052617073059,0.0022672510240226984,0.0002810197474900633,2.434166669845581,0.8895739316940308,0.003131359815597534,0.004147559404373169,0.007278919219970703,-0.0010161995887756348,1.0031449794769287,-0.0034201741218566895,-0.18522030115127563,0.0,-0.00032987842860165983,0.0,0.0,0.0005865709681529552,0.001,5.865709908903227e-07,0.00014019012451171875,3e-06,77.88953876495361,83.70703125,311.3552017211914,0.0,133.0,0.0,0.0,0.0,0.0,0.0,0.0,0.0,0.0,0.0,0.0,0.0,0.0,0.0,72.0,87.0,57.0,0.5,72.0,87.0,57.0,0.5,0.0,345.0,345.0,345.0,1.0,22.146031918935478,1.0495889862067997,0.970479303970933,0.13291743118315935,3.1326779341325164,3.7588792266324162,31.243268659804016,153.79188832594082,3.756208554115727,1.1636442493656272,0.15937341868484334,834.0,31.243268659804016,26.69374991077619,
134,8030.0,8030.0,0.0,8030.0,8030.0,8030.0,0.029096422716975212,1.0,0.5212019681930542,0.00798947736620903,0.04787721857428551,0.8907119631767273,1.0232808589935303,0.023013778030872345,0.012467406690120697,0.004910462535917759,1.0106022357940674,0.010546371340751648,0.012467407621443272,0.012467407621443272,0.013126445934176445,0.011808369308710098,1.0125455856323242,-0.0104522705078125,-0.9745603203773499,0.0,-0.012788199353963137,0.0,0.0,0.0022927545942366123,0.001,2.2927547433937434e-06,0.00022792816162109375,3e-06,77.88953876495361,83.70703125,313.3589782714844,0.0,134.0,0.0,0.7272727489471436,0.7272727489471436,0.7272727489471436,0.7272727489471436,0.7272727489471436,0.7272727489471436,0.0,0.0,0.0,0.0,0.0,0.0,148.0,148.0,148.0,1.0,148.0,148.0,148.0,1.0,0.0,3867.0,3867.0,3867.0,1.0,44.160999938845634,1.431382524780929,1.2737247329205275,0.13281578803434968,3.382369512692094,4.177538718096912,54.59364168299362,149.19256736096497,0.42121662673625077,0.15862076375099968,0.016539948696681156,8030.0,54.59364168299362,147.08672571482646,
135,832.0,832.0,0.0,832.0,832.0,832.0,1.0371816158294678,1.0,0.05288565158843994,0.003477544290944934,0.007971148937940598,0.9997578263282776,3.0714449882507324,1.1176135540008545,-0.0013842207845300436,0.0003965210635215044,3.075590133666992,1.118812084197998,-0.0011985301971435547,0.0015674829483032227,0.00036895275115966797,-0.0027660131454467773,0.998803436756134,0.004370689392089844,0.2760685682296753,0.0,0.0,0.0,0.0,0.0005703034985344857,0.001,5.703035412807367e-07,7.104873657226562e-05,3e-06,77.88953876495361,83.70703125,313.55216217041016,0.0,135.0,0.0,0.0,0.0,0.0,0.0,0.0,0.0,0.0,0.0,0.0,0.0,0.0,0.0,76.0,85.0,67.0,0.5,76.0,85.0,67.0,0.5,0.0,340.0,340.0,340.0,1.0,24.092199430800974,1.3871247158385813,0.9219538187608123,0.12235565111041069,3.1620099041610956,4.033562527038157,33.77437053620815,158.50131204474326,3.8004926732705475,1.1081175706259763,0.1470620806615513,832.0,33.77437053620815,24.634063841635363,
136,3832.0,3832.0,0.0,3832.0,3832.0,3832.0,0.5342153906822205,1.0,0.02942192554473877,0.002472101943567395,0.0051818168722093105,0.9998522996902466,1.8105189800262451,0.589957058429718,0.0016316714463755488,0.0003095344582106918,1.8076987266540527,0.5881301164627075,0.001826956868171692,0.003084734082221985,0.004911690950393677,-0.001257777214050293,1.001833438873291,-0.0020313262939453125,-0.14065420627593994,0.0,0.0023495916975662112,0.0,0.0,0.0049745209980756044,0.001,4.974521289113909e-06,0.000499725341796875,3e-06,77.88953876495361,83.70703125,314.33516693115234,0.0,136.0,0.0,0.5333333611488342,0.5333333611488342,0.5333333611488342,0.5333333611488342,0.5333333611488342,0.5333333611488342,0.0,0.0,0.0,0.0,0.0,0.0,79.0,84.0,74.0,0.5,79.0,84.0,74.0,0.5,0.0,1837.0,1837.0,1837.0,1.0,24.094950833823532,1.074910449795425,1.0395526951178908,0.12737575359642506,3.0942026120610535,4.018271943088621,33.4810833260417,152.49968882166792,0.807464147197561,0.27128201855894857,0.033240019205747665,3832.0,33.4810833260417,114.45268848333404,
137,3495.0,3495.0,0.0,3495.0,3495.0,3495.0,0.6466183662414551,1.0,0.16947855055332184,0.0057387384586036205,0.012907177209854126,0.9990989565849304,1.8080239295959473,0.5758857727050781,0.005150176119059324,0.003260900266468525,1.7983992099761963,0.5712769627571106,0.0046087950468063354,0.0046087950468063354,0.008717596530914307,0.0004999935626983643,1.0046279430389404,-0.0005142092704772949,-0.5858665108680725,0.0,-3.2495358027517796e-05,0.0,0.0,0.0026365509547758847,0.001,2.6365510166215245e-06,0.004180908203125,3e-06,77.88953876495361,83.70703125,314.523983001709,0.0,137.0,0.0,0.13333334028720856,0.13333334028720856,0.13333334028720856,0.13333334028720856,0.13333334028720856,0.13333334028720856,0.0,0.0,0.0,0.0,0.0,0.0,231.5,262.0,201.0,0.5,231.5,262.0,201.0,0.5,0.0,1516.0,1516.0,1516.0,1.0,68.29926548013464,0.9780835951678455,1.3561355113051832,0.13304204493761063,3.6259658480994403,3.973473316989839,78.47167759714648,147.51461226810937,1.0374723456650758,0.38802160552365755,0.038066393401319204,3495.0,78.47167759714648,44.53836220938764,
138,3090.0,3090.0,0.0,3090.0,3090.0,3090.0,0.09617643803358078,1.0,0.055029094219207764,0.0013883463107049465,0.006306481547653675,0.9993199110031128,1.0897103548049927,0.08590974658727646,0.0021885305177420378,6.685654079774395e-05,1.087443232536316,0.08382552862167358,0.0020842216908931732,0.0020842216908931732,0.00271008163690567,0.0014583617448806763,1.0020866394042969,-0.004116058349609375,-0.2631418704986572,0.0,-0.0012148788664489985,0.0,0.11923021078109741,0.012026159558445215,0.001,0.11924225091934204,0.61328125,3e-06,77.88953876495361,83.70703125,316.0158233642578,0.0,138.0,0.0,0.49523812532424927,0.5333333611488342,0.4571428596973419,0.49523812532424927,0.5333333611488342,0.4571428596973419,-0.11784921586513519,0.7070934176445007,-0.7070939540863037,-0.11784921586513519,0.7070934176445007,-0.7070939540863037,72.0,84.0,60.0,0.5,72.0,84.0,60.0,0.5,0.0,1473.0,1473.0,1473.0,1.0,24.153311740141362,1.2089372356422246,1.2014741781167686,0.1867792741395533,3.9772569281049073,4.619517093989998,35.38356178207323,167.73133152875945,1.287138164435245,0.38882659485979565,0.06044636703545415,3090.0,35.38356178207323,87.32868723141155,
139,3113.0,3113.0,0.0,3113.0,3113.0,3113.0,0.09240835905075073,1.0,0.0372961163520813,0.002400694414973259,0.007035045884549618,0.9984331130981445,1.0598164796829224,0.05786702036857605,-0.0007346355705522001,0.00011328639084240422,1.060418725013733,0.05838874727487564,-0.0005217287689447403,0.0020664166659116745,0.0015446878969669342,-0.002588145434856415,0.9994805455207825,0.0019292831420898438,0.19865036010742188,0.0,0.0014580414572265,0.0,0.07153952121734619,0.010491342283785343,0.001,0.07155001163482666,0.498046875,3e-06,77.88953876495361,83.70703125,316.8710708618164,0.0,139.0,0.0,0.29333335161209106,0.3199999928474426,0.2666666805744171,0.29333335161209106,0.3199999928474426,0.2666666805744171,-0.07285187393426895,0.7070876955986023,-0.7070884704589844,-0.07285187393426895,0.7070876955986023,-0.7070884704589844,82.5,91.0,74.0,0.5,82.5,91.0,74.0,0.5,0.0,1474.0,1474.0,1474.0,1.0,32.12863847706467,1.2944339867681265,1.2768538109958172,0.13714898377656937,3.5921671860851347,3.178225427865982,41.65487778186798,194.7190210731192,1.1539245698956424,0.4101682656587913,0.04405685312450028,3113.0,41.65487778186798,74.73314449034497,
140,3042.0,3042.0,0.0,3042.0,3042.0,3042.0,0.1345711201429367,1.0,0.2796905040740967,0.01579337567090988,0.045300260186195374,0.9578912258148193,1.1028006076812744,0.09749109297990799,0.025069531053304672,0.004489881452172995,1.0752946138381958,0.07242155820131302,0.02506953664124012,0.02506953664124012,0.03336169570684433,0.01677737757563591,1.0254216194152832,-0.03484666347503662,-0.9082867503166199,0.0,-0.02650949265807867,0.0,0.0,0.010688845068216324,0.001,1.0688845577533357e-05,0.0004253387451171875,3e-06,77.88953876495361,83.70703125,315.6615295410156,0.0,140.0,0.0,0.3199999928474426,0.3199999928474426,0.3199999928474426,0.3199999928474426,0.3199999928474426,0.3199999928474426,0.0,0.0,0.0,0.0,0.0,0.0,55.0,55.0,55.0,1.0,55.0,55.0,55.0,1.0,0.0,1466.0,1466.0,1466.0,1.0,16.100831338204443,1.0437607998028398,0.7785108899697661,0.17352022416889668,3.2857626932673156,4.479728582315147,154.50723724905401,146.37119398367676,1.0801323777999066,0.2559207396350316,0.05704149380963073,3042.0,154.50723724905401,19.688398124008426,128.60730486596003
141,8822.0,8822.0,0.0,8822.0,8822.0,8822.0,0.021823743358254433,1.0,0.1215025782585144,0.001027710852213204,0.008034813217818737,0.9887365102767944,1.0114150047302246,0.01133832335472107,0.0005446116556413472,6.367560854414478e-05,1.010864019393921,0.010789694264531136,0.0005486297886818647,0.0007110952865332365,0.0012597250752151012,-0.00016246549785137177,1.000549077987671,-0.0008397698402404785,-0.14931052923202515,0.0,-4.306421033106744e-05,0.0,-0.0036087632179260254,0.0020432694582268596,0.001,-0.0036067068576812744,0.275390625,3e-06,77.88953876495361,83.70703125,315.53083419799805,0.0,141.0,0.0,0.6391534805297852,0.6857143044471741,0.5925925970077515,0.6391534805297852,0.6857143044471741,0.5925925970077515,0.003994448576122522,0.7070955634117126,-0.7070964574813843,0.003994448576122522,0.7070955634117126,-0.7070964574813843,177.0,178.0,176.0,0.5,177.0,178.0,176.0,0.5,0.0,4234.0,4234.0,4234.0,1.0,56.181645868811756,1.3321276088245213,1.257070536725223,0.13374346075579524,3.7943766391836107,4.003918376285583,66.73976306198165,158.70521431867726,0.43010390378413177,0.1424926928956272,0.015160219990455139,8822.0,66.73976306198165,132.18506622217032,
142,3064.0,3064.0,0.0,3064.0,3064.0,3064.0,0.103725865483284,1.0,0.06899815797805786,0.002379075391218066,0.008351032622158527,0.9982197284698486,1.0755422115325928,0.07280389964580536,0.00013031470007263124,0.00020024711557198316,1.075387954711914,0.07264433056116104,0.00015956908464431763,0.002135135233402252,0.00229470431804657,-0.0019755661487579346,1.00016188621521,0.0005143880844116211,0.0291140079498291,0.0,-0.0002637284924276173,0.0,-0.008551746606826782,0.028452377766370773,0.001,-0.008523285388946533,0.62890625,3e-06,77.88953876495361,83.70703125,315.4312210083008,0.0,142.0,0.0,0.40000003576278687,0.5333333611488342,0.2666666805744171,0.40000003576278687,0.5333333611488342,0.2666666805744171,0.009686263278126717,0.7071029543876648,-0.7071031332015991,0.009686263278126717,0.7071029543876648,-0.7071031332015991,73.0,74.0,72.0,0.5,73.0,74.0,72.0,0.5,0.0,1459.0,1459.0,1459.0,1.0,28.10549980495125,0.9295998308807611,0.9102605148218572,0.14200992975383997,2.8631896222941577,3.4132089079357684,36.40024603623897,192.5034233215839,0.9344613649785111,0.29708241345360875,0.04634788830086161,3064.0,36.40024603623897,84.1752552152965,
143,2608.0,2608.0,0.0,2608.0,2608.0,2608.0,0.9444330334663391,1.0,0.09991610050201416,0.004685148596763611,0.010395561344921589,0.999549388885498,2.7774877548217773,0.9683014750480652,0.0009333966881968081,0.0009992177365347743,2.7744851112365723,0.9673399925231934,0.0009614825248718262,0.0009614825248718262,0.001340031623840332,0.0005829334259033203,1.0009620189666748,0.0021278858184814453,-0.25730812549591064,0.0,-0.0005988643024466,0.0,0.0,0.0008825041877571493,0.001,8.825041959426017e-07,0.0004825592041015625,3e-06,77.88953876495361,83.70703125,316.0038146972656,0.0,143.0,0.0,0.0,0.0,0.0,0.0,0.0,0.0,0.0,0.0,0.0,0.0,0.0,0.0,162.0,174.0,150.0,0.5,162.0,174.0,150.0,0.5,0.0,1142.0,1142.0,1142.0,1.0,50.166752971708775,1.1806148258037865,1.0855937669984996,0.13874195702373981,3.8233541599474847,5.222294214181602,61.64911097334698,154.8356573200888,1.4660100306547104,0.4162552787570934,0.05319860315327447,2608.0,61.64911097334698,42.30393526887237,
144,3375.0,3375.0,0.0,3375.0,3375.0,3375.0,0.461381196975708,1.0,0.06145334243774414,0.0027640729676932096,0.00715829711407423,0.9996830224990845,1.8429213762283325,0.5801965594291687,0.0009540862520225346,0.0003249042492825538,1.840196132659912,0.5789274573326111,0.0012690871953964233,0.0012690871953964233,0.0021280646324157715,0.0004101097583770752,1.0012702941894531,-0.0006126165390014648,-0.3323519229888916,0.0016666667070239782,0.0007499163039028645,0.0,0.25899550318717957,0.0048527647741138935,0.001,0.25900036096572876,0.5859375,3e-06,77.88953876495361,83.70703125,315.5819282531738,0.0,144.0,0.0,0.44285714626312256,0.6857143044471741,0.20000000298023224,0.44285714626312256,0.6857143044471741,0.20000000298023224,-0.2593253552913666,0.7071046829223633,-0.7071046233177185,-0.2593253552913666,0.7071046829223633,-0.7071046233177185,219.5,300.0,139.0,0.5,219.5,300.0,139.0,0.5,0.0,1468.0,1468.0,1468.0,1.0,84.27613860415295,1.4826756222173572,1.0111980917863548,0.14251472894102335,3.3549000481143594,3.4353064983151853,93.76655360870063,191.97298087506366,0.9940444587005509,0.2996142494181792,0.042226586352895806,3375.0,93.76655360870063,35.99364453645476,
145,3905.0,3905.0,0.0,3905.0,3905.0,3905.0,0.39473065733909607,1.0,0.11698448657989502,0.004979327321052551,0.01411849819123745,0.9989132881164551,1.660888433456421,0.5072622895240784,-0.005091386381536722,0.000706650665961206,1.6694729328155518,0.5124518871307373,-0.005189612507820129,0.005189612507820129,-0.0023412108421325684,-0.00803801417350769,0.9948278665542603,0.01307070255279541,2.2339658737182617,0.0,0.0024475688114762306,0.0,0.0,0.0047714789398014545,0.001,4.771479325427208e-06,0.0005340576171875,3e-06,77.88953876495361,83.70703125,315.8570442199707,0.0,145.0,0.0,0.2666666805744171,0.2666666805744171,0.2666666805744171,0.2666666805744171,0.2666666805744171,0.2666666805744171,0.0,0.0,0.0,0.0,0.0,0.0,101.5,105.0,98.0,0.5,101.5,105.0,98.0,0.5,0.0,1851.0,1851.0,1851.0,1.0,34.200549045111984,1.3119612927548587,1.2407967657782137,0.1378816249780357,3.849408768583089,5.777637362014502,46.57954976102337,168.47561105966494,0.9857640892658359,0.3177456506474299,0.035308994872736414,3905.0,46.57954976102337,83.8350739763399,
146,3027.0,3027.0,0.0,3027.0,3027.0,3027.0,0.1990889459848404,1.0,0.06821650266647339,0.0029102321714162827,0.01010203454643488,0.9989888668060303,1.240548849105835,0.21338318288326263,-0.0015888537745922804,0.0002821672533173114,1.242526650428772,0.21499010920524597,-0.0016069337725639343,0.0016069337725639343,-0.001395881175994873,-0.0018179863691329956,0.9983943700790405,0.0043294429779052734,0.18158793449401855,0.0,-0.0019200851675122976,0.0,0.0,0.01854068972170353,0.001,1.854068977991119e-05,0.00098419189453125,3e-06,77.88953876495361,83.70703125,316.3385238647461,0.0,146.0,0.0,0.4000000059604645,0.4000000059604645,0.4000000059604645,0.4000000059604645,0.4000000059604645,0.4000000059604645,0.0,0.0,0.0,0.0,0.0,0.0,52.5,57.0,48.0,0.5,52.5,57.0,48.0,0.5,0.0,1461.0,1461.0,1461.0,1.0,20.10726440185681,1.4758837716653943,1.2466608113609254,0.14219759684056044,3.8472194159403443,4.298740402795374,31.157270396128297,191.4977562081601,1.2709677621210256,0.41184698095835,0.046976411245642696,3027.0,31.157270396128297,97.15228457163387,
147,3875.0,3875.0,0.0,3875.0,3875.0,3875.0,0.21073497831821442,1.0,0.16098862886428833,0.002862460445612669,0.013215615414083004,0.9982843399047852,1.2412497997283936,0.2070678174495697,0.0038768115919083357,0.00043521623592823744,1.2359880208969116,0.203242227435112,0.003825593739748001,0.003825593739748001,0.007018238306045532,0.00063294917345047,1.003838062286377,-0.006125807762145996,-0.4231871962547302,0.0,0.0005367738485801965,0.0,0.0,0.009149570512818173,0.001,9.149571269517764e-06,0.00138092041015625,3e-06,77.88953876495361,83.70703125,316.39038467407227,0.0,147.0,0.0,0.6399999856948853,0.6399999856948853,0.6399999856948853,0.6399999856948853,0.6399999856948853,0.6399999856948853,0.0,0.0,0.0,0.0,0.0,0.0,93.5,95.0,92.0,0.5,93.5,95.0,92.0,0.5,0.0,1844.0,1844.0,1844.0,1.0,36.15755126066506,1.4640832399018109,1.2516325497999787,0.12102048471570015,4.348804499022663,4.738074283115566,48.1344453911297,193.35588909446557,1.122272128780042,0.3230019483354784,0.031231092829858104,3875.0,48.1344453911297,80.50368023382464,
148,8736.0,8736.0,0.0,8736.0,8736.0,8736.0,0.13292251527309418,1.0,0.11700034141540527,0.0017605124739930034,0.009112426079809666,0.9987671971321106,1.136272668838501,0.1249503418803215,0.005962673109024763,0.0008467746083624661,1.1295902729034424,0.11920227110385895,0.005748068913817406,0.005748068913817406,0.007786884903907776,0.0037092529237270355,1.0057666301727295,-0.008932113647460938,-0.8129516839981079,0.0,-0.0010455891606397927,0.0,0.0,0.012889171484857798,0.001,1.2889171557617374e-05,0.00592041015625,3e-06,77.88953876495361,83.70703125,314.07925033569336,0.0,148.0,0.0,1.0,1.0,1.0,1.0,1.0,1.0,0.0,0.0,0.0,0.0,0.0,0.0,171.0,189.0,153.0,0.5,171.0,189.0,153.0,0.5,0.0,4197.0,4197.0,4197.0,1.0,48.158638305962086,1.3366734539158642,1.1435971148312092,0.12530854996293783,3.4002066431567073,3.1476921318098903,57.36627602390945,140.81473188877803,0.38921779340163776,0.13090626314459813,0.014343927422497462,8736.0,57.36627602390945,152.28459306577543,
149,8810.0,8810.0,0.0,8810.0,8810.0,8810.0,0.0182455163449049,1.0,0.23406267166137695,0.003178127808496356,0.020735053345561028,0.9012330770492554,1.0077991485595703,0.007768843322992325,-0.0010000402107834816,0.0005467561422847211,1.008807897567749,0.008768883533775806,-0.001000039977952838,0.001000039977952838,-0.0006005461327731609,-0.001399533823132515,0.9990005493164062,0.0043299198150634766,0.4329819679260254,0.0,0.0004497854970395565,0.0,0.0,0.002689240500330925,0.001,2.6892407731793355e-06,0.0004730224609375,3e-06,77.88953876495361,83.70703125,314.21398544311523,0.0,149.0,0.0,0.46666666865348816,0.46666666865348816,0.46666666865348816,0.46666666865348816,0.46666666865348816,0.46666666865348816,0.0,0.0,0.0,0.0,0.0,0.0,175.0,175.0,175.0,1.0,175.0,175.0,175.0,1.0,0.0,4230.0,4230.0,4230.0,1.0,46.17903308477253,1.3300462299957871,1.2291532419621944,0.08409824594855309,3.609902625903487,3.5207153097726405,55.99138191482052,131.9400945279215,0.4097505818278646,0.13951796163021504,0.009545771390301145,8810.0,55.99138191482052,157.34564318134923,
150,798.0,798.0,0.0,798.0,798.0,798.0,0.7591203451156616,1.0,0.031515538692474365,0.002431728644296527,0.005683219991624355,0.9998573660850525,3.116617441177368,1.0393019914627075,-0.0004885473172180355,0.00037318517570383847,3.1191437244415283,1.0398998260498047,-0.0005978047847747803,0.0005978047847747803,-9.316205978393555e-05,-0.001102447509765625,0.9994025230407715,0.002464890480041504,0.06145286560058594,0.0,-9.296295320382342e-05,0.0,0.0,0.0004333417018642649,0.001,4.333417109592119e-07,5.7697296142578125e-05,3e-06,77.88953876495361,83.70703125,317.0290718078613,0.0,150.0,0.0,0.0,0.0,0.0,0.0,0.0,0.0,0.0,0.0,0.0,0.0,0.0,0.0,60.0,73.0,47.0,0.5,60.0,73.0,47.0,0.5,0.0,339.0,339.0,339.0,1.0,16.077280630823225,0.8899441841058433,0.8614471312612295,0.11894177878275514,2.724005399737507,3.2238472821190953,23.953127733897418,133.97733859019354,3.413540601174821,1.0795076832847488,0.14904984809869065,798.0,23.953127733897418,33.31506469072535,
151,3384.0,3384.0,0.0,3384.0,3384.0,3384.0,0.2048209309577942,1.0,0.09106940031051636,0.0029365832451730967,0.00892897229641676,0.999147891998291,1.2111852169036865,0.19067397713661194,0.0009079911396838725,0.0004772309330292046,1.2098512649536133,0.18967032432556152,0.001003660261631012,0.0023490265011787415,0.0033526867628097534,-0.0013453662395477295,1.0010069608688354,7.009506225585938e-05,0.049089670181274414,0.0,-0.002469272363669006,0.0,0.027178168296813965,0.005929154576733708,0.001,0.027184098958969116,0.98046875,3e-06,77.88953876495361,83.70703125,362.04840087890625,0.0,151.0,0.0,0.8428571224212646,1.0,0.6857143044471741,0.8428571224212646,1.0,0.6857143044471741,-0.028795965015888214,0.7071037292480469,-0.7071034908294678,-0.028795965015888214,0.7071037292480469,-0.7071034908294678,221.0,230.0,212.0,0.5,221.0,230.0,212.0,0.5,0.0,1471.0,1471.0,1471.0,1.0,56.156075252685696,0.9644044069573283,0.9696781970560551,0.15381942270323634,2.74273728299886,3.463037319947034,64.48037885408849,127.04994401060112,0.8105015611698758,0.2865479305721203,0.045454912146346435,3384.0,64.48037885408849,52.481081224066536,
152,2956.0,2956.0,0.0,2956.0,2956.0,2956.0,0.10670259594917297,1.0,0.1525033712387085,0.01266260165721178,0.033378489315509796,0.9743707180023193,1.0822798013687134,0.07900682836771011,0.001921077142469585,0.0023353034630417824,1.0801961421966553,0.07708574831485748,0.0019210763275623322,0.0019210763275623322,0.002468027174472809,0.0013741254806518555,1.0019230842590332,0.0056192874908447266,-0.12850260734558105,0.0,-0.00017812517035054043,0.0,0.0,0.00902011152356863,0.001,9.020111974678002e-06,0.0003795623779296875,3e-06,77.88953876495361,83.70703125,362.55927658081055,0.0,152.0,0.0,0.4000000059604645,0.4000000059604645,0.4000000059604645,0.4000000059604645,0.4000000059604645,0.4000000059604645,0.0,0.0,0.0,0.0,0.0,0.0,36.0,36.0,36.0,1.0,36.0,36.0,36.0,1.0,0.0,1442.0,1442.0,1442.0,1.0,10.065282489638776,0.9318039920181036,0.8677390269003808,0.12195181520655751,2.9584605609998107,3.4190427232533693,18.407886881381273,139.79559013387188,1.000832395466783,0.29355176823422896,0.041255688500188605,2956.0,18.407886881381273,160.58334229497342,
153,3246.0,3246.0,0.0,3246.0,3246.0,3246.0,0.2472904622554779,1.0,0.05494588613510132,0.002492563333362341,0.006639034487307072,0.9996064305305481,1.2850130796432495,0.2506360113620758,0.0023537545930594206,0.0002479201939422637,1.281991720199585,0.2482813596725464,0.002354659140110016,0.002354659140110016,0.0023919492959976196,0.002317368984222412,1.0023574829101562,-0.0037265419960021973,-0.5335449576377869,0.0,0.0010614538914524019,0.0,0.0,0.0013483549701049924,0.001,1.3483549992088228e-06,0.00022029876708984375,3e-06,77.88953876495361,83.70703125,362.60505294799805,0.0,153.0,0.0,0.4000000059604645,0.4000000059604645,0.4000000059604645,0.4000000059604645,0.4000000059604645,0.4000000059604645,0.0,0.0,0.0,0.0,0.0,0.0,162.0,166.0,158.0,0.5,162.0,166.0,158.0,0.5,0.0,1461.0,1461.0,1461.0,1.0,42.130384385120124,0.954726099036634,0.863220208324492,0.12957463506609201,2.943559469655156,3.445191799197346,50.497297702822834,130.0320505713584,0.9068267004482921,0.2659335207407554,0.039918248634039435,3246.0,50.497297702822834,64.28066743497338,
154,3123.0,3123.0,0.0,3123.0,3123.0,3123.0,0.21800078451633453,1.0,0.031122028827667236,0.0020503057166934013,0.0055829803459346294,0.9997146129608154,1.3493692874908447,0.29839831590652466,0.0021256282925605774,0.0002614516706671566,1.3466215133666992,0.2963944375514984,0.0020038560032844543,0.0020038560032844543,0.002705216407775879,0.0013024955987930298,1.0020060539245605,-0.003236114978790283,-0.28801947832107544,0.0,-0.0012939039734192193,0.0,0.0,0.011296649696305394,0.001,1.1296649972791784e-05,0.0021209716796875,3e-06,77.88953876495361,83.70703125,362.52199935913086,0.0,154.0,0.0,0.5333333611488342,0.5333333611488342,0.5333333611488342,0.5333333611488342,0.5333333611488342,0.5333333611488342,0.0,0.0,0.0,0.0,0.0,0.0,83.5,98.0,69.0,0.5,83.5,98.0,69.0,0.5,0.0,1478.0,1478.0,1478.0,1.0,22.087124252691865,0.9432048620656133,0.8910206719301641,0.12299705669283867,2.821868746075779,3.227858974132687,30.154524301178753,132.2582290580351,0.903576287568293,0.2853092129139174,0.03938426407071363,3123.0,30.154524301178753,103.56654838285479,
155,1935.0,1935.0,0.0,1935.0,1935.0,1935.0,1.2337026596069336,1.0,0.08619862794876099,0.0040494767017662525,0.00829426757991314,0.9997236728668213,3.9140636920928955,1.3490619659423828,0.0006284777191467583,0.0007042998331598938,3.911325454711914,1.3484036922454834,0.0006583929061889648,0.0006583929061889648,0.000895380973815918,0.0004214048385620117,1.000658631324768,0.0015505552291870117,-0.18372565507888794,0.0,0.0017332225106656551,0.0,0.0,0.0006314385682344437,0.001,6.314385814221168e-07,0.00012969970703125,3e-06,77.88953876495361,83.70703125,313.85058975219727,0.0,155.0,0.0,0.0,0.0,0.0,0.0,0.0,0.0,0.0,0.0,0.0,0.0,0.0,0.0,162.5,183.0,142.0,0.5,162.5,183.0,142.0,0.5,0.0,805.0,805.0,805.0,1.0,42.16333106905222,0.934653596021235,0.9676150470040739,0.11558384075760841,3.094745328184217,3.4883994730189443,50.79479073686525,129.73332636631451,1.599351590792877,0.5000594558160588,0.05973325103752373,1935.0,50.79479073686525,38.09445756010642,
156,1869.0,1869.0,0.0,1869.0,1869.0,1869.0,0.5754906535148621,1.0,0.04563593864440918,0.004087776876986027,0.007841883227229118,0.9996169805526733,1.656663417816162,0.5047007203102112,-0.00038603777647949755,0.0004979359218850732,1.6573567390441895,0.5051002502441406,-0.00039955973625183105,0.0012476742267608643,0.0008481144905090332,-0.0016472339630126953,0.9996013641357422,0.0027604103088378906,0.17951321601867676,0.0,-0.0004252412763889879,0.0,0.0,0.0005698752647731453,0.001,5.698752829630394e-07,0.000110626220703125,3e-06,77.88953876495361,83.70703125,313.75965881347656,0.0,156.0,0.0,0.0,0.0,0.0,0.0,0.0,0.0,0.0,0.0,0.0,0.0,0.0,0.0,138.5,140.0,137.0,0.5,138.5,140.0,137.0,0.5,0.0,796.0,796.0,796.0,1.0,36.15033949492499,0.946437481790781,0.8850437570363283,0.13020326104015112,2.2504480821080506,3.5810646591708064,43.975973250344396,130.5066407759025,1.204092071753906,0.4735386608006037,0.06966466615310386,1869.0,43.975973250344396,42.50048064565264,
157,2513.0,2513.0,0.0,2513.0,2513.0,2513.0,0.5976520776748657,1.0,0.05867704749107361,0.0052961315959692,0.009804313071072102,0.9994437098503113,1.8319764137268066,0.5970819592475891,0.0010188661981374025,0.0007777883438393474,1.8300564289093018,0.5960789918899536,0.0010029226541519165,0.0010029226541519165,0.0013595223426818848,0.0006463229656219482,1.0010035037994385,0.0010995864868164062,-0.31376832723617554,0.0,0.0007409368408843875,0.0,0.0,0.001126114628277719,0.001,1.1261147392360726e-06,0.00025177001953125,3e-06,77.88953876495361,83.70703125,314.1928520202637,0.0,157.0,0.0,0.0,0.0,0.0,0.0,0.0,0.0,0.0,0.0,0.0,0.0,0.0,0.0,190.5,199.0,182.0,0.5,190.5,199.0,182.0,0.5,0.0,1066.0,1066.0,1066.0,1.0,52.17292983736843,1.0555234672501683,0.9407707750797272,0.12623324617743492,2.9708207971416414,4.165073537733406,61.46496989997104,136.9368237201271,1.182180977772241,0.3743616295581883,0.05023209159468162,2513.0,61.46496989997104,40.885076558073514,
158,1607.0,1607.0,0.0,1607.0,1607.0,1607.0,0.5476741194725037,1.0,0.05100750923156738,0.004199549090117216,0.009038737043738365,0.9995886087417603,1.7961785793304443,0.5852892398834229,-0.0012815040536224842,0.00047144092968665063,1.7985165119171143,0.5865670442581177,-0.0012778043746948242,0.0012778043746948242,-0.00045096874237060547,-0.002104640007019043,0.9987233877182007,0.0044678449630737305,0.35379695892333984,0.0,0.0014696147991344333,0.0,0.0,0.0004818062880076468,0.001,4.818062961930991e-07,7.2479248046875e-05,3e-06,77.88953876495361,83.70703125,313.8790588378906,0.0,158.0,0.0,0.0,0.0,0.0,0.0,0.0,0.0,0.0,0.0,0.0,0.0,0.0,0.0,111.5,112.0,111.0,0.5,111.5,112.0,111.0,0.5,0.0,692.0,692.0,692.0,1.0,34.136328088119626,1.0086690210737288,0.9534639790654182,0.11594674875959754,3.081517469137907,3.9716361481696367,43.3000563243404,153.0777044310297,1.917559097161112,0.5933192153487357,0.07215105709993624,1607.0,43.3000563243404,37.113115695802264,
159,808.0,808.0,0.0,808.0,808.0,808.0,1.1349893808364868,1.0,0.03970658779144287,0.0024447389878332615,0.006257804110646248,0.9998626708984375,2.8386363983154297,1.0378822088241577,-0.0020438318606466055,0.00036225299118086696,2.844212055206299,1.0402321815490723,-0.0023498833179473877,0.0037942230701446533,0.0014443397521972656,-0.006144106388092041,0.9976600408554077,0.005560636520385742,0.4193180799484253,0.0,0.0,0.0,0.0,0.00040750492189545184,0.001,4.0750495600150316e-07,6.008148193359375e-05,3e-06,77.88953876495361,83.70703125,314.0099868774414,0.0,159.0,0.0,0.0,0.0,0.0,0.0,0.0,0.0,0.0,0.0,0.0,0.0,0.0,0.0,62.0,67.0,57.0,0.5,62.0,67.0,57.0,0.5,0.0,342.0,342.0,342.0,1.0,20.10052584297955,1.022370418999344,0.9560232041403651,0.13966781133785844,3.2851611147634685,4.533401878084987,30.095001734793186,162.1010148627383,4.065793458865679,1.1831970348271845,0.1728562021508149,808.0,30.095001734793186,26.848312125726235,
160,3942.0,3942.0,0.0,3942.0,3942.0,3942.0,0.1948208212852478,1.0,0.056715548038482666,0.002484832191839814,0.007209202274680138,0.9993946552276611,1.2698876857757568,0.2367018163204193,-0.00014584948075935245,0.00048426302964799106,1.2707915306091309,0.23726418614387512,-0.0005623698234558105,0.002201586961746216,0.0016392171382904053,-0.0027639567852020264,0.9994401931762695,0.0022569894790649414,0.14667057991027832,0.0,-0.0008215306734200567,0.0,-0.133990079164505,0.0030414602952077985,0.001,-0.13398703932762146,0.96875,3e-06,77.88953876495361,83.70703125,313.97599029541016,0.0,160.0,0.0,0.31111112236976624,0.35555556416511536,0.2666666805744171,0.31111112236976624,0.35555556416511536,0.2666666805744171,0.13377486169338226,0.7070955634117126,-0.7070955634117126,0.13377486169338226,0.7070955634117126,-0.7070955634117126,111.0,132.0,90.0,0.5,111.0,132.0,90.0,0.5,0.0,1860.0,1860.0,1860.0,1.0,30.1138511961326,0.9573840708471835,0.9332681642845273,0.1269134357571602,3.0923166777938604,3.6864102710969746,151.62283756723627,135.64797836095767,0.7844537488061544,0.23674991483625757,0.03219518918243536,3942.0,151.62283756723627,25.99872198178551,111.91749548586085
161,8776.0,8776.0,0.0,8776.0,8776.0,8776.0,0.20531471073627472,1.0,0.04406726360321045,0.0017110207118093967,0.005648063495755196,0.999697208404541,2.1705310344696045,0.6082761883735657,0.0006244832184165716,0.00023645245528314263,2.161146640777588,0.6056594252586365,0.0026167859323322773,0.00322995288297534,0.005846738815307617,-0.0006131669506430626,1.0026254653930664,-0.0003057718276977539,-0.07226306200027466,0.0,-0.004203387536108494,0.0,-0.43545323610305786,0.003699420252814889,0.001,-0.4354495406150818,1.640625,3e-06,77.88953876495361,83.70703125,313.85113525390625,0.0,161.0,0.0,0.3333333432674408,0.6666666865348816,0.0,0.3333333432674408,0.6666666865348816,0.0,0.43615832924842834,0.707105278968811,-0.707105278968811,0.43615832924842834,0.707105278968811,-0.707105278968811,107.0,173.0,41.0,0.5,107.0,173.0,41.0,0.5,0.0,4281.0,4281.0,4281.0,1.0,30.099277661647648,1.3682273551821709,1.2092556301504374,0.12472073873504996,3.5307566062547266,3.871100875083357,40.25820587994531,140.65083019461517,0.40231957682939,0.13779120671723305,0.014211570047293752,8776.0,40.25820587994531,217.99282427465997,
162,3850.0,3850.0,0.0,3850.0,3850.0,3850.0,0.25338801741600037,1.0,0.037289753556251526,0.0033598854206502438,0.007933340966701508,0.9994043111801147,1.3149032592773438,0.27376291155815125,-0.00033633463317528367,0.0003850084322039038,1.3152601718902588,0.2740326523780823,-0.0002697557210922241,0.002430155873298645,0.002160400152206421,-0.002699911594390869,0.9997332096099854,0.0021959543228149414,0.11754941940307617,0.0,-0.002447385515552014,0.0,0.01895982027053833,0.008113658288493752,0.001,0.018967926502227783,1.09375,3e-06,77.88953876495361,83.70703125,313.8791618347168,0.0,162.0,0.0,0.24761906266212463,0.2666666805744171,0.22857142984867096,0.24761906266212463,0.2666666805744171,0.22857142984867096,-0.019372332841157913,0.7070802450180054,-0.7070807814598083,-0.019372332841157913,0.7070802450180054,-0.7070807814598083,73.0,75.0,71.0,0.5,73.0,75.0,71.0,0.5,0.0,1852.0,1852.0,1852.0,1.0,22.087085586041212,1.0914635071530938,0.957980721257627,0.1358754811808467,3.070467042736709,4.311820370145142,31.719177751336247,151.28140812356995,0.7975239072043401,0.24882616136561742,0.03529233277424589,3850.0,31.719177751336247,121.37767347508904,
163,3157.0,3157.0,0.0,3157.0,3157.0,3157.0,0.1560547798871994,1.0,0.06558950245380402,0.002030236180871725,0.007276385091245174,0.9994197487831116,1.1750926971435547,0.161191925406456,0.00020118840620853007,0.00032233321690000594,1.1749868392944336,0.16110759973526,8.433312177658081e-05,0.00033617764711380005,0.00042051076889038086,-0.00025184452533721924,1.000084400177002,0.000926971435546875,-0.042333245277404785,0.0,-0.0014127272079349495,0.0,0.0,0.008236071327701211,0.001,8.236071153078228e-06,0.00090789794921875,3e-06,77.88953876495361,83.70703125,314.2330017089844,0.0,163.0,0.0,0.5333333611488342,0.5333333611488342,0.5333333611488342,0.5333333611488342,0.5333333611488342,0.5333333611488342,0.0,0.0,0.0,0.0,0.0,0.0,116.5,157.0,76.0,0.5,116.5,157.0,76.0,0.5,0.0,1462.0,1462.0,1462.0,1.0,34.124770638067275,0.9873313619755208,0.9757678033784032,0.12193110724911094,2.676833412144333,3.046442285645753,41.97907288791612,146.45824308183379,0.8479041533558229,0.30908071060449893,0.03862246032597749,3157.0,41.97907288791612,75.20413822451896,
164,2536.0,2536.0,0.0,2536.0,2536.0,2536.0,0.781863272190094,1.0,0.06056299805641174,0.004705592058598995,0.009128752164542675,0.9995807409286499,2.2510061264038086,0.8051394820213318,-0.0013562602689489722,0.0006465073092840612,2.2532858848571777,0.8062870502471924,-0.001147538423538208,0.0012225806713104248,7.50422477722168e-05,-0.002370119094848633,0.9988539218902588,0.005339860916137695,1.047147512435913,0.0,0.0026786114322021604,0.0,0.0,0.0005874687485629693,0.001,5.874687758478103e-07,0.0001163482666015625,3e-06,77.88953876495361,83.70703125,314.47956466674805,0.0,164.0,0.0,0.0,0.0,0.0,0.0,0.0,0.0,0.0,0.0,0.0,0.0,0.0,0.0,205.0,240.0,170.0,0.5,205.0,240.0,170.0,0.5,0.0,1063.0,1063.0,1063.0,1.0,52.24562245188281,0.99003871018067,0.8744972520507872,0.13365641376003623,2.994132195133716,3.1413334268145263,60.4111572583206,127.4283474436166,1.1806514965038313,0.34483330128185613,0.05270363318613416,2536.0,60.4111572583206,41.97900048754172,
165,3041.0,3041.0,0.0,3041.0,3041.0,3041.0,0.1374341994524002,1.0,0.04912376403808594,0.0019208648009225726,0.005862485617399216,0.9990296959877014,1.072648048400879,0.06990940123796463,-0.0008579017594456673,6.517791916849092e-05,1.0735665559768677,0.07074905931949615,-0.0008396580815315247,0.0008396580815315247,-7.938593626022339e-05,-0.001599930226802826,0.9991610050201416,0.001976490020751953,0.1184999942779541,0.0,0.000848202733322978,0.0,0.0,0.015062917955219746,0.001,1.5062918464536779e-05,0.000682830810546875,3e-06,77.88953876495361,83.70703125,314.43605041503906,0.0,165.0,0.0,0.5333333611488342,0.5333333611488342,0.5333333611488342,0.5333333611488342,0.5333333611488342,0.5333333611488342,0.0,0.0,0.0,0.0,0.0,0.0,62.5,64.0,61.0,0.5,62.5,64.0,61.0,0.5,0.0,1458.0,1458.0,1458.0,1.0,16.07467847224325,1.2077807891182601,1.0889915451407433,0.20528368186205626,3.735253471881151,4.878332758788019,27.226141646970063,128.597427777946,1.2282977546468765,0.35810310593250355,0.06750532123053478,3041.0,27.226141646970063,111.69412248828236,
166,3086.0,3086.0,0.0,3086.0,3086.0,3086.0,0.08604169636964798,1.0,0.5117363333702087,0.01653726026415825,0.07214278727769852,0.9073415398597717,1.0686488151550293,0.06639324128627777,0.030313994735479355,0.01378148328512907,1.0367381572723389,0.03607925400137901,0.030313991010189056,0.030313991010189056,0.03181207925081253,0.028815902769565582,1.0307793617248535,-0.01874852180480957,-0.9776706695556641,0.0,-0.03110370971262455,0.0,0.0,0.0342205036431551,0.001,3.422050576773472e-05,0.0009613037109375,3e-06,77.88953876495361,83.70703125,314.4501533508301,0.0,166.0,0.0,0.4000000059604645,0.4000000059604645,0.4000000059604645,0.4000000059604645,0.4000000059604645,0.4000000059604645,0.0,0.0,0.0,0.0,0.0,0.0,63.0,63.0,63.0,1.0,63.0,63.0,63.0,1.0,0.0,1480.0,1480.0,1480.0,1.0,18.097151007968932,1.3094472629018128,1.0139702749438584,0.14343575993552804,2.9226351608522236,3.4005678561516106,26.956568736117333,143.62818260292804,0.947062592628718,0.3285710547452555,0.046479507432121855,3086.0,26.956568736117333,114.4804455718903,
167,830.0,830.0,0.0,830.0,830.0,830.0,0.44179126620292664,1.0,0.03346201777458191,0.002862513530999422,0.0068480875343084335,0.9996421933174133,1.4104328155517578,0.3430142402648926,-0.002652416005730629,0.00023411793517880142,1.4141814708709717,0.34567463397979736,-0.002660393714904785,0.002660393714904785,-0.0025165677070617676,-0.0028042197227478027,0.9973431825637817,0.006254911422729492,0.4651360511779785,0.0,0.0009001681464724243,0.0,0.0,0.0004182747652521357,0.001,4.1827479435596615e-07,8.20159912109375e-05,3e-06,77.88953876495361,83.70703125,314.5703125,0.0,167.0,0.0,0.0,0.0,0.0,0.0,0.0,0.0,0.0,0.0,0.0,0.0,0.0,0.0,72.0,76.0,68.0,0.5,72.0,76.0,68.0,0.5,0.0,343.0,343.0,343.0,1.0,20.09609877411276,0.9640619060955942,1.1593895191326737,0.14298385987058282,2.8198367161676288,3.1265161116607487,28.34737635590136,139.55624148689418,3.397393633936902,1.3968548423285225,0.17226971068744917,830.0,28.34737635590136,29.27960561779505,
168,7996.0,7996.0,0.0,7996.0,7996.0,7996.0,0.020824486389756203,1.0,0.3631806969642639,0.004978822078555822,0.02945866994559765,0.6849050521850586,1.0062789916992188,0.006259390618652105,-0.0013696365058422089,0.0009072173852473497,1.0076583623886108,0.0076290275901556015,-0.0013696369715034962,0.0013696369715034962,-0.0007943715900182724,-0.00194490235298872,0.998631477355957,0.007012605667114258,0.49083828926086426,0.0,0.00325677078217268,0.0,0.0,0.001667475386057049,0.001,1.6674754306222894e-06,0.000942230224609375,3e-06,77.88953876495361,83.70703125,314.549617767334,0.0,168.0,0.0,0.7111111283302307,0.7111111283302307,0.7111111283302307,0.7111111283302307,0.7111111283302307,0.7111111283302307,0.0,0.0,0.0,0.0,0.0,0.0,141.0,141.0,141.0,1.0,141.0,141.0,141.0,1.0,0.0,3857.0,3857.0,3857.0,1.0,50.165496872738004,1.281410519964993,1.1615444589406252,0.1608911589719355,3.1793996561318636,3.3315314250066876,59.31417325232178,177.89183288204967,0.3976237689009334,0.14526569021268448,0.020121455599291585,7996.0,59.31417325232178,134.8075773725297,
169,3249.0,3249.0,0.0,3249.0,3249.0,3249.0,0.6028769612312317,1.0,0.07960838079452515,0.0052789789624512196,0.00969680305570364,0.9994580149650574,1.8552789688110352,0.6170382499694824,-0.0028515851590782404,0.0005740082124248147,1.8605735301971436,0.6198854446411133,-0.002847224473953247,0.002847224473953247,-0.002790689468383789,-0.002903759479522705,0.9971568584442139,0.008036017417907715,2.4418883323669434,0.0,9.060509546543472e-05,0.0,0.054189532995224,0.0005369396531023085,0.001,0.05419006943702698,0.68359375,3e-06,77.88953876495361,83.70703125,314.10793685913086,0.0,169.0,0.0,0.07999999821186066,0.1599999964237213,0.0,0.07999999821186066,0.1599999964237213,0.0,-0.05413997918367386,0.7071005702018738,-0.7071005702018738,-0.05413997918367386,0.7071005702018738,-0.7071005702018738,215.5,232.0,199.0,0.5,215.5,232.0,199.0,0.5,0.0,1409.0,1409.0,1409.0,1.0,58.178663270082325,1.026152924168855,0.9252052041701972,0.1416229559108615,2.816331801004708,3.222283964045346,66.34774562995881,134.9852976103998,0.8668303481085589,0.28476614471227985,0.04358970634375546,3249.0,66.34774562995881,48.969259907045576,
170,8837.0,8837.0,0.0,8837.0,8837.0,8837.0,0.1244228407740593,1.0,0.12423849105834961,0.0015324254054576159,0.008265848271548748,0.9989021420478821,1.1443638801574707,0.12782229483127594,0.0006547211087308824,0.00048605454503558576,1.1436176300048828,0.12716226279735565,0.0006600269116461277,0.0006600269116461277,0.0007246481254696846,0.0005954056978225708,1.0006601810455322,0.0007569789886474609,-0.2187204360961914,0.0,-0.0012580186303239316,0.0,0.05958452820777893,0.0256123011931777,0.001,0.05961012840270996,1.265625,3e-06,77.88953876495361,83.70703125,314.5666046142578,0.0,170.0,0.0,0.8666666746139526,1.0,0.7333333492279053,0.8666666746139526,1.0,0.7333333492279053,-0.05814375355839729,0.7071030139923096,-0.7071030139923096,-0.05814375355839729,0.7071030139923096,-0.7071030139923096,188.5,204.0,173.0,0.5,188.5,204.0,173.0,0.5,0.0,4230.0,4230.0,4230.0,1.0,48.14256832096726,1.1891146870329976,1.1172156678512692,0.12070155795663595,3.5106770768761635,3.281029211357236,57.40925026265904,127.69912021476726,0.3972702361521063,0.12642476721186707,0.01365865768435396,8837.0,57.40925026265904,153.92989735223713,
171,8060.0,8060.0,0.0,8060.0,8060.0,8060.0,0.03505101799964905,1.0,0.09119519591331482,0.0013764426112174988,0.007727371528744698,0.9982486963272095,1.0575599670410156,0.05549894645810127,0.0017592889489606023,0.00014857227506581694,1.0556843280792236,0.0537441186606884,0.0017548268660902977,0.0017548268660902977,0.0024282559752464294,0.001081397756934166,1.0017565488815308,-0.0029529333114624023,-0.39953774213790894,0.0,-0.00022497060126625001,0.0,0.004667192697525024,0.003730846685357392,0.001,0.004670917987823486,1.4609375,3e-06,77.88953876495361,83.70703125,314.4667663574219,0.0,171.0,0.0,0.5913043022155762,0.626086950302124,0.5565217137336731,0.5913043022155762,0.626086950302124,0.5565217137336731,-0.0046821353025734425,0.7070930004119873,-0.7070918083190918,-0.0046821353025734425,0.7070930004119873,-0.7070918083190918,151.0,152.0,150.0,0.5,151.0,152.0,150.0,0.5,0.0,3879.0,3879.0,3879.0,1.0,40.131464482750744,1.312382743228227,1.0866503822617233,0.11823940556496382,3.3452223846688867,3.281082867179066,49.30751923518255,132.88564398261835,0.4150399980978768,0.13482014668259595,0.014669901434859035,8060.0,49.30751923518255,163.4639123001938,
172,810.0,810.0,0.0,810.0,810.0,810.0,0.759619951248169,1.0,0.033155232667922974,0.003545755986124277,0.007461968809366226,0.9997678399085999,2.215460777282715,0.7889103293418884,-0.00015290301234927028,0.0004335473058745265,2.2161808013916016,0.7889316082000732,-2.130866050720215e-05,0.002632051706314087,0.0026107430458068848,-0.002653360366821289,0.9999821186065674,0.002039670944213867,0.06978797912597656,0.0,0.0,0.0,0.0,0.0007191559125203639,0.001,7.191559348029841e-07,0.0001316070556640625,3e-06,77.88953876495361,83.70703125,359.65705490112305,0.0,172.0,0.0,0.0,0.0,0.0,0.0,0.0,0.0,0.0,0.0,0.0,0.0,0.0,0.0,60.0,63.0,57.0,0.5,60.0,63.0,57.0,0.5,0.0,345.0,345.0,345.0,1.0,16.079033283982426,0.9168938989751041,0.848420221824199,0.12342467764392495,2.7619721917435527,3.258873731829226,24.013789559248835,133.99194403318688,3.4098422120290772,1.047432372622468,0.1523761452394135,810.0,24.013789559248835,33.73061956762385,
173,3906.0,3906.0,0.0,3906.0,3906.0,3906.0,0.31592684984207153,1.0,0.05658751726150513,0.0028116442263126373,0.00769046088680625,0.9995771646499634,1.3757305145263672,0.3010980188846588,0.0031672166660428047,0.00030775266350246966,1.371351957321167,0.2983861565589905,0.0027118436992168427,0.0027118436992168427,0.005267053842544556,0.00015663355588912964,1.0027188062667847,-0.005100846290588379,-0.37008875608444214,0.0,-0.00047426571836695075,0.0,0.0,0.005687951575964689,0.001,5.687951670552138e-06,0.0007171630859375,3e-06,77.88953876495361,83.70703125,361.8054389953613,0.0,173.0,0.0,0.4571428596973419,0.4571428596973419,0.4571428596973419,0.4571428596973419,0.4571428596973419,0.4571428596973419,0.0,0.0,0.0,0.0,0.0,0.0,101.0,119.0,83.0,0.5,101.0,119.0,83.0,0.5,0.0,1852.0,1852.0,1852.0,1.0,26.09357427433133,1.0004307180643082,0.8950803237967193,0.12099346984177828,2.787805289030075,3.3234577821567655,34.277047683950514,129.176110268967,0.7137238323169675,0.22915522882660505,0.030976310763384095,3906.0,34.277047683950514,113.95380477382537,
174,3080.0,3080.0,0.0,3080.0,3080.0,3080.0,0.0778699591755867,1.0,0.21193337440490723,0.00875689834356308,0.031850285828113556,0.9772782325744629,1.0823545455932617,0.07913871854543686,0.004692870192229748,0.0034096522722393274,1.077301263809204,0.07444584369659424,0.004692871123552322,0.0055035315454006195,0.010196402668952942,-0.0008106604218482971,1.0047191381454468,0.0034476518630981445,-0.32570576667785645,0.0,-0.005370191647671163,0.0,0.0,0.0060396501794457436,0.001,6.039650543243624e-06,0.0003719329833984375,3e-06,77.88953876495361,83.70703125,363.03591537475586,0.0,174.0,0.0,0.6000000238418579,0.6000000238418579,0.6000000238418579,0.6000000238418579,0.6000000238418579,0.6000000238418579,0.0,0.0,0.0,0.0,0.0,0.0,74.0,74.0,74.0,1.0,74.0,74.0,74.0,1.0,0.0,1466.0,1466.0,1466.0,1.0,20.118836727924645,0.8831519419327378,1.082074326928705,0.12614260287955403,2.88927164580673,3.38866755599156,28.519685425795615,135.93808599949085,0.9380752096775097,0.3513228334184107,0.04095539054530975,3080.0,28.519685425795615,107.99558108779796,
175,3058.0,3058.0,0.0,3058.0,3058.0,3058.0,0.547951877117157,1.0,0.03807586431503296,0.004612690769135952,0.00816332921385765,0.9995867013931274,1.5383633375167847,0.37665313482284546,-0.001959689659997821,0.0006034321268089116,1.5414149761199951,0.3787262439727783,-0.0020730849355459213,0.0020730849355459213,-0.0017876029014587402,-0.0023585669696331024,0.9979290962219238,0.0063402652740478516,0.335355281829834,0.0,-0.002521263697417453,0.0,0.0,0.008275652537122369,0.001,8.275653271994088e-06,0.000354766845703125,3e-06,77.88953876495361,83.70703125,363.0566864013672,0.0,175.0,0.0,0.4000000059604645,0.4000000059604645,0.4000000059604645,0.4000000059604645,0.4000000059604645,0.4000000059604645,0.0,0.0,0.0,0.0,0.0,0.0,73.0,102.0,44.0,0.5,73.0,102.0,44.0,0.5,0.0,1456.0,1456.0,1456.0,1.0,20.082017802633345,1.0200768131762743,1.020250421948731,0.1183365723118186,3.007954410277307,3.7181368828751147,29.00239858403802,137.54806714132428,0.9836345357348943,0.3336332315071063,0.03869737485670981,3058.0,29.00239858403802,105.43955497815357,
176,3918.0,3918.0,0.0,3918.0,3918.0,3918.0,0.24434024095535278,1.0,0.03470522165298462,0.002135035116225481,0.00549664068967104,0.9997262954711914,1.2766004800796509,0.22911325097084045,0.0011483122361823916,0.00041955264168791473,1.2747609615325928,0.2282499223947525,0.000863322988152504,0.003388216719031334,0.004251539707183838,-0.00252489373087883,1.0008693933486938,-0.0006488561630249023,0.00661623477935791,0.0,0.0018469123006070731,0.0,0.0,0.002197752706706524,0.001,2.197752792199026e-06,0.000286102294921875,3e-06,77.88953876495361,83.70703125,362.8175163269043,0.0,176.0,0.0,0.4000000059604645,0.4000000059604645,0.4000000059604645,0.4000000059604645,0.4000000059604645,0.4000000059604645,0.0,0.0,0.0,0.0,0.0,0.0,107.0,116.0,98.0,0.5,107.0,116.0,98.0,0.5,0.0,1852.0,1852.0,1852.0,1.0,28.10041852062568,0.8632540199905634,0.9951462168246508,0.12236932618543506,2.7936064042150974,3.502073925919831,36.40929617499933,131.31036691881158,0.7130184798915512,0.25399341930185065,0.0312325998431432,3918.0,36.40929617499933,107.60988021213987,
177,8820.0,8820.0,0.0,8820.0,8820.0,8820.0,0.02527531050145626,1.0,0.28844618797302246,0.0034856018610298634,0.02349754609167576,0.9306653738021851,1.0117425918579102,0.011674217879772186,-0.0018978994339704514,0.0027014422230422497,1.0136760473251343,0.013572117313742638,-0.0018978994339704514,0.004486763849854469,0.002588864415884018,-0.006384663283824921,0.9981139302253723,0.020289063453674316,4.176396369934082,0.0,0.0008570618228986859,0.0,0.0,0.0010893426078837365,0.001,1.0893426178881782e-06,0.000568389892578125,3e-06,77.88953876495361,83.70703125,313.54401779174805,0.0,177.0,0.0,0.5333333611488342,0.5333333611488342,0.5333333611488342,0.5333333611488342,0.5333333611488342,0.5333333611488342,0.0,0.0,0.0,0.0,0.0,0.0,180.0,180.0,180.0,1.0,180.0,180.0,180.0,1.0,0.0,4230.0,4230.0,4230.0,1.0,46.15435968292877,1.311214068904519,1.2322990037500858,0.13012338057160378,3.379973389208317,3.6726096626371145,55.91348997084424,128.20655467480213,0.38321693755196334,0.13971644033447686,0.014753217751882514,8820.0,55.91348997084424,157.7436859083405,
178,885.0,885.0,0.0,885.0,885.0,885.0,0.9289350509643555,1.0,0.0434412956237793,0.004212013445794582,0.007810933981090784,0.9997268915176392,2.823930025100708,1.029139757156372,0.003843925427645445,0.0006036533159203827,2.8133769035339355,1.025559663772583,0.0035801827907562256,0.0035801827907562256,0.004812955856323242,0.002347409725189209,1.0035873651504517,-0.005269646644592285,-0.5004358291625977,0.0,-0.0007870710105635226,0.0,0.0,0.0004966540436726063,0.001,4.966540814166365e-07,7.724761962890625e-05,3e-06,77.88953876495361,83.70703125,313.3207473754883,0.0,178.0,0.0,0.0,0.0,0.0,0.0,0.0,0.0,0.0,0.0,0.0,0.0,0.0,0.0,100.5,122.0,79.0,0.5,100.5,122.0,79.0,0.5,0.0,342.0,342.0,342.0,1.0,28.102935164701194,0.9836350833065808,0.8996726027689874,0.13154110126197338,2.795244788751006,3.385608220938593,36.355626409873366,139.81559783433428,3.1584686878542443,1.0165792121683475,0.14863401272539364,885.0,36.355626409873366,24.34286209299516,
179,821.0,821.0,0.0,821.0,821.0,821.0,0.8101750016212463,1.0,0.031208336353302002,0.003666768316179514,0.007432668004184961,0.999750018119812,2.3041930198669434,0.8347187042236328,-0.002515288069844246,0.0006454737158492208,2.3098361492156982,0.8371741771697998,-0.0024555325508117676,0.0026878714561462402,0.00023233890533447266,-0.005143404006958008,0.9975510835647583,0.0076961517333984375,0.5016851425170898,0.0,0.001842498779296875,0.0,0.0,0.0006522107869386673,0.001,6.52210815133003e-07,0.00013065338134765625,3e-06,77.88953876495361,83.70703125,313.66101455688477,0.0,179.0,0.0,0.0,0.0,0.0,0.0,0.0,0.0,0.0,0.0,0.0,0.0,0.0,0.0,67.5,69.0,66.0,0.5,67.5,69.0,66.0,0.5,0.0,343.0,343.0,343.0,1.0,18.096350936219096,0.9752558609470725,0.8921257979236543,0.12011383892968297,3.0110592301934958,4.000818260014057,27.128078016918153,134.0470439719933,3.667550828493905,1.0866331277998225,0.14630187445759193,821.0,27.128078016918153,30.26384690754692,
180,3898.0,3898.0,0.0,3898.0,3898.0,3898.0,0.5301449298858643,1.0,0.08202213048934937,0.003198110731318593,0.008547238074243069,0.9996306300163269,1.6927998065948486,0.5243794918060303,-0.0006039016298018396,0.0007396672735922039,1.6938658952713013,0.524944543838501,-0.0005650371313095093,0.0010128170251846313,0.00044777989387512207,-0.0015778541564941406,0.9994356632232666,0.00407862663269043,0.16019248962402344,0.0,0.0023915863130241632,0.0,0.0,0.004373106290586293,0.001,4.373106548882788e-06,0.0004730224609375,3e-06,77.88953876495361,83.70703125,313.4979591369629,0.0,180.0,0.0,0.4571428596973419,0.4571428596973419,0.4571428596973419,0.4571428596973419,0.4571428596973419,0.4571428596973419,0.0,0.0,0.0,0.0,0.0,0.0,104.0,108.0,100.0,0.5,104.0,108.0,100.0,0.5,0.0,1845.0,1845.0,1845.0,1.0,30.119422215037048,0.9424937479197979,1.0845302697271109,0.13224179903045297,2.7499876129440963,4.0392823540605605,149.02138865180314,144.8049144953704,0.7054868170713433,0.278227365245539,0.03392555131617572,3898.0,149.02138865180314,26.157318994710863,109.92219371208921
181,3100.0,3100.0,0.0,3100.0,3100.0,3100.0,0.1089547798037529,1.0,0.06125551462173462,0.0021162834018468857,0.00757587980479002,0.9984373450279236,1.0760042667388916,0.07325440645217896,0.0012233915040269494,0.00010345283953938633,1.074682593345642,0.07202538102865219,0.001229025423526764,0.001229025423526764,0.0013662129640579224,0.0010918378829956055,1.0012297630310059,-0.002041935920715332,-0.16350531578063965,0.0,-0.0025297796819359064,0.0,0.02951180934906006,0.030026997439563274,0.001,0.029541850090026855,0.490234375,3e-06,77.88953876495361,83.70703125,313.7525749206543,0.0,181.0,0.0,0.36000001430511475,0.4000000059604645,0.3199999928474426,0.36000001430511475,0.4000000059604645,0.3199999928474426,-0.02905893325805664,0.7070940136909485,-0.7070945501327515,-0.02905893325805664,0.7070940136909485,-0.7070945501327515,73.0,76.0,70.0,0.5,73.0,76.0,70.0,0.5,0.0,1477.0,1477.0,1477.0,1.0,20.07826936803758,1.0003828089684248,1.0415796488523483,0.12422008579596877,3.0999963437207043,4.075347532983869,29.46882711397484,137.52239293176424,0.999998820555066,0.33599343511366075,0.04007099541805444,3100.0,29.46882711397484,105.19590711942193,
182,808.0,808.0,0.0,808.0,808.0,808.0,0.6244096755981445,1.0,0.041324079036712646,0.003277973737567663,0.007711813319474459,0.9996641278266907,1.840075135231018,0.6023057699203491,0.0011532887583598495,0.000460110604763031,1.8388913869857788,0.6012927293777466,0.0010129958391189575,0.0029915720224380493,0.004004567861557007,-0.001978576183319092,1.0010180473327637,-0.00047469139099121094,-0.07113754749298096,0.0,-0.0006444805767387152,0.0,0.0,0.0005573751404881477,0.001,5.573751877818722e-07,0.00014781951904296875,3e-06,77.88953876495361,83.70703125,314.0794982910156,0.0,182.0,0.0,0.0,0.0,0.0,0.0,0.0,0.0,0.0,0.0,0.0,0.0,0.0,0.0,64.0,67.0,61.0,0.5,64.0,67.0,61.0,0.5,0.0,340.0,340.0,340.0,1.0,20.122278747614473,1.0141872041858733,1.0816675550304353,0.13868045387789607,3.0803337791003287,4.120134572964162,29.607716750819236,157.20530271573807,3.812294281064763,1.3386974690970734,0.17163422509640602,808.0,29.607716750819236,27.290182718248374,
183,2053.0,2053.0,0.0,2053.0,2053.0,2053.0,0.8193637132644653,1.0,0.03463160991668701,0.004129980690777302,0.00829564779996872,0.9997147917747498,2.277900457382202,0.8183014988899231,-0.00027664133813232183,0.0008751693530939519,2.2799160480499268,0.8186349868774414,-0.00033348798751831055,0.00540393590927124,0.00507044792175293,-0.005737423896789551,0.9996811747550964,0.004129886627197266,0.16473066806793213,0.0,0.0012580562033690512,0.0,0.0,0.0006105919019319117,0.001,6.105919396759418e-07,0.000186920166015625,3e-06,77.88953876495361,83.70703125,314.1725196838379,0.0,183.0,0.0,0.4000000059604645,0.4000000059604645,0.4000000059604645,0.4000000059604645,0.4000000059604645,0.4000000059604645,0.0,0.0,0.0,0.0,0.0,0.0,47.5,48.0,47.0,0.5,47.5,48.0,47.0,0.5,0.0,979.0,979.0,979.0,1.0,14.0702541237697,1.0142487483099103,0.9680992029607296,0.12849073577672243,3.2662761211395264,3.934829188976437,23.41594188613817,148.10793814494423,1.5909771656792626,0.4715534354411737,0.06258681723172062,2053.0,23.41594188613817,87.67531154556461,
184,2620.0,2620.0,0.0,2620.0,2620.0,2620.0,1.0815491676330566,1.0,0.05630087852478027,0.0032065429259091616,0.007265692111104727,0.9998027086257935,3.421555995941162,1.202189326286316,0.001285283942706883,0.0006444655591621995,3.4164676666259766,1.20111882686615,0.001070559024810791,0.0017994046211242676,0.0028699636459350586,-0.0007288455963134766,1.0010727643966675,3.314018249511719e-05,-0.21186214685440063,0.0,-0.003178496495820582,0.0,0.0,0.0006875851249787956,0.001,6.875851568111102e-07,9.870529174804688e-05,3e-06,77.88953876495361,83.70703125,314.04559326171875,0.0,184.0,0.0,0.0,0.0,0.0,0.0,0.0,0.0,0.0,0.0,0.0,0.0,0.0,0.0,176.0,197.0,155.0,0.5,176.0,197.0,155.0,0.5,0.0,1134.0,1134.0,1134.0,1.0,50.15989043191075,0.9431759119033813,0.8658079369924963,0.12405010033398867,2.740093891043216,3.450389474630356,58.3132390989922,142.4996887270192,1.045837362993594,0.3304610446536245,0.04734736653969033,2620.0,58.3132390989922,44.92976278598251,
185,3201.0,3201.0,0.0,3201.0,3201.0,3201.0,0.1625339388847351,1.0,0.06228652596473694,0.0027130497619509697,0.0077815186232328415,0.9993414878845215,1.1541016101837158,0.1394837200641632,0.0020369139965623617,0.00034105844679288566,1.1528122425079346,0.138555109500885,0.0009286105632781982,0.0021916180849075317,0.00312022864818573,-0.0012630075216293335,1.0009315013885498,-0.0027288198471069336,-0.26545143127441406,0.0,-0.0012036508414894342,0.0,-0.3601152002811432,0.017205978510901332,0.001,-0.3600979447364807,0.8203125,3e-06,77.88953876495361,83.70703125,313.78491973876953,0.0,185.0,0.0,0.7666666507720947,1.0,0.5333333611488342,0.7666666507720947,1.0,0.5333333611488342,0.3575853109359741,0.7071046829223633,-0.707104504108429,0.3575853109359741,0.7071046829223633,-0.707104504108429,131.5,198.0,65.0,0.5,131.5,198.0,65.0,0.5,0.0,1469.0,1469.0,1469.0,1.0,34.164750216994435,0.8788398168981075,0.8437831397168338,0.1614015782251954,2.9455574811436236,3.354685264173895,42.37223057122901,129.90399322051115,0.9201991506228128,0.26359985620644605,0.05042223624654652,3201.0,42.37223057122901,75.54476025563538,
186,839.0,839.0,0.0,839.0,839.0,839.0,1.1885933876037598,1.0,0.03486970067024231,0.002871182980015874,0.006594796199351549,0.999845027923584,3.426008939743042,1.2078304290771484,0.00013480460620485246,0.0005895803333260119,3.42574405670166,1.2076654434204102,0.00016495585441589355,0.0004081428050994873,0.0005730986595153809,-0.00024318695068359375,1.0001649856567383,0.002093672752380371,-0.01817929744720459,0.0,0.0,0.0,0.0,0.0007693403458688408,0.001,7.693404313613428e-07,0.0001316070556640625,3e-06,77.88953876495361,83.70703125,314.74913024902344,0.0,186.0,0.0,0.0,0.0,0.0,0.0,0.0,0.0,0.0,0.0,0.0,0.0,0.0,0.0,74.5,80.0,69.0,0.5,74.5,80.0,69.0,0.5,0.0,345.0,345.0,345.0,1.0,20.09239752823487,0.8945892476476729,0.9992956956848502,0.12032847199589014,2.8514223978854716,3.163468590937555,28.176754904910922,134.84830555862328,3.3985964217943643,1.191055656358582,0.14341891775433865,839.0,28.176754904910922,29.77631749402664,
187,2999.0,2999.0,0.0,2999.0,2999.0,2999.0,0.027159931138157845,1.0,0.004348456859588623,0.00013350458175409585,0.0006151262205094099,0.9999794960021973,1.0344462394714355,0.03352537006139755,-2.9739740057266317e-05,2.069787683467439e-07,1.034472942352295,0.03355390205979347,-2.8531067073345184e-05,0.000109880231320858,8.134916424751282e-05,-0.00013841129839420319,0.9999714493751526,6.020069122314453e-05,0.0027604103088378906,0.0,-0.0013412715052254498,0.0,0.0,0.0005700529363821261,0.001,5.700529754903982e-07,0.000125885009765625,3e-06,77.88953876495361,83.70703125,314.6924247741699,0.0,187.0,0.0,0.4000000059604645,0.4000000059604645,0.4000000059604645,0.4000000059604645,0.4000000059604645,0.4000000059604645,0.0,0.0,0.0,0.0,0.0,0.0,45.5,46.0,45.0,0.5,45.5,46.0,45.0,0.5,0.0,1454.0,1454.0,1454.0,1.0,12.062919895164669,0.902748379856348,0.9538315651006997,0.1285075070336461,2.686139853205532,3.0221202839165926,19.786541358102113,132.55955928752383,0.8956785105720346,0.31804987165745235,0.042850119050899,2999.0,19.786541358102113,151.56767146533073,
188,807.0,807.0,0.0,807.0,807.0,807.0,0.7872393131256104,1.0,0.04870516061782837,0.003226683009415865,0.007640395779162645,0.9997865557670593,2.8756563663482666,1.0479016304016113,0.003642656374722719,0.0005767941474914551,2.8668179512023926,1.0443850755691528,0.003516465425491333,0.003516465425491333,0.006872594356536865,0.00016033649444580078,1.003528356552124,-0.004983067512512207,-0.3164876699447632,0.0,0.0,0.0,0.0,0.000707631726982072,0.001,7.076317842802382e-07,0.0001697540283203125,3e-06,77.88953876495361,83.70703125,314.65621185302734,0.0,188.0,0.0,0.0,0.0,0.0,0.0,0.0,0.0,0.0,0.0,0.0,0.0,0.0,0.0,66.5,69.0,64.0,0.5,66.5,69.0,64.0,0.5,0.0,337.0,337.0,337.0,1.0,18.093181467149407,0.9052736479789019,1.0499947732314467,0.11401340970769525,2.7770452885888517,3.2573165451176465,26.2272539162077,136.0389583996196,3.441196144471935,1.301108764846898,0.14128055725860625,807.0,26.2272539162077,30.76951946926082,
189,3200.0,3200.0,0.0,3200.0,3200.0,3200.0,0.26192522048950195,1.0,0.03974077105522156,0.0028065694496035576,0.007007928565144539,0.9995797276496887,1.292362928390503,0.24796897172927856,-0.0018108112271875143,0.0008864038391038775,1.2946199178695679,0.2491980940103531,-0.0012291260063648224,0.003913085907697678,0.0026839599013328552,-0.0051422119140625,0.998779296875,0.007460236549377441,2.1268129348754883,0.0,6.28115376457572e-05,0.0,0.0,0.008479455951601267,0.001,8.479456482746173e-06,0.00250244140625,3e-06,77.88953876495361,83.70703125,314.17737579345703,0.0,189.0,0.0,1.0,1.0,1.0,1.0,1.0,1.0,0.0,0.0,0.0,0.0,0.0,0.0,148.0,170.0,126.0,0.5,148.0,170.0,126.0,0.5,0.0,1452.0,1452.0,1452.0,1.0,40.13328058831394,0.9016102789901197,0.8381564440205693,0.12002801010385156,2.806081408634782,3.2557039046660066,48.09014286799356,135.5854073929525,0.8769004401983693,0.2619238887564279,0.03750875315745361,3200.0,48.09014286799356,66.54170291787099,
190,7157.0,7157.0,0.0,7157.0,7157.0,7157.0,0.8337366580963135,1.0,0.0577581524848938,0.005594979505985975,0.009607118554413319,0.9994797706604004,1.7423067092895508,0.4955559968948364,0.00022814158000983298,0.0006240662187337875,1.7390859127044678,0.49260491132736206,0.0029510706663131714,0.0032681673765182495,0.006219238042831421,-0.0003170967102050781,1.0029608011245728,0.002055525779724121,0.03998589515686035,0.0006067961221560836,0.000884456472704187,0.0,0.5889056622982025,0.0008433731272816658,0.001,0.588906466960907,0.55078125,3e-06,77.88953876495361,83.70703125,314.200138092041,0.0,190.0,0.0,0.20000000298023224,0.4000000059604645,0.0,0.20000000298023224,0.4000000059604645,0.0,-0.5891223549842834,0.7071042060852051,-0.7071042060852051,-0.5891223549842834,0.7071042060852051,-0.7071042060852051,449.5,824.0,75.0,0.5,449.5,824.0,75.0,0.5,0.0,3129.0,3129.0,3129.0,1.0,112.26909340871498,1.1759883631020784,1.1708133020438254,0.13466454297304153,2.9830429959110916,3.26330221677199,121.05354471923783,124.88219511536705,0.416800753934762,0.16358995417686537,0.01881578077030062,7157.0,121.05354471923783,59.122597496829925,
191,3190.0,3190.0,0.0,3190.0,3190.0,3190.0,0.2096034735441208,1.0,0.24312996864318848,0.0038241627626121044,0.01783415861427784,0.997000515460968,1.204237937927246,0.18377290666103363,0.002312849974259734,0.0026798280887305737,1.202773094177246,0.1827169507741928,0.0010559596121311188,0.0025549642741680145,0.0036109238862991333,-0.0014990046620368958,1.0010597705841064,0.003493785858154297,-0.26461416482925415,0.0,0.0026211250806227326,0.0,0.34842710196971893,0.012242451310157776,0.001,0.34843936562538147,0.859375,3e-06,77.88953876495361,83.70703125,313.8036460876465,0.0,191.0,0.0,0.3777777850627899,0.4000000059604645,0.35555556416511536,0.3777777850627899,0.4000000059604645,0.35555556416511536,-0.347839891910553,0.7070842981338501,-0.7070842981338501,-0.347839891910553,0.7070842981338501,-0.7070842981338501,124.0,185.0,63.0,0.5,124.0,185.0,63.0,0.5,0.0,1471.0,1471.0,1471.0,1.0,32.131839929148555,0.9301962009631097,0.8806549869477749,0.15720227314159274,2.8497865558601916,3.2169068488292396,40.19723860407248,129.56387068205063,0.8933500175110318,0.2760673940275156,0.049279709448775154,3190.0,40.19723860407248,79.35868509327935,
192,2996.0,2996.0,0.0,2996.0,2996.0,2996.0,0.06020060554146767,1.0,0.2443278431892395,0.011355818249285221,0.03840355575084686,0.8677545189857483,1.023605465888977,0.023331133648753166,0.012123258784413338,0.0011982268188148737,1.0112709999084473,0.01120787300169468,0.012123260647058487,0.012123260647058487,0.012336593121290207,0.011909928172826767,1.0121970176696777,-0.01983046531677246,-0.664089024066925,0.0,-0.012396939564496279,0.0,0.0,0.0031758230179548264,0.001,3.1758231671119574e-06,9.489059448242188e-05,3e-06,77.88953876495361,83.70703125,313.9781837463379,0.0,192.0,0.0,0.4000000059604645,0.4000000059604645,0.4000000059604645,0.4000000059604645,0.4000000059604645,0.4000000059604645,0.0,0.0,0.0,0.0,0.0,0.0,45.0,45.0,45.0,1.0,45.0,45.0,45.0,1.0,0.0,1453.0,1453.0,1453.0,1.0,12.055505209136754,0.8690279661677778,0.8024566797539592,0.08291444694623351,2.8402105257846415,3.21309700794518,19.89349391963333,133.95005787929728,0.9480008430522835,0.26784268349598106,0.02767504904747447,2996.0,19.89349391963333,150.60200144345592,
193,1681.0,1681.0,0.0,1681.0,1681.0,1681.0,0.6683111190795898,1.0,0.05774664878845215,0.00326506863348186,0.007656026631593704,0.9996877312660217,1.8993823528289795,0.6407365798950195,0.0011384921381250024,0.00037465195055119693,1.8982102870941162,0.6400349140167236,0.0007016360759735107,0.0020660459995269775,0.0027676820755004883,-0.0013644099235534668,1.000704050064087,-0.0007615089416503906,-0.12874919176101685,0.0,0.0010274233063682914,0.0,0.0,0.0005269381654215977,0.001,5.26938208622596e-07,8.344650268554688e-05,3e-06,77.88953876495361,83.70703125,314.1816864013672,0.0,193.0,0.0,0.0,0.0,0.0,0.0,0.0,0.0,0.0,0.0,0.0,0.0,0.0,0.0,139.5,169.0,110.0,0.5,139.5,169.0,110.0,0.5,0.0,701.0,701.0,701.0,1.0,38.13687299285084,1.048685846850276,0.9391126115806401,0.12405554903671145,2.8460982451215386,2.961968210991472,46.09082502825186,136.69130104964458,1.6930983016784882,0.5586630645928853,0.07379866093796042,1681.0,46.09082502825186,36.47146691276655,
194,3835.0,3835.0,0.0,3835.0,3835.0,3835.0,0.19387847185134888,1.0,0.06086200475692749,0.002951578702777624,0.008210432715713978,0.999260425567627,1.2132525444030762,0.18966619670391083,0.002558417385444045,0.0003212139999959618,1.210164189338684,0.18688812851905823,0.0027780644595623016,0.0027780644595623016,0.005430959165096283,0.0001251697540283203,1.0027854442596436,-0.0038495659828186035,-0.2817981243133545,0.0,-0.0005373973690439016,0.0,0.0,0.010132441064342856,0.001,1.0132442184840329e-05,0.0036773681640625,3e-06,77.88953876495361,83.70703125,314.47769927978516,0.0,194.0,0.0,0.4363636374473572,0.4363636374473572,0.4363636374473572,0.4363636374473572,0.4363636374473572,0.4363636374473572,0.0,0.0,0.0,0.0,0.0,0.0,78.5,85.0,72.0,0.5,78.5,85.0,72.0,0.5,0.0,1839.0,1839.0,1839.0,1.0,22.081390902865678,0.9213496488519013,0.9496340160258114,0.16752813197672367,2.643685983028263,3.026763266418129,29.822735651861876,140.64580192908076,0.689357492315062,0.24762295072381002,0.04368399790788101,3835.0,29.822735651861876,128.59316612560912,
195,2770.0,2770.0,0.0,2770.0,2770.0,2770.0,1.124801516532898,1.0,0.06289118528366089,0.005176350008696318,0.009413272142410278,0.9996136426925659,3.8105244636535645,1.2146292924880981,0.0003037926508113742,0.0008850942249409854,3.816293716430664,1.2144906520843506,0.0001386702060699463,0.0035244524478912354,0.0036631226539611816,-0.003385782241821289,1.0001449584960938,0.0029424428939819336,0.8411927223205566,0.0,0.0011207391926291166,0.0,0.0,0.0006066770583856851,0.001,6.066770765755791e-07,9.632110595703125e-05,3e-06,77.88953876495361,83.70703125,361.9827461242676,0.0,195.0,0.0,0.0,0.0,0.0,0.0,0.0,0.0,0.0,0.0,0.0,0.0,0.0,0.0,192.0,201.0,183.0,0.5,192.0,201.0,183.0,0.5,0.0,1193.0,1193.0,1193.0,1.0,50.174371086061,0.9423098172992468,0.8777906172908843,0.12689900398254395,2.6606618547812104,3.694317972753197,58.50423888908699,130.66242470328385,0.9605277454083793,0.3168919195995972,0.04581191479514222,2770.0,58.50423888908699,47.34699660397938,
196,812.0,812.0,0.0,812.0,812.0,812.0,1.0353424549102783,1.0,0.05433058738708496,0.003402258735150099,0.007870922796428204,0.9997486472129822,2.6485915184020996,0.9406237602233887,-0.00038129190215840936,0.0004908249829895794,2.650639772415161,0.9408361911773682,-0.0002123713493347168,0.00219649076461792,0.001984119415283203,-0.0024088621139526367,0.9997900724411011,0.0026977062225341797,0.09459304809570312,0.0,-0.0014321168418973684,0.0,0.0,0.00045010219037067145,0.001,4.501022203839966e-07,9.632110595703125e-05,3e-06,77.88953876495361,83.70703125,366.7928161621094,0.0,196.0,0.0,0.0,0.0,0.0,0.0,0.0,0.0,0.0,0.0,0.0,0.0,0.0,0.0,65.0,70.0,60.0,0.5,65.0,70.0,60.0,0.5,0.0,341.0,341.0,341.0,1.0,20.10632752906531,1.4076375006698072,1.0113255730830133,0.12855136301368475,2.880885141901672,3.8087239540182054,29.375092794187367,154.664057915887,3.5478881057902365,1.2454748436982923,0.1583144864700551,812.0,29.375092794187367,27.64246587029252,
197,800.0,800.0,0.0,800.0,800.0,800.0,0.8019905686378479,1.0,0.031163156032562256,0.0035780039615929127,0.0072961607947945595,0.9997614622116089,2.4953975677490234,0.8811143636703491,-0.0008905366994440556,0.00037801029975526035,2.4990923404693604,0.8817395567893982,-0.00062522292137146,0.0033436119556427,0.0027183890342712402,-0.00396883487701416,0.9993805885314941,0.0033042430877685547,0.22256851196289062,0.0,6.149554974399507e-05,0.0,0.0,0.000550005686818622,0.001,5.500057227436628e-07,0.0001583099365234375,3e-06,77.88953876495361,83.70703125,362.6734619140625,0.0,197.0,0.0,0.0,0.0,0.0,0.0,0.0,0.0,0.0,0.0,0.0,0.0,0.0,0.0,63.0,68.0,58.0,0.5,63.0,68.0,58.0,0.5,0.0,337.0,337.0,337.0,1.0,18.07018589321524,0.8899546982720494,0.9151512822136283,0.12570830574259162,2.9020378198474646,3.430984988808632,26.433668445330113,143.4141737556765,3.6275472748093307,1.1439391027670354,0.15713538217823952,800.0,26.433668445330113,30.264433468799577,
198,2946.0,2946.0,0.0,2946.0,2946.0,2946.0,0.7844675183296204,1.0,0.06454715132713318,0.005429944023489952,0.009583580307662487,0.9995408058166504,2.453857421875,0.8283510804176331,0.0012140586040914059,0.0007817019941285253,2.450425624847412,0.8271175026893616,0.0012335777282714844,0.0012335777282714844,0.0016950368881225586,0.0007721185684204102,1.001234531402588,0.0007586479187011719,-0.36045318841934204,0.0,-1.111289020627737e-05,0.0,0.0,0.0006922943866811693,0.001,6.922944066900527e-07,0.000125885009765625,3e-06,77.88953876495361,83.70703125,362.4486541748047,0.0,198.0,0.0,0.0,0.0,0.0,0.0,0.0,0.0,0.0,0.0,0.0,0.0,0.0,0.0,189.0,197.0,181.0,0.5,189.0,197.0,181.0,0.5,0.0,1284.0,1284.0,1284.0,1.0,48.17351110232994,1.2182408729568124,0.8950692312791944,0.15057820221409202,2.829163347836584,3.6229836479760706,56.92045375611633,127.44315106436493,0.960340579713708,0.3038252651999981,0.05111276382012628,2946.0,56.92045375611633,51.756439128587246,
199,810.0,810.0,0.0,810.0,810.0,810.0,0.8058416843414307,1.0,0.0355004221200943,0.003411113051697612,0.00657908758148551,0.9997751712799072,1.948523759841919,0.6669837236404419,-0.0015800494002178311,0.00033987368806265295,1.951911449432373,0.6687510013580322,-0.0017672181129455566,0.002507507801055908,0.0007402896881103516,-0.004274725914001465,0.9982374906539917,0.004526257514953613,0.29895925521850586,0.0,0.0,0.0,0.0,0.000492275197757408,0.001,4.92275205488113e-07,8.0108642578125e-05,3e-06,77.88953876495361,83.70703125,361.28265380859375,0.0,199.0,0.0,0.0,0.0,0.0,0.0,0.0,0.0,0.0,0.0,0.0,0.0,0.0,0.0,67.0,72.0,62.0,0.5,67.0,72.0,62.0,0.5,0.0,338.0,338.0,338.0,1.0,20.13585755834356,0.9261000901460648,0.941315836738795,0.14290089905261993,2.8674991517327726,3.5933274859562516,28.638521926943213,150.2675937189818,3.540122409546633,1.1621183169614753,0.17642086302792584,810.0,28.638521926943213,28.2835825838466,
200,3038.0,3038.0,0.0,3038.0,3038.0,3038.0,0.12102390825748444,1.0,0.060656607151031494,0.0031240268144756556,0.00859634019434452,0.9980887770652771,1.0746616125106812,0.0717971920967102,0.002350863767787814,0.00014769633708056062,1.0720933675765991,0.06937386840581894,0.002423323690891266,0.002423323690891266,0.003872513771057129,0.0009741336107254028,1.002427339553833,-0.004118502140045166,-0.23620736598968506,0.0,0.0008253481355495751,0.0,0.0,0.0032730745151638985,0.001,3.2730747534515103e-06,0.0001811981201171875,3e-06,77.88953876495361,83.70703125,319.0100860595703,0.0,200.0,0.0,0.5333333611488342,0.5333333611488342,0.5333333611488342,0.5333333611488342,0.5333333611488342,0.5333333611488342,0.0,0.0,0.0,0.0,0.0,0.0,60.0,63.0,57.0,0.5,60.0,63.0,57.0,0.5,0.0,1459.0,1459.0,1459.0,1.0,16.07451157271862,0.930861103348434,0.8536994098685682,0.12104629864916205,2.8205693741329014,4.030554072931409,138.24622766301036,133.9542631059885,0.9284296820713961,0.2810070473563424,0.03984407460472747,3038.0,138.24622766301036,21.97528316942899,113.36403972283006
201,8069.0,8069.0,0.0,8069.0,8069.0,8069.0,0.0196746326982975,1.0,0.042122721672058105,0.0006946419016458094,0.0043135881423950195,0.9978335499763489,1.0148801803588867,0.014758490025997162,0.0004188442835584283,1.533693284727633e-05,1.0144553184509277,0.014339437708258629,0.0004190513864159584,0.0004190513864159584,0.0004807375371456146,0.0003573652356863022,1.0004191398620605,-0.0007765889167785645,-0.11756658554077148,0.0,-0.000544017311767675,0.0,0.0,0.000316472549457103,0.001,3.164725512760924e-07,3.6716461181640625e-05,3e-06,77.88953876495361,83.70703125,337.92807388305664,0.0,201.0,0.0,0.35555556416511536,0.35555556416511536,0.35555556416511536,0.35555556416511536,0.35555556416511536,0.35555556416511536,0.0,0.0,0.0,0.0,0.0,0.0,149.5,150.0,149.0,0.5,149.5,150.0,149.0,0.5,0.0,3885.0,3885.0,3885.0,1.0,42.16327178897336,1.3664489849470556,1.1192041146568954,0.14390418166294694,3.5050362166948617,4.151061540003866,52.48493855493143,141.01428691964335,0.43438297393665404,0.1387041906874328,0.01783420270949894,8069.0,52.48493855493143,153.73934355576844,
202,802.0,802.0,0.0,802.0,802.0,802.0,0.9276971817016602,1.0,0.04098790884017944,0.0033673762809485197,0.00775591004639864,0.9997784495353699,3.3085520267486572,1.1767678260803223,-0.000864995876327157,0.0006305481074377894,3.310882568359375,1.177647590637207,-0.0008798837661743164,0.0008951425552368164,1.52587890625e-05,-0.0017750263214111328,0.9991208910942078,0.004275679588317871,0.11557507514953613,0.0,0.0,0.0,0.0,0.0004524961404968053,0.001,4.524961525476101e-07,0.00010538101196289062,3e-06,77.88953876495361,83.70703125,336.23551177978516,0.0,202.0,0.0,0.0,0.0,0.0,0.0,0.0,0.0,0.0,0.0,0.0,0.0,0.0,0.0,60.0,61.0,59.0,0.5,60.0,61.0,59.0,0.5,0.0,341.0,341.0,341.0,1.0,18.08365017687902,1.0475766020826995,0.9907266679219902,0.13580550719052553,3.438207780942321,4.055259576998651,27.785765760112554,150.69708480732515,4.287042120875712,1.2353200348154492,0.16933355011287474,802.0,27.785765760112554,28.86369974194842,
203,3089.0,3089.0,0.0,3089.0,3089.0,3089.0,0.15125013887882233,1.0,0.04622972011566162,0.002162771299481392,0.0067933425307273865,0.9991928339004517,1.147456169128418,0.13753369450569153,0.0009691280429251492,0.00027632355340756476,1.1463372707366943,0.1365559995174408,0.0009777024388313293,0.0009777024388313293,0.0013578236103057861,0.0005975812673568726,1.0009782314300537,-0.000881195068359375,-0.11993581056594849,0.0,-0.001894234912469983,0.0,0.0,0.027988840825855732,0.001,2.7988842703052796e-05,0.000827789306640625,3e-06,77.88953876495361,83.70703125,335.9841957092285,0.0,203.0,0.0,0.4000000059604645,0.4000000059604645,0.4000000059604645,0.4000000059604645,0.4000000059604645,0.4000000059604645,0.0,0.0,0.0,0.0,0.0,0.0,66.5,68.0,65.0,0.5,66.5,68.0,65.0,0.5,0.0,1478.0,1478.0,1478.0,1.0,20.092959450092167,0.998158642090857,0.9541041599586606,0.1362867201678455,3.2715295208618045,4.215507311280817,29.72821945697069,151.07488308339975,1.0590901653809661,0.3088715312265007,0.044120013003511004,3089.0,29.72821945697069,103.90800580812079,
204,3910.0,3910.0,0.0,3910.0,3910.0,3910.0,0.12879544496536255,1.0,0.11487700790166855,0.0028637556824833155,0.01172315888106823,0.9976998567581177,1.1043318510055542,0.09759950637817383,-0.002892486285418272,0.003564394311979413,1.1066417694091797,0.09933888912200928,-0.001739388331770897,0.005820402875542641,0.004081014543771744,-0.007559791207313538,0.9982790350914001,0.026987671852111816,2.660959243774414,0.003937007859349251,0.0017919953097589314,0.0,0.13818317651748657,0.011181225359905511,0.001,0.13819435238838196,1.0078125,3e-06,77.88953876495361,83.70703125,336.08270263671875,0.0,204.0,0.0,0.5181818008422852,0.6000000238418579,0.4363636374473572,0.5181818008422852,0.6000000238418579,0.4363636374473572,-0.14008577167987823,0.7071009278297424,-0.7071004509925842,-0.14008577167987823,0.7071009278297424,-0.7071004509925842,106.0,127.0,85.0,0.5,106.0,127.0,85.0,0.5,0.0,1849.0,1849.0,1849.0,1.0,30.119488103780895,1.0993315009400249,0.9458153992891312,0.12262662593275309,3.2017146828584373,3.852365604136139,39.3728475891985,142.07305709330612,0.8188528600660965,0.24189652155732255,0.031362308422699,3910.0,39.3728475891985,99.30701586015498,
205,810.0,810.0,0.0,810.0,810.0,810.0,0.9596015810966492,1.0,0.043138325214385986,0.0035661193542182446,0.00701160728931427,0.9998131394386292,2.635280132293701,0.9688559770584106,-0.0005462077679112554,0.0005138530395925045,2.636507511138916,0.9693070650100708,-0.00045105814933776855,0.0008700191974639893,0.0004189610481262207,-0.0013210773468017578,0.999549388885498,0.003133416175842285,0.07985138893127441,0.0,0.0,0.0,0.0,0.0012133591808378696,0.001,1.213359155372018e-06,0.000225067138671875,3e-06,77.88953876495361,83.70703125,335.39001083374023,0.0,205.0,0.0,0.0,0.0,0.0,0.0,0.0,0.0,0.0,0.0,0.0,0.0,0.0,0.0,64.0,71.0,57.0,0.5,64.0,71.0,57.0,0.5,0.0,341.0,341.0,341.0,1.0,20.08377883490175,0.9984318879432976,1.0000188532285392,0.13564501190558076,3.2874773433431983,3.8974008481018245,29.43715738179162,156.90452214766992,4.0586140041274055,1.234591176825357,0.16746297766121082,810.0,29.43715738179162,27.516243823903533,
206,789.0,789.0,0.0,789.0,789.0,789.0,0.586359441280365,1.0,0.02787896990776062,0.002734953537583351,0.0062743546441197395,0.9997734427452087,1.5895898342132568,0.46053099632263184,0.002119792392477393,0.0003055712440982461,1.5861998796463013,0.45847129821777344,0.0020596832036972046,0.0020596832036972046,0.003047764301300049,0.0010716021060943604,1.0020623207092285,-0.0030300021171569824,-0.20990365743637085,0.0,0.0007025140221230686,0.0,0.0,0.0005750220516347326,0.001,5.750220566369535e-07,0.00012302398681640625,3e-06,77.88953876495361,83.70703125,335.23353576660156,0.0,206.0,0.0,0.0,0.0,0.0,0.0,0.0,0.0,0.0,0.0,0.0,0.0,0.0,0.0,57.5,61.0,54.0,0.5,57.5,61.0,54.0,0.5,0.0,337.0,337.0,337.0,1.0,18.092179247178137,1.2270478787831962,0.940284077078104,0.12141820602118969,3.0985623691231012,3.880822654813528,27.406629463192075,157.32329780154902,3.927201988749178,1.1917415425577997,0.15388872753002494,789.0,27.406629463192075,28.78865498800758,
207,3002.0,3002.0,0.0,3002.0,3002.0,3002.0,0.11783672124147415,1.0,0.025167107582092285,0.002018316648900509,0.005386644508689642,0.9996475577354431,1.1458730697631836,0.13547813892364502,0.00457532424479723,0.00035408258554525673,1.1405320167541504,0.1307617574930191,0.004716373980045319,0.004716373980045319,0.005891785025596619,0.0035409629344940186,1.0047281980514526,-0.0078116655349731445,-0.3659810423851013,0.011363636702299118,-0.0017716775182634592,0.0,0.08204245567321777,0.03168727457523346,0.001,0.08207416534423828,0.6328125,3e-06,77.88953876495361,83.70703125,334.7897529602051,0.0,207.0,0.0,0.36000001430511475,0.4000000059604645,0.3199999928474426,0.36000001430511475,0.4000000059604645,0.3199999928474426,-0.08485157042741776,0.7070940136909485,-0.7070945501327515,-0.08485157042741776,0.7070940136909485,-0.7070945501327515,50.0,56.0,44.0,0.5,50.0,56.0,44.0,0.5,0.0,1451.0,1451.0,1451.0,1.0,16.08064793376252,1.1554588270373642,1.03182429401204,0.12593206204473972,3.1635316172614694,3.8489341870881617,25.436517817899585,160.8064793376252,1.0538080004202097,0.3437122898108061,0.04194938775640897,3002.0,25.436517817899585,118.01929892650257,
208,2847.0,2847.0,0.0,2847.0,2847.0,2847.0,0.7127686142921448,1.0,0.03711754083633423,0.00449924822896719,0.008491812273859978,0.9995803236961365,1.8956327438354492,0.6193112134933472,-0.0016784509643912315,0.0004260602581780404,1.8990682363510132,0.6209114789962769,-0.0016002506017684937,0.0016002506017684937,-0.000546187162399292,-0.0026543140411376953,0.9984015822410583,0.005074739456176758,1.1338212490081787,0.0,0.0015270034200511873,0.0,0.0,0.000525365408975631,0.001,5.253654080661363e-07,7.62939453125e-05,3e-06,77.88953876495361,83.70703125,335.06774139404297,0.0,208.0,0.0,0.0,0.0,0.0,0.0,0.0,0.0,0.0,0.0,0.0,0.0,0.0,0.0,195.5,210.0,181.0,0.5,195.5,210.0,181.0,0.5,0.0,1228.0,1228.0,1228.0,1.0,58.19149194424972,1.0067443521693349,0.9388852901756763,0.1261571329087019,3.253490660339594,3.70306302793324,67.27636655280367,148.82734512595837,1.142778595131575,0.32978057259419613,0.044312305201511026,2847.0,67.27636655280367,42.31798097724935,
209,1474.0,1474.0,0.0,1474.0,1474.0,1474.0,0.06269994378089905,1.0,0.2438209354877472,0.006402966100722551,0.030157508328557014,0.9815078377723694,1.0581822395324707,0.056524015963077545,0.00891019031405449,0.0017902216641232371,1.0488677024841309,0.04761381819844246,0.008910195901989937,0.008910195901989937,0.015326332300901413,0.0024940595030784607,1.0089707374572754,-0.011336445808410645,-0.48610949516296387,0.021276595070958138,-0.006567427401023451,0.0,-0.002943754196166992,0.0017437629867345095,0.001,-0.002941995859146118,0.90625,3e-06,77.88953876495361,83.70703125,335.3429298400879,0.0,209.0,0.0,0.7666666507720947,1.0,0.5333333611488342,0.7666666507720947,1.0,0.5333333611488342,9.067515094329792e-08,0.7071046829223633,-0.707104504108429,9.067515094329792e-08,0.7071046829223633,-0.707104504108429,47.0,47.0,47.0,1.0,47.0,47.0,47.0,1.0,0.0,690.0,690.0,690.0,1.0,18.10420144814998,1.31382807623595,1.052484734915197,0.1216979413293302,3.6026639421470463,4.145982502959669,28.387295173946768,192.59788774627637,2.4441410733697735,0.7140330630360902,0.08256305381908427,1474.0,28.387295173946768,51.924637094442325,
210,3104.0,3104.0,0.0,3104.0,3104.0,3104.0,0.6795911192893982,1.0,0.09336978197097778,0.006069559138268232,0.011346220970153809,0.9993062019348145,1.971888542175293,0.6673078536987305,0.0009541075560264289,0.001335191074758768,1.9708361625671387,0.6669721603393555,0.0003356635570526123,0.0013093650341033936,0.0016450285911560059,-0.0009737014770507812,1.0003366470336914,0.003300189971923828,-0.20326220989227295,0.0,0.00012481524026952684,0.0,0.0,0.0017830345459515229,0.001,1.7830346905611805e-06,0.00029754638671875,3e-06,77.88953876495361,83.70703125,334.9563446044922,0.0,210.0,0.0,0.0,0.0,0.0,0.0,0.0,0.0,0.0,0.0,0.0,0.0,0.0,0.0,235.0,346.0,124.0,0.5,235.0,346.0,124.0,0.5,0.0,1317.0,1317.0,1317.0,1.0,58.152930844109505,1.0476659680716693,0.8448622836731374,0.12706152303144336,2.321943092625588,3.365358615294099,65.8835752978921,123.72964009385001,0.7480486767479343,0.27218501406995405,0.04093476901786191,3104.0,65.8835752978921,47.11341158953938,
211,2941.0,2941.0,0.0,2941.0,2941.0,2941.0,0.7149210572242737,1.0,0.06080329418182373,0.004459969233721495,0.008751781657338142,0.9996259808540344,2.2051048278808594,0.7861512899398804,-0.003862801007926464,0.0007773679681122303,2.213510036468506,0.7900352478027344,-0.0038838982582092285,0.0038838982582092285,-0.0030513405799865723,-0.004716455936431885,0.9961239695549011,0.010859370231628418,3.0749940872192383,0.0,0.0010616874496918172,0.0,0.0,0.000721684453310445,0.001,7.216845006041694e-07,9.679794311523438e-05,3e-06,77.88953876495361,83.70703125,334.90076446533203,0.0,211.0,0.0,0.0,0.0,0.0,0.0,0.0,0.0,0.0,0.0,0.0,0.0,0.0,0.0,177.5,182.0,173.0,0.5,177.5,182.0,173.0,0.5,0.0,1293.0,1293.0,1293.0,1.0,44.141318819951266,1.0424058558419347,0.8376242108643055,0.1180181810632348,2.858842746820301,3.114546255208552,52.14325368218124,124.3417431547923,0.9720648578103709,0.28480932025307903,0.04012858927685645,2941.0,52.14325368218124,56.402310794138636,
212,2984.0,2984.0,0.0,2984.0,2984.0,2984.0,0.11048228293657303,1.0,0.2571960389614105,0.015716686844825745,0.04431283101439476,0.9640433192253113,1.0961412191390991,0.09176070243120193,0.019946442916989326,0.006204607896506786,1.0744569301605225,0.07181425392627716,0.019946444779634476,0.019946444779634476,0.029835931956768036,0.010056957602500916,1.0201966762542725,-0.01587224006652832,-0.7443868517875671,0.0,-0.019786289893090725,0.0,0.0,0.00648148637264967,0.001,6.48148670734372e-06,0.0004425048828125,3e-06,77.88953876495361,83.70703125,335.20340728759766,0.0,212.0,0.0,0.4000000059604645,0.4000000059604645,0.4000000059604645,0.4000000059604645,0.4000000059604645,0.4000000059604645,0.0,0.0,0.0,0.0,0.0,0.0,42.0,42.0,42.0,1.0,42.0,42.0,42.0,1.0,0.0,1450.0,1450.0,1450.0,1.0,12.074542029760778,0.9287176807411015,0.849127234891057,0.12294642580673099,2.761188317090273,3.0754715860821307,19.84212954295799,143.7445479733426,0.9253312054592068,0.28456006531201644,0.04120188532397151,2984.0,19.84212954295799,150.3870838832935,
213,3198.0,3198.0,0.0,3198.0,3198.0,3198.0,0.8194754123687744,1.0,0.033834993839263916,0.002835092367604375,0.006378361023962498,0.9998147487640381,2.14683198928833,0.6464368104934692,0.0007177526131272316,0.0002911029732786119,2.145357131958008,0.6468002796173096,-0.0003634542226791382,0.002299889922142029,0.0019364356994628906,-0.002663344144821167,0.9996392726898193,-0.00026869773864746094,-0.0475008487701416,0.0,0.0012303674593567848,0.0,-0.33001118898391724,0.030961976386606693,0.001,-0.3299802541732788,1.0703125,3e-06,77.88953876495361,83.70703125,335.4862594604492,0.0,213.0,0.0,0.36000001430511475,0.4000000059604645,0.3199999928474426,0.36000001430511475,0.4000000059604645,0.3199999928474426,0.33239442110061646,0.7070940136909485,-0.7070945501327515,0.33239442110061646,0.7070940136909485,-0.7070945501327515,117.0,172.0,62.0,0.5,117.0,172.0,62.0,0.5,0.0,1482.0,1482.0,1482.0,1.0,30.117282141000032,0.9685156890191138,0.8464193902909756,0.11813934473320842,2.8970944210886955,3.3344801729544997,38.314323000609875,128.70633393589756,0.9059081992147265,0.26467147914039263,0.03694163375022152,3198.0,38.314323000609875,83.46748029318162,
214,3748.0,3748.0,0.0,3748.0,3748.0,3748.0,0.16655868291854858,1.0,0.16279186308383942,0.013367964886128902,0.03481574356555939,0.9874224066734314,1.28963303565979,0.253358393907547,0.019403494894504547,0.015323328785598278,1.264204740524292,0.23395492136478424,0.019403472542762756,0.019403472542762756,0.032864153385162354,0.005942791700363159,1.0196852684020996,0.011900782585144043,-0.709776759147644,0.0,-0.020637886133044958,0.0,0.0,0.026215365156531334,0.001,2.621536623337306e-05,0.001983642578125,3e-06,77.88953876495361,83.70703125,335.5353469848633,0.0,214.0,0.0,0.5333333611488342,0.5333333611488342,0.5333333611488342,0.5333333611488342,0.5333333611488342,0.5333333611488342,0.0,0.0,0.0,0.0,0.0,0.0,51.0,51.0,51.0,1.0,51.0,51.0,51.0,1.0,0.0,1823.0,1823.0,1823.0,1.0,14.079721851740032,1.0534545821137726,0.8336779153905809,0.11896675592288375,2.890970543026924,3.175368861760944,22.21657365281135,138.03648874254932,0.7713368577980054,0.22243274156632362,0.03174139699116429,3748.0,22.21657365281135,168.70288184720678,
215,814.0,814.0,0.0,814.0,814.0,814.0,0.8172294497489929,1.0,0.19487321376800537,0.01835702918469906,0.03443801403045654,0.9947940111160278,2.1213250160217285,0.75201416015625,0.006510637700557709,0.018739769235253334,2.107504367828369,0.7455035448074341,0.006510615348815918,0.008704602718353271,0.01521521806716919,-0.0021939873695373535,1.0065699815750122,0.04990673065185547,-0.2649523615837097,0.0,-0.010437358519993722,0.0,0.0,0.016359295696020126,0.001,1.635929584153928e-05,0.000766754150390625,3e-06,77.88953876495361,83.70703125,334.84948348999023,0.0,215.0,0.0,0.0,0.0,0.0,0.0,0.0,0.0,0.0,0.0,0.0,0.0,0.0,0.0,66.0,66.0,66.0,1.0,66.0,66.0,66.0,1.0,0.0,341.0,341.0,341.0,1.0,18.09371265815571,0.894346818793565,0.9625488286837935,0.12313688127323985,2.8558972692117095,3.212140018120408,26.193887423723936,137.07358074360386,3.5084733036998887,1.1824924185304588,0.15127380991798509,814.0,26.193887423723936,31.07595244769801,
216,769.0,769.0,0.0,769.0,769.0,769.0,0.718637228012085,1.0,0.030552685260772705,0.002516301581636071,0.005833408795297146,0.999826192855835,1.682960033416748,0.5203745365142822,0.0034012063406407833,0.0002706109662540257,1.6772791147232056,0.5169973373413086,0.003377184271812439,0.003377184271812439,0.0035933852195739746,0.0031609833240509033,1.003382921218872,-0.0057260990142822266,-0.23993456363677979,0.0,-0.0005948278703726828,0.0,0.0,0.0008659458835609257,0.001,8.659459354021237e-07,0.0004138946533203125,3e-06,77.88953876495361,83.70703125,334.9899101257324,0.0,216.0,0.0,0.0,0.0,0.0,0.0,0.0,0.0,0.0,0.0,0.0,0.0,0.0,0.0,40.5,45.0,36.0,0.5,40.5,45.0,36.0,0.5,0.0,344.0,344.0,344.0,1.0,10.059454563073814,0.8925467827357352,0.8382698432542384,0.12137971678748727,2.8064233642071486,3.207450475078076,17.952315888367593,124.19079707498535,3.6494452070314027,1.0900778195763827,0.15784098411896913,769.0,17.952315888367593,42.83569901409112,
217,818.0,818.0,0.0,818.0,818.0,818.0,0.6207730770111084,1.0,0.05670839548110962,0.0036572301760315895,0.007875286042690277,0.9996564984321594,1.712216854095459,0.535836398601532,0.0012346316361799836,0.00035258702700957656,1.7096315622329712,0.5344460010528564,0.0013903826475143433,0.0019631534814834595,0.0033535361289978027,-0.0005727708339691162,1.0013933181762695,-0.0010567903518676758,-0.12063789367675781,0.0,0.0,0.0,0.0,0.000690552027663216,0.001,6.905520422151312e-07,0.0001983642578125,3e-06,77.88953876495361,83.70703125,335.27684020996094,0.0,217.0,0.0,0.0,0.0,0.0,0.0,0.0,0.0,0.0,0.0,0.0,0.0,0.0,0.0,63.0,68.0,58.0,0.5,63.0,68.0,58.0,0.5,0.0,346.0,346.0,346.0,1.0,16.07835974590853,1.0018753190524876,0.8592132511548698,0.12565018283203244,3.685513996053487,3.5675903633236885,25.363296718802303,127.60602972943276,4.505518332583725,1.0503829476220903,0.15360658047925727,818.0,25.363296718802303,32.251327935362625,
218,2624.0,2624.0,0.0,2624.0,2624.0,2624.0,0.5181569457054138,1.0,0.04160723090171814,0.0049939267337322235,0.008920414373278618,0.999488115310669,1.6380277872085571,0.4895361661911011,0.00013467272219713777,0.0004644528962671757,1.6378380060195923,0.4893835484981537,0.0001526176929473877,0.00041291117668151855,0.0005655288696289062,-0.00026029348373413086,1.0001527070999146,0.0015964508056640625,-0.03423309326171875,0.0,0.002097804332152009,0.0,0.0,0.0011051511974073946,0.001,1.1051513411075575e-06,0.0002593994140625,3e-06,77.88953876495361,83.70703125,334.99511337280273,0.0,218.0,0.0,0.0,0.0,0.0,0.0,0.0,0.0,0.0,0.0,0.0,0.0,0.0,0.0,161.0,168.0,154.0,0.5,161.0,168.0,154.0,0.5,0.0,1151.0,1151.0,1151.0,1.0,42.1565179200843,0.940529725048691,0.9150222898460925,0.11543723661452532,2.9149709679186344,3.4292421960271895,50.5042166011408,130.92086310585185,1.1108883261885039,0.34871276289866326,0.043992849319559955,2624.0,50.5042166011408,51.956057861923725,
219,2983.0,2983.0,0.0,2983.0,2983.0,2983.0,0.10458026081323624,1.0,0.05167436599731445,0.0016739420825615525,0.00688282260671258,0.9983696937561035,1.0579192638397217,0.05612611025571823,0.0001962670066859573,5.6072127335937694e-05,1.0576872825622559,0.05592048913240433,0.0002056211233139038,0.0007390156388282776,0.0009446367621421814,-0.0005333945155143738,1.0002058744430542,-0.00016516447067260742,-0.013718843460083008,0.0,0.0003530936373863369,0.0,-0.00822862982749939,0.04638892598450184,0.001,-0.008182257413864136,0.498046875,3e-06,77.88953876495361,83.70703125,334.9382629394531,0.0,219.0,0.0,0.34285715222358704,0.4571428596973419,0.22857142984867096,0.34285715222358704,0.4571428596973419,0.22857142984867096,0.00895062554627657,0.7071024179458618,-0.7071024775505066,0.00895062554627657,0.7071024179458618,-0.7071024775505066,39.5,40.0,39.0,0.5,39.5,40.0,39.0,0.5,0.0,1452.0,1452.0,1452.0,1.0,10.057512525003403,0.896950616966933,0.8522064578719437,0.11760403122752905,2.889116931706667,3.147202926222235,17.980495712719858,127.31028512662536,0.9685272985942565,0.28568771634996437,0.03942475066293297,2983.0,17.980495712719858,165.90198889176065,
220,818.0,818.0,0.0,818.0,818.0,818.0,1.179139256477356,1.0,0.043080732226371765,0.0027261085342615843,0.006546194665133953,0.9998416304588318,4.038751125335693,1.3541207313537598,0.004039398394525051,0.00042496895184740424,4.02325439453125,1.3501577377319336,0.0039629340171813965,0.0039629340171813965,0.00438082218170166,0.003545045852661133,1.0039708614349365,-0.00640416145324707,-0.42905980348587036,0.0,0.0,0.0,0.0,0.0007396491128019989,0.001,7.396491810141015e-07,0.0001201629638671875,3e-06,77.88953876495361,83.70703125,356.91921615600586,0.0,220.0,0.0,0.0,0.0,0.0,0.0,0.0,0.0,0.0,0.0,0.0,0.0,0.0,0.0,71.0,84.0,58.0,0.5,71.0,84.0,58.0,0.5,0.0,338.0,338.0,338.0,1.0,18.134556266013533,0.9334519538097084,0.8110132040455937,0.09407116286456585,2.707087493967265,3.8295401530340314,132.29556666035205,127.70814271840516,3.3093979143854093,0.9914586846523151,0.11500142159482378,818.0,132.29556666035205,6.183124806442574,105.75828076992184
221,7996.0,7996.0,0.0,7996.0,7996.0,7996.0,0.02615920826792717,1.0,0.496833860874176,0.006958257406949997,0.039505936205387115,0.7747510671615601,1.0135307312011719,0.013439567759633064,0.008598017506301403,0.001212886767461896,1.0048532485961914,0.004841549787670374,0.008598018437623978,0.008598018437623978,0.00949297845363617,0.007703057955950499,1.0086355209350586,-0.012957513332366943,-0.9173874855041504,0.0,-0.008929946925491095,0.0,0.0,0.0029114174540154636,0.001,2.911417595896637e-06,7.05718994140625e-05,3e-06,77.88953876495361,83.70703125,383.3948745727539,0.0,221.0,0.0,1.0,1.0,1.0,1.0,1.0,1.0,0.0,0.0,0.0,0.0,0.0,0.0,147.0,147.0,147.0,1.0,147.0,147.0,147.0,1.0,0.0,3851.0,3851.0,3851.0,1.0,38.15797655610368,1.2528877397999167,1.1124535677954555,0.11430480796843767,3.257342825178057,3.420415142085403,47.360028554685414,129.78903590511456,0.40737153891671546,0.13912625910398393,0.014295248620364891,7996.0,47.360028554685414,168.8343576644432,
222,1508.0,1508.0,0.0,1508.0,1508.0,1508.0,0.0088026262819767,1.0,0.026268601417541504,0.0004538337525445968,0.0031097871251404285,0.9984291195869446,1.0031826496124268,0.0031775368843227625,0.0004988086875528097,6.270408448472153e-06,1.0026824474334717,0.0026787281967699528,0.0004988086875528097,0.0004988086875528097,0.0006564471404999495,0.00034117023460567,1.00049889087677,-0.000972747802734375,-0.04380381107330322,0.0,-0.0006536059954669327,0.0,0.0,0.0006677885830868036,0.001,6.677886403849698e-07,9.393692016601562e-05,3e-06,77.88953876495361,83.70703125,334.55762481689453,0.0,222.0,0.0,1.0,1.0,1.0,1.0,1.0,1.0,0.0,0.0,0.0,0.0,0.0,0.0,45.0,45.0,45.0,1.0,45.0,45.0,45.0,1.0,0.0,709.0,709.0,709.0,1.0,14.089765984099358,0.9220992592163384,0.8653795327991247,0.17020491091534495,2.851451701950282,3.334485838189721,22.306208337657154,156.55295537888176,1.8908830914789667,0.5738591066307193,0.11286797806057358,1508.0,22.306208337657154,67.6044972400893,
223,1749.0,1749.0,0.0,1749.0,1749.0,1749.0,0.5063992142677307,1.0,0.05808067321777344,0.005805335007607937,0.010692236945033073,0.9992541670799255,1.628436803817749,0.48701050877571106,0.0020361209753900766,0.0006063087494112551,1.6252901554107666,0.48517847061157227,0.001832038164138794,0.0030610859394073486,0.004893124103546143,-0.0012290477752685547,1.0018384456634521,-0.0016478300094604492,-0.19825279712677002,0.0,-0.00011571248614927754,0.0,0.0,0.0006992409034864977,0.001,6.992409566919378e-07,0.00011968612670898438,3e-06,77.88953876495361,83.70703125,334.5811767578125,0.0,223.0,0.0,0.0,0.0,0.0,0.0,0.0,0.0,0.0,0.0,0.0,0.0,0.0,0.0,112.5,120.0,105.0,0.5,112.5,120.0,105.0,0.5,0.0,762.0,762.0,762.0,1.0,30.100582053884864,0.8961824970319867,0.9391195210628211,0.12832007836550474,2.8994261929765344,3.1893884181044996,38.20629546511918,133.78036468393273,1.6577622601352398,0.5369465529232825,0.07336768345654932,1749.0,38.20629546511918,45.777796007382264,
224,3151.0,3151.0,0.0,3151.0,3151.0,3151.0,0.48526933789253235,1.0,0.059040188789367676,0.0026223964523524046,0.006874134764075279,0.999744713306427,1.525494933128357,0.3739107847213745,-0.0011050984030589461,0.00033138995058834553,1.5264263153076172,0.3739272654056549,-1.64862722158432e-05,0.0019493941217660904,0.0019329078495502472,-0.0019658803939819336,0.99998539686203,0.00354921817779541,0.42520248889923096,0.0,0.00037281124969013035,0.0,0.0,0.015883535146713257,0.001,1.5883535525063053e-05,0.00078582763671875,3e-06,77.88953876495361,83.70703125,334.3542823791504,0.0,224.0,0.0,0.4000000059604645,0.4000000059604645,0.4000000059604645,0.4000000059604645,0.4000000059604645,0.4000000059604645,0.0,0.0,0.0,0.0,0.0,0.0,115.5,180.0,51.0,0.5,115.5,180.0,51.0,0.5,0.0,1460.0,1460.0,1460.0,1.0,32.10919861122966,1.0023894920013845,0.9929127269424498,0.09053563699126244,3.253695646766573,3.821817835792899,41.29862417606637,139.000859788873,1.0325914461334729,0.3151103544723738,0.02873235067955012,3151.0,41.29862417606637,76.29794122357438,
225,3470.0,3470.0,0.0,3470.0,3470.0,3470.0,0.011251075193285942,1.0,0.07726562023162842,0.002255456754937768,0.010644031688570976,0.9486249089241028,1.0020649433135986,0.0020627789199352264,-0.0021188545506447554,6.940318417036906e-05,1.004190444946289,0.0041816337034106255,-0.002118854783475399,0.002118854783475399,-0.0019725640304386616,-0.00226514576934278,0.9978833794593811,0.0045223236083984375,0.24139344692230225,0.0,0.002377491327933967,0.0,0.0,3.878684674418764e-05,0.001,3.8786847511573797e-08,1.2576580047607422e-05,3e-06,77.88953876495361,83.70703125,334.42185974121094,0.0,225.0,0.0,1.0,1.0,1.0,1.0,1.0,1.0,0.0,0.0,0.0,0.0,0.0,0.0,51.0,51.0,51.0,1.0,51.0,51.0,51.0,1.0,0.0,1684.0,1684.0,1684.0,1.0,16.07587195187807,1.0956621449440718,1.0626084581017494,0.06598415924236178,3.0637054117396474,4.166001759003848,25.57990911277011,157.6065877635105,0.8829122224033567,0.306227221354971,0.01901560785082472,3470.0,25.57990911277011,135.65333577622806,
226,7980.0,7980.0,0.0,7980.0,7980.0,7980.0,0.021391848102211952,1.0,0.05912405252456665,0.0006746429135091603,0.0046106791123747826,0.9982625842094421,1.0119531154632568,0.011876467615365982,0.0010132124880328774,3.0982155294623226e-05,1.0109288692474365,0.010864347219467163,0.001012119697406888,0.001012119697406888,0.0011662095785140991,0.0008580298162996769,1.0010126829147339,-0.0019055008888244629,-0.24775415658950806,0.0,-0.0006065913621569052,0.0,0.0051634907722473145,0.004263088805601001,0.001,0.005167752504348755,0.11669921875,3e-06,77.88953876495361,83.70703125,334.65875244140625,0.0,226.0,0.0,0.7545454502105713,1.0,0.5090909004211426,0.7545454502105713,1.0,0.5090909004211426,-0.005014913622289896,0.7071047425270081,-0.7071047425270081,-0.005014913622289896,0.7071047425270081,-0.7071047425270081,141.0,142.0,140.0,0.5,141.0,142.0,140.0,0.5,0.0,3849.0,3849.0,3849.0,1.0,40.14312811894342,1.1826525880023837,1.078474624082446,0.11255148518830538,3.446484899148345,3.8015510640107095,49.82593757333234,142.35151815228164,0.43189033823914097,0.13514719600030653,0.014104196138885385,7980.0,49.82593757333234,160.15754822988072,
227,3099.0,3099.0,0.0,3099.0,3099.0,3099.0,0.15416283905506134,1.0,0.02979370951652527,0.0014284370699897408,0.004400014877319336,0.9998070001602173,1.1963512897491455,0.17591260373592377,-0.0016699115512892604,0.00017516844673082232,1.1983414888381958,0.1775408685207367,-0.0016282685101032257,0.0016282685101032257,-0.0012147799134254456,-0.002041757106781006,0.9983731508255005,0.0040541887283325195,0.28725647926330566,0.0,0.002132574882125482,0.0,0.06979408860206604,0.01971974316984415,0.001,0.0698138177394867,0.87109375,3e-06,77.88953876495361,83.70703125,333.9613571166992,0.0,227.0,0.0,0.3333333432674408,0.4000000059604645,0.2666666805744171,0.3333333432674408,0.4000000059604645,0.2666666805744171,-0.07118450105190277,0.7070993185043335,-0.7070993185043335,-0.07118450105190277,0.7070993185043335,-0.7070993185043335,74.5,82.0,67.0,0.5,74.5,82.0,67.0,0.5,0.0,1475.0,1475.0,1475.0,1.0,22.084313192870468,1.0848272424191236,0.9548145979642868,0.11683106794953346,3.2722673509269953,4.16006309306249,31.72739944094792,148.21686706624476,1.0559107295666328,0.3081040974392665,0.03769960243611922,3099.0,31.72739944094792,97.67582766334067,
228,1674.0,1674.0,0.0,1674.0,1674.0,1674.0,0.6721634864807129,1.0,0.04332318902015686,0.004828715231269598,0.008879558183252811,0.9995762705802917,2.394947052001953,0.8045251369476318,0.0030994280241429806,0.0005796719924546778,2.387613534927368,0.8014370203018188,0.003088146448135376,0.003088146448135376,0.003147423267364502,0.00302886962890625,1.0030930042266846,-0.0038616061210632324,-0.5359688997268677,0.0,-0.0001782436011126265,0.0,0.0,0.0006635866011492908,0.001,6.635866611759411e-07,0.00015735626220703125,3e-06,77.88953876495361,83.70703125,334.2742233276367,0.0,228.0,0.0,0.0,0.0,0.0,0.0,0.0,0.0,0.0,0.0,0.0,0.0,0.0,0.0,126.0,150.0,102.0,0.5,126.0,150.0,102.0,0.5,0.0,711.0,711.0,711.0,1.0,36.12814609101042,1.1067059482447803,0.9706117138266563,0.12545854598283768,2.9194078082218766,3.1513567748479545,44.43340799910948,143.3656590913112,1.743971211602077,0.5798158386061268,0.07494536797063182,1674.0,44.43340799910948,37.67435529666214,
229,808.0,808.0,0.0,808.0,808.0,808.0,0.9180213809013367,1.0,0.030177175998687744,0.0028324287850409746,0.006590753793716431,0.999835729598999,2.908269166946411,1.0205557346343994,0.00022846150386612862,0.00032559840474277735,2.907792091369629,1.0202891826629639,0.00026664137840270996,0.00034245848655700684,0.0006090998649597168,-7.581710815429688e-05,1.0002667903900146,0.0008612871170043945,-0.02762007713317871,0.0,-0.0007569789886474609,0.0,0.0,0.0003932440231437795,0.001,3.932440222342848e-07,7.295608520507812e-05,3e-06,77.88953876495361,83.70703125,334.01973724365234,0.0,229.0,0.0,0.0,0.0,0.0,0.0,0.0,0.0,0.0,0.0,0.0,0.0,0.0,0.0,63.0,70.0,56.0,0.5,63.0,70.0,56.0,0.5,0.0,341.0,341.0,341.0,1.0,18.07777445903048,0.9803493390791118,0.9283777959644794,0.1111140139400959,3.283049162942916,3.829606555402279,27.242350364103913,143.47440046849587,4.063179657107569,1.148982420748118,0.13751734398526722,808.0,27.242350364103913,29.659702235702365,
230,873.0,873.0,0.0,873.0,873.0,873.0,0.7434563636779785,1.0,0.03219479322433472,0.00376893556676805,0.0072670867666602135,0.9997538328170776,2.145599365234375,0.7585161924362183,-0.00041600738768465817,0.00047878423356451094,2.1460978984832764,0.7588680982589722,-0.00035190582275390625,0.0012183785438537598,0.0008664727210998535,-0.001570284366607666,0.999648928642273,0.0027881860733032227,0.09783756732940674,0.0,0.002578247804194689,0.0,0.0,0.0006646935653407127,0.001,6.646936299148365e-07,0.00010728836059570312,3e-06,77.88953876495361,83.70703125,334.5899353027344,0.0,230.0,0.0,0.0,0.0,0.0,0.0,0.0,0.0,0.0,0.0,0.0,0.0,0.0,0.0,85.5,90.0,81.0,0.5,85.5,90.0,81.0,0.5,0.0,351.0,351.0,351.0,1.0,26.11507317563519,0.9600598900578916,0.9290854539722204,0.08246773900464177,3.3185517475940287,3.8862930717878044,35.32459726370871,152.7197261733052,3.8013192985040423,1.0642445062682937,0.09446476403739035,873.0,35.32459726370871,24.713657553766097,
231,783.0,783.0,0.0,783.0,783.0,783.0,1.1774647235870361,1.0,0.03263688087463379,0.0067533995024859905,0.009791100397706032,0.999302864074707,2.700075626373291,0.9727546572685242,0.0033631634432822466,0.000613098032772541,2.690030574798584,0.9686543941497803,0.004100292921066284,0.004100292921066284,0.005952060222625732,0.002248525619506836,1.004110336303711,-0.004287660121917725,-0.2925935983657837,0.0,0.004619725979864597,0.0,0.0,0.0010379333252785727,0.001,1.0379333161836257e-06,0.00022792816162109375,3e-06,77.88953876495361,83.70703125,334.54723358154297,0.0,231.0,0.0,0.0,0.0,0.0,0.0,0.0,0.0,0.0,0.0,0.0,0.0,0.0,0.0,51.5,72.0,31.0,0.5,51.5,72.0,31.0,0.5,0.0,340.0,340.0,340.0,1.0,16.07319248188287,1.0329580390825868,0.8807829590514302,0.12268516886979342,3.2611466450616717,3.640840950421989,25.042609571944922,156.05041244546476,4.164938244012352,1.124882450895824,0.15668603942502352,783.0,25.042609571944922,31.266709555588406,
232,2998.0,2998.0,0.0,2998.0,2998.0,2998.0,0.3350546956062317,1.0,0.027954936027526855,0.0025722540449351072,0.005770314019173384,0.9997639656066895,1.4453628063201904,0.3245322108268738,0.0013846290530636907,0.000376600626623258,1.4434641599655151,0.3230328857898712,0.0014993110671639442,0.0014993110671639442,0.0021367985755205154,0.000861823558807373,1.0015006065368652,-0.0012654662132263184,-0.12871628999710083,0.0,0.0011008941801264882,0.0,0.0,0.026435344479978085,0.001,2.643534571689088e-05,0.0078125,3e-06,77.88953876495361,83.70703125,334.0922966003418,0.0,232.0,0.0,0.4000000059604645,0.4000000059604645,0.4000000059604645,0.4000000059604645,0.4000000059604645,0.4000000059604645,0.0,0.0,0.0,0.0,0.0,0.0,50.0,59.0,41.0,0.5,50.0,59.0,41.0,0.5,0.0,1449.0,1449.0,1449.0,1.0,16.090497935190797,0.9843881870619953,0.9480181601829827,0.12562511721625924,3.100637401919812,3.9565192186273634,25.237939073238522,160.90497935190797,1.0342352908338266,0.31621686463741916,0.04190297438834531,2998.0,25.237939073238522,118.78941427428123,
233,845.0,845.0,0.0,845.0,845.0,845.0,0.5583214163780212,1.0,0.025324642658233643,0.0021465036552399397,0.004988184664398432,0.9998675584793091,1.6939055919647217,0.5244259238243103,-0.0006085592904128134,0.00015125685604289174,1.694840669631958,0.5248185396194458,-0.00039261579513549805,0.002173900604248047,0.0017812848091125488,-0.002566516399383545,0.9996098279953003,0.0018246173858642578,0.15801870822906494,0.0,0.0,0.0,0.0,0.00035434565506875515,0.001,3.5434567280390183e-07,0.00010204315185546875,3e-06,77.88953876495361,83.70703125,334.02052307128906,0.0,233.0,0.0,0.0,0.0,0.0,0.0,0.0,0.0,0.0,0.0,0.0,0.0,0.0,0.0,75.5,83.0,68.0,0.5,75.5,83.0,68.0,0.5,0.0,347.0,347.0,347.0,1.0,22.103190198075026,1.0407021129503846,0.8890839507803321,0.13752818806096911,3.077418576925993,3.7875227201730013,31.067840848118067,146.37874303360945,3.6419154756520626,1.0521703559530557,0.16275525214315872,845.0,31.067840848118067,27.198542831829457,
234,7642.0,7642.0,0.0,7642.0,7642.0,7642.0,1.2418367862701416,1.0,0.06506460905075073,0.004071211442351341,0.00761237321421504,0.999758243560791,3.8658246994018555,1.3221144676208496,0.0006816165405325592,0.0005803072708658874,3.8642802238464355,1.321601390838623,0.0005131959915161133,0.0005131959915161133,0.0009832382202148438,4.315376281738281e-05,1.0005134344100952,0.0009843111038208008,-0.4339227080345154,0.002336448524147272,0.00022558108321391046,0.0,0.25295883417129517,0.0010614708298817277,0.001,0.2529599070549011,0.373046875,3e-06,77.88953876495361,83.70703125,334.53240966796875,0.0,234.0,0.0,0.20000000298023224,0.4000000059604645,0.0,0.20000000298023224,0.4000000059604645,0.0,-0.25337010622024536,0.7071042060852051,-0.7071042060852051,-0.25337010622024536,0.7071042060852051,-0.7071042060852051,667.0,906.0,428.0,0.5,667.0,906.0,428.0,0.5,0.0,3154.0,3154.0,3154.0,1.0,168.4055479890667,1.171489531174302,1.0378790628165007,0.12133646802976727,3.5083362171426415,3.561147050000727,177.8534171511419,126.24104047156423,0.4590861315287414,0.13581249186292865,0.01587758021849873,7642.0,177.8534171511419,42.96796835511875,
235,3864.0,3864.0,0.0,3864.0,3864.0,3864.0,0.3439222276210785,1.0,0.36644887924194336,0.018514996394515038,0.04842151328921318,0.9837009906768799,1.4412827491760254,0.35721418261528015,-0.002066516550257802,0.015632595866918564,1.443523645401001,0.35928070545196533,-0.0020665377378463745,0.0040564388036727905,0.001989901065826416,-0.006122976541519165,0.9979437589645386,0.08595466613769531,0.9248151779174805,0.0,0.004060309031046927,0.0,0.0,0.018947066739201546,0.001,1.8947066564578563e-05,0.0007781982421875,3e-06,77.88953876495361,83.70703125,334.7725296020508,0.0,235.0,0.0,0.5333333611488342,0.5333333611488342,0.5333333611488342,0.5333333611488342,0.5333333611488342,0.5333333611488342,0.0,0.0,0.0,0.0,0.0,0.0,94.0,94.0,94.0,1.0,94.0,94.0,94.0,1.0,0.0,1838.0,1838.0,1838.0,1.0,26.094119066838175,0.9553709737956524,0.7971321628428996,0.08852393319830298,3.206957219634205,3.281202776823193,34.53092552116141,138.79850567467113,0.8299578725761401,0.2062971435928829,0.022909920599974893,3864.0,34.53092552116141,111.89969401868609,
236,2969.0,2969.0,0.0,2969.0,2969.0,2969.0,0.06636619567871094,1.0,0.044441819190979004,0.0009192069992423058,0.005064141005277634,0.9988587498664856,1.040231466293335,0.03918002173304558,-0.0006082018953748047,2.377395321673248e-05,1.0408899784088135,0.0397968627512455,-0.0006168428808450699,0.0006825607270002365,6.571784615516663e-05,-0.0012994036078453064,0.9993835687637329,0.001313328742980957,0.050711989402770996,0.0,0.0005356250621844083,0.0,-0.008645683526992798,0.03189756162464619,0.001,-0.008613795042037964,0.380859375,3e-06,77.88953876495361,83.70703125,334.6914367675781,0.0,236.0,0.0,0.699999988079071,1.0,0.4000000059604645,0.699999988079071,1.0,0.4000000059604645,0.008950723335146904,0.7071051001548767,-0.7071050405502319,0.008950723335146904,0.7071051001548767,-0.7071050405502319,39.5,40.0,39.0,0.5,39.5,40.0,39.0,0.5,0.0,1445.0,1445.0,1445.0,1.0,12.071882077027112,0.980701242107898,0.8417559689842165,0.12387982569634914,3.874415918253362,4.336880122311413,22.276943020056933,152.80863388641913,1.304956523493891,0.2835149777649769,0.04172442765117856,2969.0,22.276943020056933,133.27681438727367,
237,3056.0,3056.0,0.0,3056.0,3056.0,3056.0,0.6414256691932678,1.0,0.05712580680847168,0.004806527867913246,0.008601744659245014,0.9995646476745605,1.851210117340088,0.6153577566146851,0.0013243226567283273,0.0006054955301806331,1.8488430976867676,0.6140681505203247,0.0012896358966827393,0.0012896358966827393,0.0016149282455444336,0.0009643435478210449,1.0012905597686768,-0.00023287534713745117,-0.4369644522666931,0.0,-0.0002896631776820868,0.0,0.0,0.0007890066772233695,0.001,7.890066626714543e-07,0.0002460479736328125,3e-06,77.88953876495361,83.70703125,334.469669342041,0.0,237.0,0.0,0.0,0.0,0.0,0.0,0.0,0.0,0.0,0.0,0.0,0.0,0.0,0.0,225.0,249.0,201.0,0.5,225.0,249.0,201.0,0.5,0.0,1303.0,1303.0,1303.0,1.0,62.214469209779054,0.8884132839739323,0.8513426650315523,0.140680103097111,3.0678717489354312,4.664234069176018,71.86047009984031,138.25437602173122,1.0038847345992903,0.2785807149972357,0.0460340651495782,3056.0,71.86047009984031,42.526857892163875,
238,2963.0,2963.0,0.0,2963.0,2963.0,2963.0,0.17739449441432953,1.0,0.0680382251739502,0.0044905985705554485,0.012897673062980175,0.9976636171340942,1.1306887865066528,0.12225359678268433,-0.004847215488553047,0.000228238437557593,1.1362450122833252,0.1270657628774643,-0.00481216236948967,0.00481216236948967,-0.002253405749797821,-0.0073709189891815186,0.9952026605606079,0.010634064674377441,0.45076513290405273,0.0,0.0013117754424456507,0.0,0.0,0.0254675867035985,0.001,2.5467586965532973e-05,0.0015106201171875,3e-06,77.88953876495361,83.70703125,334.67654037475586,0.0,238.0,0.0,0.4000000059604645,0.4000000059604645,0.4000000059604645,0.4000000059604645,0.4000000059604645,0.4000000059604645,0.0,0.0,0.0,0.0,0.0,0.0,36.5,37.0,36.0,0.5,36.5,37.0,36.0,0.5,0.0,1445.0,1445.0,1445.0,1.0,10.060733529739082,0.9924791660159826,0.9331654906272888,0.11906956415623426,2.8464944437146187,3.5264059877954423,18.50982266990468,137.81826753067236,0.9606798662553556,0.3149394163440057,0.04018547558428426,2963.0,18.50982266990468,160.07716836842386,
239,3248.0,3248.0,0.0,3248.0,3248.0,3248.0,0.5249379277229309,1.0,0.09945622086524963,0.005680534988641739,0.011009112931787968,0.9992081522941589,1.6147582530975342,0.4791366457939148,0.00041082187090069056,0.0006700041703879833,1.6147589683532715,0.47912144660949707,1.5228986740112305e-05,0.001474529504776001,0.0014897584915161133,-0.0014593005180358887,1.0000163316726685,0.0018584728240966797,-0.021252930164337158,0.0,0.0023251561215147376,0.0,0.0,0.0005762096989201382,0.001,5.762097430306312e-07,8.153915405273438e-05,3e-06,77.88953876495361,83.70703125,334.8080024719238,0.0,239.0,0.0,0.0,0.0,0.0,0.0,0.0,0.0,0.0,0.0,0.0,0.0,0.0,0.0,164.0,208.0,120.0,0.5,164.0,208.0,120.0,0.5,0.0,1460.0,1460.0,1460.0,1.0,48.15107048628852,0.8885406870394945,0.8763124328106642,0.0844005299732089,2.9317923448979855,3.0777185559272766,56.03945656679571,146.80204416551376,0.9026454263848478,0.26980062586535225,0.02598538484396826,3248.0,56.03945656679571,57.95916304307085,
240,2813.0,2813.0,0.0,2813.0,2813.0,2813.0,0.8072896003723145,1.0,0.057708680629730225,0.004150123801082373,0.007848797366023064,0.999710738658905,2.353206157684326,0.8413137197494507,0.0028078341856598854,0.0008840444497764111,2.3473587036132812,0.838408887386322,0.0029048025608062744,0.0029048025608062744,0.005356013774871826,0.00045359134674072266,1.0029120445251465,-0.002108931541442871,-0.5106781721115112,0.0,0.0008891956094885245,0.0,0.0,0.0009398221736773849,0.001,9.398222573508974e-07,0.00043487548828125,3e-06,77.88953876495361,83.70703125,362.2986640930176,0.0,240.0,0.0,0.0,0.0,0.0,0.0,0.0,0.0,0.0,0.0,0.0,0.0,0.0,0.0,189.5,197.0,182.0,0.5,189.5,197.0,182.0,0.5,0.0,1217.0,1217.0,1217.0,1.0,50.14851476578042,0.8981885658577085,0.8329873401671648,0.12072120001539588,2.9184813341125846,3.8627181337215006,393.4054960841313,132.31798091234938,1.0374978080741502,0.29612063283582113,0.042915463922998894,2813.0,393.4054960841313,7.150383072936096,334.59650715393946
241,2988.0,2988.0,0.0,2988.0,2988.0,2988.0,0.05421900376677513,1.0,0.030818581581115723,0.0010899461340159178,0.0041617113165557384,0.9995404481887817,1.0366735458374023,0.03595179691910744,-0.0012803212739527225,4.4636253733187914e-05,1.038057804107666,0.03726764768362045,-0.0013158498331904411,0.0015276866033673286,0.0002118367701768875,-0.0028435364365577698,0.9986861944198608,0.002742767333984375,0.12566399574279785,0.0,0.0009248824790120125,0.0,0.0,0.011952980887144804,0.001,1.1952981367358007e-05,0.000324249267578125,3e-06,77.88953876495361,83.70703125,382.974796295166,0.0,241.0,0.0,0.4000000059604645,0.4000000059604645,0.4000000059604645,0.4000000059604645,0.4000000059604645,0.4000000059604645,0.0,0.0,0.0,0.0,0.0,0.0,43.0,44.0,42.0,0.5,43.0,44.0,42.0,0.5,0.0,1451.0,1451.0,1451.0,1.0,12.080937955994159,0.9175456427037716,0.8698943071067333,0.12230585189536214,2.826041670050472,3.541514008771628,20.39175470219925,140.47602274411813,0.9457970783301446,0.291129286180299,0.040932346685194826,2988.0,20.39175470219925,146.52981284037043,
242,869.0,869.0,0.0,869.0,869.0,869.0,0.32516583800315857,1.0,0.04084146022796631,0.0026844970416277647,0.007054259534925222,0.9996128082275391,1.3804187774658203,0.31921589374542236,0.0015326334396377206,0.00013178000517655164,1.378479242324829,0.31776320934295654,0.0014526769518852234,0.0014526769518852234,0.0020378977060317993,0.0008674561977386475,1.0014538764953613,-0.0025423765182495117,-0.23679131269454956,0.0,0.0006541939219459891,0.0,0.0,0.00034049559326376766,0.001,3.404956032682094e-07,6.723403930664062e-05,3e-06,77.88953876495361,83.70703125,382.84395599365234,0.0,242.0,0.0,0.0,0.0,0.0,0.0,0.0,0.0,0.0,0.0,0.0,0.0,0.0,0.0,91.5,104.0,79.0,0.5,91.5,104.0,79.0,0.5,0.0,343.0,343.0,343.0,1.0,26.098366491962224,1.0930892266333103,0.9714898560196161,0.13156293984502554,3.150674623902887,3.8427161760628223,35.310693584382534,142.61402454624167,3.62563247859941,1.1179399954195812,0.151395788084034,869.0,35.310693584382534,24.610108490883555,
243,810.0,810.0,0.0,810.0,810.0,810.0,1.075632929801941,1.0,0.027654409408569336,0.003645152784883976,0.006687161047011614,0.9998242855072021,3.315877914428711,1.1969354152679443,-0.0018846940947696567,0.0007218287792056799,3.3206520080566406,1.1986639499664307,-0.001728653907775879,0.005069136619567871,0.003340482711791992,-0.00679779052734375,0.9982856512069702,0.006711244583129883,0.5715304613113403,0.0,0.0,0.0,0.0,0.0015652413130737841,0.001,1.565241404932749e-06,0.000331878662109375,3e-06,77.88953876495361,83.70703125,382.6374626159668,0.0,243.0,0.0,0.0,0.0,0.0,0.0,0.0,0.0,0.0,0.0,0.0,0.0,0.0,0.0,65.0,67.0,63.0,0.5,65.0,67.0,63.0,0.5,0.0,340.0,340.0,340.0,1.0,22.092294245027006,1.151276214979589,1.1032438138499856,0.14448189875110984,3.5771323340013623,3.8598425392992795,31.981270930264145,169.94072496174618,4.416212758026373,1.362029399814797,0.17837271450754302,810.0,31.981270930264145,25.327323662847,
244,801.0,801.0,0.0,801.0,801.0,801.0,0.6335657835006714,1.0,0.05952981114387512,0.0033881962299346924,0.008716446347534657,0.9996293187141418,1.8566750288009644,0.6173657178878784,0.0016698574181646109,0.0005311775021255016,1.8536194562911987,0.6157089471817017,0.0016568005084991455,0.0016568005084991455,0.0018388032913208008,0.0014747977256774902,1.0016582012176514,-0.0012053251266479492,-0.18781167268753052,0.0,0.0,0.0,0.0,0.0006354213110171258,0.001,6.354213155645994e-07,0.00013637542724609375,3e-06,77.88953876495361,83.70703125,334.17020416259766,0.0,244.0,0.0,0.0,0.0,0.0,0.0,0.0,0.0,0.0,0.0,0.0,0.0,0.0,0.0,62.5,67.0,58.0,0.5,62.5,67.0,58.0,0.5,0.0,338.0,338.0,338.0,1.0,16.080641929991543,0.9981196261942387,1.0235394979827106,0.12611150089651346,2.8973963540047407,3.4364204332232475,24.597838521935046,128.64513543993235,3.617223912615157,1.2778270886176162,0.1574425729045112,801.0,24.597838521935046,32.56383683004142,
245,3814.0,3814.0,0.0,3814.0,3814.0,3814.0,0.41322603821754456,1.0,0.03632524609565735,0.002762931166216731,0.007120585534721613,0.9996982216835022,1.4082293510437012,0.3119370937347412,0.004174299072474241,0.0003933759580831975,1.4028624296188354,0.3088080883026123,0.0031289979815483093,0.0031289979815483093,0.005983412265777588,0.00027458369731903076,1.0031380653381348,-0.0068204402923583984,-0.3555852770805359,0.005154639016836882,-0.0012401165440678596,0.0,0.25981760025024414,0.042740522185340524,0.001,0.2598603367805481,1.375,3e-06,77.88953876495361,83.70703125,334.57311248779297,0.0,245.0,0.0,0.3333333432674408,0.4000000059604645,0.2666666805744171,0.3333333432674408,0.4000000059604645,0.2666666805744171,-0.2589377462863922,0.7070993185043335,-0.7070993185043335,-0.2589377462863922,0.7070993185043335,-0.7070993185043335,71.0,97.0,45.0,0.5,71.0,97.0,45.0,0.5,0.0,1836.0,1836.0,1836.0,1.0,18.079163460992277,0.9914093399420381,0.9132054592482746,0.12631904566660523,2.3083840049803257,3.2207618509419262,25.673240477219224,127.31805254219913,0.6052396447247839,0.23943509681391573,0.03311983368290646,3814.0,25.673240477219224,148.5593532060862,
246,2339.0,2339.0,0.0,2339.0,2339.0,2339.0,0.6213581562042236,1.0,0.06215354800224304,0.0049080322496593,0.00915830209851265,0.9995241165161133,1.8541505336761475,0.6154850125312805,-0.0007805072818882763,0.000573438941501081,1.8554753065109253,0.6162458658218384,-0.0007608532905578613,0.0007608532905578613,-7.152557373046875e-06,-0.0015145540237426758,0.9992396831512451,0.0038667917251586914,0.46630918979644775,0.0,-0.001745274814311415,0.0,0.0,0.0007083672389853746,0.001,7.083672812768782e-07,8.58306884765625e-05,3e-06,77.88953876495361,83.70703125,334.21349334716797,0.0,246.0,0.0,0.0,0.0,0.0,0.0,0.0,0.0,0.0,0.0,0.0,0.0,0.0,0.0,211.5,217.0,206.0,0.5,211.5,217.0,206.0,0.5,0.0,958.0,958.0,958.0,1.0,60.19322757096961,1.1260793898254633,1.1189305162988603,0.13309034099802375,3.973704710137099,4.524097628891468,71.11277506873012,142.30077439945535,1.6988904275917482,0.4783798701577,0.05690053056777415,2339.0,71.11277506873012,32.89141786042478,
247,3871.0,3871.0,0.0,3871.0,3871.0,3871.0,0.22698642313480377,1.0,0.06113851070404053,0.0024093291722238064,0.008438212797045708,0.9993640184402466,1.2650314569473267,0.2195626199245453,9.12165196496062e-05,0.0004045903333462775,1.2649190425872803,0.21945816278457642,0.00010444410145282745,0.00010444410145282745,0.0001936592161655426,1.5228986740112305e-05,1.0001044273376465,0.0014840364456176758,-0.0152207612991333,0.0,-0.0005212646792642772,0.0,0.0,0.004061126965098083,0.001,4.061127128807129e-06,0.000331878662109375,3e-06,77.88953876495361,83.70703125,334.60254669189453,0.0,247.0,0.0,0.3199999928474426,0.3199999928474426,0.3199999928474426,0.3199999928474426,0.3199999928474426,0.3199999928474426,0.0,0.0,0.0,0.0,0.0,0.0,84.5,97.0,72.0,0.5,84.5,97.0,72.0,0.5,0.0,1851.0,1851.0,1851.0,1.0,30.101531471591443,1.0629246667958796,0.9405181789770722,0.12570038996636868,2.6293911589309573,3.225587273016572,38.15822781994939,178.11557083781918,0.679253722276145,0.24296517152598093,0.032472330138560754,3871.0,38.15822781994939,101.44601102193258,
248,2993.0,2993.0,0.0,2993.0,2993.0,2993.0,0.8787463307380676,1.0,0.05306783318519592,0.0050337654538452625,0.008807291276752949,0.9996173977851868,2.3440909385681152,0.8411611318588257,0.0005677117733284831,0.001027558813802898,2.3427133560180664,0.8405967950820923,0.0005643963813781738,0.0005643963813781738,0.0007249712944030762,0.0004038214683532715,1.0005645751953125,0.0032080411911010742,-0.1727386713027954,0.0,-0.0009094430424738675,0.0,0.0,0.0007831066905055195,0.001,7.831067136976344e-07,0.00014781951904296875,3e-06,77.88953876495361,83.70703125,334.02203369140625,0.0,248.0,0.0,0.0,0.0,0.0,0.0,0.0,0.0,0.0,0.0,0.0,0.0,0.0,0.0,168.5,172.0,165.0,0.5,168.5,172.0,165.0,0.5,0.0,1328.0,1328.0,1328.0,1.0,44.13512577442452,1.3260171520523727,0.9249456990510225,0.09174825297668576,2.7397585404105484,3.1483425400219858,52.41705503873527,130.9647649092716,0.91538875389594,0.30903631775844387,0.030654277640055384,2993.0,52.41705503873527,57.09973591206576,
249,3438.0,3438.0,0.0,3438.0,3438.0,3438.0,0.02241797372698784,1.0,0.17673620581626892,0.005696337204426527,0.028216948732733727,0.99726802110672,1.0221538543701172,0.021912086755037308,0.007593152578920126,0.0013541548978537321,1.0144219398498535,0.014318933710455894,0.007593152113258839,0.007593152113258839,0.007593798451125622,0.0075925057753920555,1.0076220035552979,-0.010303974151611328,-0.4469273090362549,0.0,-0.008308777352795005,0.0,0.0,0.002039565471932292,0.001,2.0395655155880377e-06,0.0001983642578125,3e-06,77.88953876495361,83.70703125,334.12097930908203,0.0,249.0,0.0,1.0,1.0,1.0,1.0,1.0,1.0,0.0,0.0,0.0,0.0,0.0,0.0,39.0,39.0,39.0,1.0,39.0,39.0,39.0,1.0,0.0,1680.0,1680.0,1680.0,1.0,10.109568413812667,1.0729038626886904,0.9460955858230591,0.12417738139629364,3.0918612461537123,3.124588693957776,18.496294531971216,129.60985145913676,0.8993197341924701,0.27518777947151224,0.036119075449765455,3438.0,18.496294531971216,185.87506779032677,
250,3137.0,3137.0,0.0,3137.0,3137.0,3137.0,0.2816757261753082,1.0,0.05187869071960449,0.0030240705236792564,0.00782714318484068,0.9994732141494751,1.3517355918884277,0.2963593006134033,0.0004517864144872874,0.0002945958112832159,1.3518648147583008,0.2963084876537323,5.0805509090423584e-05,0.0014527365565299988,0.0015035420656204224,-0.0014019310474395752,1.0000518560409546,0.00027251243591308594,-0.04705798625946045,0.0,-0.000543475995073095,0.0,0.0,0.008185077924281359,0.001,8.185078513633925e-06,0.0013580322265625,3e-06,77.88953876495361,83.70703125,334.34851455688477,0.0,250.0,0.0,0.4000000059604645,0.4000000059604645,0.4000000059604645,0.4000000059604645,0.4000000059604645,0.4000000059604645,0.0,0.0,0.0,0.0,0.0,0.0,110.5,141.0,80.0,0.5,110.5,141.0,80.0,0.5,0.0,1458.0,1458.0,1458.0,1.0,30.104010451585054,0.9013683218508959,0.9658527397550642,0.12416734592989087,3.133764049038291,3.869577988050878,39.128641796298325,136.2172418623758,0.9989684568180717,0.30789057690630034,0.03958155751670095,3137.0,39.128641796298325,80.17145129470782,
251,2791.0,2791.0,0.0,2791.0,2791.0,2791.0,1.3948414325714111,1.0,0.059115707874298096,0.004475011955946684,0.008343266323208809,0.9997320175170898,4.137149810791016,1.4169286489486694,-6.49557332508266e-05,0.0009053153917193413,4.1362786293029785,1.4169652462005615,-3.6597251892089844e-05,0.0032209157943725586,0.0031843185424804688,-0.0032575130462646484,0.9999686479568481,0.0037674903869628906,0.7037677764892578,0.0,-0.0007354721310548484,0.0,0.0,0.000989690888673067,0.001,9.896909887174843e-07,0.000125885009765625,3e-06,77.88953876495361,83.70703125,334.6015434265137,0.0,251.0,0.0,0.0,0.0,0.0,0.0,0.0,0.0,0.0,0.0,0.0,0.0,0.0,0.0,170.5,172.0,169.0,0.5,170.5,172.0,169.0,0.5,0.0,1225.0,1225.0,1225.0,1.0,52.16398331010714,0.9995988123118877,0.8565432829782367,0.12663953797891736,2.6739065628498793,3.2224424984306097,60.073616886977106,152.97355809415583,0.9580460633643423,0.30689476280123135,0.04537425223178694,2791.0,60.073616886977106,46.459663070578976,
252,3790.0,3790.0,0.0,3790.0,3790.0,3790.0,0.26194238662719727,1.0,0.03788292407989502,0.0027666445821523666,0.007275537122040987,0.9994418621063232,1.2056630849838257,0.18562841415405273,0.0015437481924891472,0.0001930532162077725,1.203800916671753,0.18408192694187164,0.0015464872121810913,0.0015464872121810913,0.0015618056058883667,0.001531168818473816,1.0015476942062378,-0.0023142099380493164,-0.18636846542358398,0.0,0.0027467519394122064,0.0,0.12543177604675293,0.004879811778664589,0.001,0.1254366636276245,0.8984375,3e-06,77.88953876495361,83.70703125,334.4721374511719,0.0,252.0,0.0,0.49523812532424927,0.5333333611488342,0.4571428596973419,0.49523812532424927,0.5333333611488342,0.4571428596973419,-0.12664391100406647,0.7070934176445007,-0.7070939540863037,-0.12664391100406647,0.7070934176445007,-0.7070939540863037,67.0,79.0,55.0,0.5,67.0,79.0,55.0,0.5,0.0,1828.0,1828.0,1828.0,1.0,18.084345913026482,0.9178727087564766,0.912891442887485,0.12259539123624563,2.86249011522159,3.1211250186897814,26.05208256142214,134.95780532109316,0.7552744367339287,0.24086845458772693,0.0323470689277693,3790.0,26.05208256142214,145.47781318688982,
253,2981.0,2981.0,0.0,2981.0,2981.0,2981.0,0.12271435558795929,1.0,0.015070855617523193,0.0009561922634020448,0.0027198405005037785,0.9998714923858643,1.0899665355682373,0.08491125702857971,-0.0010006931843236089,3.056138302781619e-05,1.0910580158233643,0.08591270446777344,-0.001001441851258278,0.001001441851258278,-0.000988975167274475,-0.0010139085352420807,0.9989990592002869,0.0021255016326904297,0.08661293983459473,0.0,0.0015526635106652975,0.0,0.04279822111129761,0.012193151284009218,0.001,0.042810410261154175,0.8359375,3e-06,77.88953876495361,83.70703125,334.6353569030762,0.0,253.0,0.0,0.699999988079071,1.0,0.4000000059604645,0.699999988079071,1.0,0.4000000059604645,-0.042596668004989624,0.7071051001548767,-0.7071050405502319,-0.042596668004989624,0.7071051001548767,-0.7071050405502319,41.5,44.0,39.0,0.5,41.5,44.0,39.0,0.5,0.0,1449.0,1449.0,1449.0,1.0,12.076295946259052,0.9766419320367277,0.8585077142342925,0.12461868394166231,3.0683448892086744,4.545908809173852,21.68309831386432,145.4975415211934,1.0293005331126046,0.2879931949796352,0.0418043220200142,2981.0,21.68309831386432,137.4803525238793,
254,2855.0,2855.0,0.0,2855.0,2855.0,2855.0,0.5832986831665039,1.0,0.04985547065734863,0.004706801380962133,0.008328682743012905,0.9995848536491394,1.7495861053466797,0.5593689680099487,-0.0014294703723862767,0.0007885590312071145,1.7532074451446533,0.561445951461792,-0.0020769834518432617,0.003119945526123047,0.0010429620742797852,-0.005196928977966309,0.9979300498962402,0.0061092376708984375,1.6176517009735107,0.0,0.0024466775939799845,0.0,0.0,0.0008795608300715685,0.001,8.79560843713989e-07,0.0002269744873046875,3e-06,77.88953876495361,83.70703125,334.20336151123047,0.0,254.0,0.0,0.0,0.0,0.0,0.0,0.0,0.0,0.0,0.0,0.0,0.0,0.0,0.0,185.5,224.0,147.0,0.5,185.5,224.0,147.0,0.5,0.0,1242.0,1242.0,1242.0,1.0,50.16254367399961,0.9163385988213122,0.9131819447502494,0.09376440243795514,2.944820452015847,3.5455701989121735,58.67666886281222,135.2090125983817,1.0314607537708746,0.3198535708407178,0.03284217248264629,2855.0,58.67666886281222,48.656477188149076,
255,793.0,793.0,0.0,793.0,793.0,793.0,0.7934751510620117,1.0,0.030716359615325928,0.0034954133443534374,0.007378962356597185,0.9997421503067017,2.1586806774139404,0.7692773938179016,-0.00032064528204500675,0.0002814325562212616,2.1593403816223145,0.7694786787033081,-0.00020131468772888184,0.004492074251174927,0.004290759563446045,-0.004693388938903809,0.9998087882995605,0.0017594099044799805,0.17371010780334473,0.0,0.0,0.0,0.0,0.0003701812383951619,0.001,3.701812545386929e-07,8.916854858398438e-05,3e-06,77.88953876495361,83.70703125,334.23634338378906,0.0,255.0,0.0,0.0,0.0,0.0,0.0,0.0,0.0,0.0,0.0,0.0,0.0,0.0,0.0,56.5,58.0,55.0,0.5,56.5,58.0,55.0,0.5,0.0,340.0,340.0,340.0,1.0,14.07013725116849,0.9662944111041725,1.2324339197948575,0.13760446896776557,3.1312013692222536,3.0323131536133587,22.615894556976855,124.5144889483937,3.948551537480774,1.5541411346719514,0.17352392051420626,793.0,22.615894556976855,35.06383521563443,
256,3250.0,3250.0,0.0,3250.0,3250.0,3250.0,0.331796258687973,1.0,0.062163472175598145,0.003464646404609084,0.008302239701151848,0.9994193315505981,1.368443489074707,0.3098445534706116,-0.0007035438320599496,0.0006356454687193036,1.369356632232666,0.3106677234172821,-0.0008231699466705322,0.001805424690246582,0.0009822547435760498,-0.0026285946369171143,0.9991787672042847,0.003931999206542969,0.4825866222381592,0.0,0.00013357033094507642,0.0,0.0,0.01419899775646627,0.001,1.4198998542269692e-05,0.0032196044921875,3e-06,77.88953876495361,83.70703125,334.2971878051758,0.0,256.0,0.0,0.5333333611488342,0.5333333611488342,0.5333333611488342,0.5333333611488342,0.5333333611488342,0.5333333611488342,0.0,0.0,0.0,0.0,0.0,0.0,166.0,177.0,155.0,0.5,166.0,177.0,155.0,0.5,0.0,1459.0,1459.0,1459.0,1.0,44.146841055713594,1.1347128991037607,1.4294757428579032,0.10464602988213301,3.6581315537914634,4.360541495028883,54.88826566608623,132.97241281841443,1.1255789396281426,0.43983869011012405,0.0321987784252717,3250.0,54.88826566608623,59.21119861522743,
257,3148.0,3148.0,0.0,3148.0,3148.0,3148.0,1.3262895345687866,1.0,0.04832947254180908,0.004958654288202524,0.008727933280169964,0.9996914267539978,3.439953088760376,0.9132545590400696,-0.0030898672994226217,0.0007601278484798968,3.450601100921631,0.9163421988487244,-0.003087639808654785,0.003087639808654785,-0.003083348274230957,-0.0030919313430786133,0.9969171285629272,0.009259819984436035,1.1785995960235596,0.0028248587623238564,0.0010837932786671445,0.0,0.39214833080768585,0.051089954329654574,0.001,0.39219942688941956,1.1484375,3e-06,77.88953876495361,83.70703125,334.21831130981445,0.0,257.0,0.0,0.20000000298023224,0.4000000059604645,0.0,0.20000000298023224,0.4000000059604645,0.0,-0.3907681107521057,0.7071042060852051,-0.7071042060852051,-0.3907681107521057,0.7071042060852051,-0.7071042060852051,114.0,177.0,51.0,0.5,114.0,177.0,51.0,0.5,0.0,1460.0,1460.0,1460.0,1.0,44.14123648405075,0.9790165619924664,0.8418350238353014,0.12042655935510993,2.9734886921942234,3.207650475203991,52.295507181901485,193.60191440373137,0.9445643876093467,0.26741900375962563,0.03825494261598155,3148.0,52.295507181901485,60.19637574314348,
258,3004.0,3004.0,0.0,3004.0,3004.0,3004.0,0.6462541818618774,1.0,0.07537209987640381,0.004020643886178732,0.010018838569521904,0.9995400309562683,2.032794952392578,0.6041324734687805,-0.0017378672491759062,0.0008870268939062953,2.036724090576172,0.6052457094192505,-0.0011132806539535522,0.0018737465143203735,0.0007604658603668213,-0.0029870271682739258,0.9988890886306763,0.00708317756652832,0.2592437267303467,0.00657894741743803,0.004418787197209895,0.0,0.23545265197753906,0.016713273245841265,0.001,0.23546935617923737,1.484375,3e-06,77.88953876495361,83.70703125,334.5917663574219,0.0,258.0,0.0,0.20000000298023224,0.4000000059604645,0.0,0.20000000298023224,0.4000000059604645,0.0,-0.23570141196250916,0.7071042060852051,-0.7071042060852051,-0.23570141196250916,0.7071042060852051,-0.7071042060852051,57.0,76.0,38.0,0.5,57.0,76.0,38.0,0.5,0.0,1445.0,1445.0,1445.0,1.0,14.066378210671246,1.105573889799416,1.003104457166046,0.12321278406307101,2.6929608080536127,3.653773037251085,22.681933594401926,123.38928254974778,0.8964583249179803,0.333922921826247,0.04101623970142178,3004.0,22.681933594401926,132.44020786399844,
259,3212.0,3212.0,0.0,3212.0,3212.0,3212.0,0.27736103534698486,1.0,0.04344499111175537,0.0032161427661776543,0.007974416948854923,0.9993917942047119,1.2666678428649902,0.2363635003566742,0.0010647469898685813,0.0004772323009092361,1.2649409770965576,0.23499390482902527,0.0013696029782295227,0.0013696029782295227,0.0020642131567001343,0.0006749927997589111,1.0013707876205444,-0.00027507543563842773,-0.2559605836868286,0.0,-0.0008947651367634535,0.0,0.0,0.007517294958233833,0.001,7.517295216530329e-06,0.00102996826171875,3e-06,77.88953876495361,83.70703125,334.3500556945801,0.0,259.0,0.0,0.5333333611488342,0.5333333611488342,0.5333333611488342,0.5333333611488342,0.5333333611488342,0.5333333611488342,0.0,0.0,0.0,0.0,0.0,0.0,139.0,200.0,78.0,0.5,139.0,200.0,78.0,0.5,0.0,1467.0,1467.0,1467.0,1.0,34.12301505403593,0.9976006792858243,0.834246760699898,0.1695839399471879,3.304092518053949,4.189893268048763,43.64872958185151,122.74465846775514,1.028671394163745,0.2597281322228823,0.0527969925115778,3212.0,43.64872958185151,73.5874796533712,
260,3147.0,3147.0,0.0,3147.0,3147.0,3147.0,0.29786747694015503,1.0,0.04288965463638306,0.0034152742009609938,0.007834142073988914,0.9994657635688782,1.362538456916809,0.3088914752006531,0.0028056500013917685,0.0008139089331962168,1.3582651615142822,0.3057754635810852,0.003116011619567871,0.003116011619567871,0.0039594173431396484,0.0022726058959960938,1.003121256828308,-0.002488851547241211,-0.4756810665130615,0.0,-0.0019703881698660553,0.0,0.0,0.014223344624042511,0.001,1.4223345715436153e-05,0.00173187255859375,3e-06,77.88953876495361,83.70703125,334.4648208618164,0.0,260.0,0.0,0.22857142984867096,0.22857142984867096,0.22857142984867096,0.22857142984867096,0.22857142984867096,0.22857142984867096,0.0,0.0,0.0,0.0,0.0,0.0,115.5,158.0,73.0,0.5,115.5,158.0,73.0,0.5,0.0,1458.0,1458.0,1458.0,1.0,30.091943381354213,0.9749647467397153,0.8423018702305853,0.11843943921849132,3.1965947770513594,4.37010811874643,296.7174518709071,130.26815316603555,1.0157593826029105,0.267652326098057,0.037635665465043315,3147.0,296.7174518709071,10.606049560472654,257.0912335840985
261,3869.0,3869.0,0.0,3869.0,3869.0,3869.0,0.22352497279644012,1.0,0.043274760246276855,0.0020433366298675537,0.0067489962093532085,0.9995781779289246,1.2586344480514526,0.23000627756118774,8.058622188400477e-05,0.00016350476653315127,1.2584781646728516,0.2298782467842102,0.00012803077697753906,0.0005724281072616577,0.0007004588842391968,-0.00044439733028411865,1.0001282691955566,0.0004892349243164062,-0.009380578994750977,0.0,0.00043103746793349274,0.0,-0.0583595335483551,0.009247482754290104,0.001,-0.05835026502609253,0.9453125,3e-06,77.88953876495361,83.70703125,383.0203971862793,0.0,261.0,0.0,0.5733333230018616,0.6666666865348816,0.47999998927116394,0.5733333230018616,0.6666666865348816,0.47999998927116394,0.05859966203570366,0.7071015238761902,-0.7071012854576111,0.05859966203570366,0.7071015238761902,-0.7071012854576111,90.5,98.0,83.0,0.5,90.5,98.0,83.0,0.5,0.0,1844.0,1844.0,1844.0,1.0,26.129139774944633,0.9304639720357955,0.8738051280379295,0.13017712580040097,2.7825545319356024,3.8557834341190755,34.734569808933884,144.3598882593626,0.7191921767732237,0.2258477973734633,0.03364619431387981,3869.0,34.734569808933884,111.38758940393947,
262,3758.0,3758.0,0.0,3758.0,3758.0,3758.0,0.027891281992197037,1.0,0.07361918687820435,0.004524934571236372,0.014757033437490463,0.8798072338104248,1.005950927734375,0.005933296866714954,-0.004801870323717594,0.00013576257333625108,1.0107929706573486,0.010735167190432549,-0.004801870323717594,0.004801870323717594,-0.0044737220741808414,-0.005130018573254347,0.9952096939086914,0.010159134864807129,0.4548072814941406,0.0,0.0042814597254619,0.0,0.0,9.322013647761196e-05,0.001,9.322013738710666e-08,1.0192394256591797e-05,3e-06,77.88953876495361,83.70703125,382.90128326416016,0.0,262.0,0.0,1.0,1.0,1.0,1.0,1.0,1.0,0.0,0.0,0.0,0.0,0.0,0.0,39.0,39.0,39.0,1.0,39.0,39.0,39.0,1.0,0.0,1840.0,1840.0,1840.0,1.0,12.07759214937687,0.9447405729442835,1.0700381291098893,0.1653202259913087,3.158313389867544,3.8175906650722027,21.26734885107726,154.84092499201114,0.8404239994325556,0.28473606415909775,0.04399154496841636,3758.0,21.26734885107726,176.702795741729,
263,2528.0,2528.0,0.0,2528.0,2528.0,2528.0,0.553321361541748,1.0,0.051200807094573975,0.005153984762728214,0.009249843657016754,0.9994571208953857,1.7476677894592285,0.5501935482025146,0.0014885513810440898,0.0004222793213557452,1.7445626258850098,0.5485259294509888,0.0016676783561706543,0.0016676783561706543,0.002543926239013672,0.0007914304733276367,1.0016694068908691,-0.0012887120246887207,-0.4055948257446289,0.0,-0.002272246521897614,0.0,0.0,0.0006685957196168602,0.001,6.685957600893744e-07,0.000102996826171875,3e-06,77.88953876495361,83.70703125,387.1356887817383,0.0,263.0,0.0,0.0,0.0,0.0,0.0,0.0,0.0,0.0,0.0,0.0,0.0,0.0,0.0,181.0,218.0,144.0,0.5,181.0,218.0,144.0,0.5,0.0,1083.0,1083.0,1083.0,1.0,46.15421444969252,1.1247247299179435,1.0884927627630532,0.12767409579828382,3.628720246255398,3.7128844438120723,55.858193893916905,127.49782997152629,1.4354114898162176,0.4305746688144989,0.05050399359109328,2528.0,55.858193893916905,45.25746043277109,
264,2998.0,2998.0,0.0,2998.0,2998.0,2998.0,0.12986961007118225,1.0,0.030963361263275146,0.0019862379413098097,0.005597500596195459,0.9993799328804016,1.092393159866333,0.08791019022464752,-0.001480440841987729,4.285905015422031e-05,1.0940274000167847,0.08939673006534576,-0.0014865454286336899,0.0014865454286336899,-0.0012116171419620514,-0.0017614737153053284,0.9985145926475525,0.0031343698501586914,0.14279460906982422,0.0,-0.0010978271311614662,0.0,0.0,0.010453375987708569,0.001,1.0453376489749644e-05,0.0004558563232421875,3e-06,77.88953876495361,83.70703125,382.7011489868164,0.0,264.0,0.0,0.3199999928474426,0.3199999928474426,0.3199999928474426,0.3199999928474426,0.3199999928474426,0.3199999928474426,0.0,0.0,0.0,0.0,0.0,0.0,45.0,46.0,44.0,0.5,45.0,46.0,44.0,0.5,0.0,1454.0,1454.0,1454.0,1.0,14.078484344296157,0.9900066987611353,0.9099414716474712,0.12405761098489165,3.1860524569638073,3.7320577232167125,23.05484319012612,156.42760382551285,1.0627259696343587,0.3035161679944867,0.04138012374412663,2998.0,23.05484319012612,130.03775281733328,
265,838.0,838.0,0.0,838.0,838.0,838.0,0.5386847853660583,1.0,0.030590832233428955,0.0035675624385476112,0.0074439928866922855,0.9996761083602905,1.6961259841918945,0.5258103609085083,0.0027509580831974745,0.0003070220409426838,1.6911933422088623,0.523017406463623,0.002792954444885254,0.002792954444885254,0.004493534564971924,0.001092374324798584,1.002798318862915,-0.004288971424102783,-0.3370935916900635,0.0,0.0,0.0,0.0,0.00036745748366229236,0.001,3.67457516858849e-07,7.05718994140625e-05,3e-06,77.88953876495361,83.70703125,383.18376541137695,0.0,265.0,0.0,0.0,0.0,0.0,0.0,0.0,0.0,0.0,0.0,0.0,0.0,0.0,0.0,81.0,83.0,79.0,0.5,81.0,83.0,79.0,0.5,0.0,338.0,338.0,338.0,1.0,24.112284559756517,0.985569722019136,1.2410779502242804,0.12944582337513566,2.77602809201926,3.427056028973311,32.70257760910317,148.84126271454642,3.3126826873738184,1.4809999406017664,0.15446995629491128,838.0,32.70257760910317,25.624891408154085,
266,3042.0,3042.0,0.0,3042.0,3042.0,3042.0,0.06680246442556381,1.0,0.07221746444702148,0.005881014280021191,0.014776501804590225,0.9950290322303772,1.058403730392456,0.05676088109612465,0.012155309319496155,0.0018649501726031303,1.0456154346466064,0.04460557550191879,0.012155307456851006,0.012155307456851006,0.01378774642944336,0.010522868484258652,1.0122308731079102,-0.01781642436981201,-0.7685163021087646,0.0,-0.009172908728942275,0.0,0.0,0.007832040078938007,0.001,7.83204086474143e-06,0.0019683837890625,3e-06,77.88953876495361,83.70703125,382.87837982177734,0.0,266.0,0.0,1.0,1.0,1.0,1.0,1.0,1.0,0.0,0.0,0.0,0.0,0.0,0.0,61.0,61.0,61.0,1.0,61.0,61.0,61.0,1.0,0.0,1460.0,1460.0,1460.0,1.0,18.081336779985577,0.9133020173758268,0.9557093437761068,0.129735526163131,3.064489559736103,3.696062305010855,26.877098789904267,148.20767852447193,1.007393017664728,0.31417138191193517,0.0426481019602666,3042.0,26.877098789904267,113.18185879283422,
267,898.0,898.0,0.0,898.0,898.0,898.0,0.8372997045516968,1.0,0.03396111726760864,0.003657169174402952,0.007511997129768133,0.9997330904006958,1.8994853496551514,0.6413564682006836,0.0026982519775629044,0.00048140520812012255,1.8947805166244507,0.6388363838195801,0.0025201141834259033,0.0025201141834259033,0.0043305158615112305,0.0007097125053405762,1.002524971961975,-0.0035243630409240723,-0.2576856017112732,0.0,0.0005935842054896057,0.0,0.0,0.0005784562090411782,0.001,5.784562517874292e-07,0.00010013580322265625,3e-06,77.88953876495361,83.70703125,383.4177589416504,0.0,267.0,0.0,0.0,0.0,0.0,0.0,0.0,0.0,0.0,0.0,0.0,0.0,0.0,0.0,61.0,67.0,55.0,0.5,61.0,67.0,55.0,0.5,0.0,388.0,388.0,388.0,1.0,18.077813897747546,0.9648501160554588,1.137920734938234,0.08368970407173038,3.4317914568819106,4.042791658081114,27.772234638687223,148.17880244055365,3.821594049979856,1.2671723106216415,0.09319566154981111,898.0,27.772234638687223,32.334452437221955,
268,2678.0,2678.0,0.0,2678.0,2678.0,2678.0,0.9414006471633911,1.0,0.05961257219314575,0.004022085573524237,0.007924331352114677,0.9997395277023315,2.784964084625244,0.9708337783813477,0.003128875745460391,0.0006907712668180466,2.775667428970337,0.968137264251709,0.0026965439319610596,0.0026965439319610596,0.004736065864562988,0.0006570219993591309,1.002702236175537,-0.003507077693939209,-0.559208869934082,0.0,-0.0006102698825998232,0.0,0.0,0.0009921124146785587,0.001,9.921125183609547e-07,0.0001888275146484375,3e-06,77.88953876495361,83.70703125,383.1358413696289,0.0,268.0,0.0,0.0,0.0,0.0,0.0,0.0,0.0,0.0,0.0,0.0,0.0,0.0,0.0,217.0,263.0,171.0,0.5,217.0,263.0,171.0,0.5,0.0,1122.0,1122.0,1122.0,1.0,60.18708583712578,0.9841548320837319,0.8612225861288607,0.12993151601403952,2.8994015878997743,3.327153353020549,68.42053143586963,138.67992128369994,1.0826742299849792,0.3215917050518524,0.04851811651009691,2678.0,68.42053143586963,39.140298150272066,
269,8868.0,8868.0,0.0,8868.0,8868.0,8868.0,0.01536545529961586,1.0,0.08858495950698853,0.000873195705935359,0.006413129158318043,0.9935067892074585,1.011486530303955,0.011407142505049706,-0.00045578894787468016,0.00019818576402030885,1.01195228099823,0.011865170672535896,-0.00045802793465554714,0.00045802793465554714,-3.237603232264519e-05,-0.0008836798369884491,0.9995421767234802,0.001792311668395996,0.20451593399047852,0.0,3.250452391512226e-05,0.0,-0.0036859214305877686,0.004739586962386966,0.001,-0.003681182861328125,0.19921875,3e-06,77.88953876495361,83.70703125,334.31385803222656,0.0,269.0,0.0,0.602849006652832,0.6518518328666687,0.5538461804389954,0.602849006652832,0.6518518328666687,0.5538461804389954,0.0037215903867036104,0.7070966362953186,-0.7070966362953186,0.0037215903867036104,0.7070966362953186,-0.7070966362953186,190.0,191.0,189.0,0.5,190.0,191.0,189.0,0.5,0.0,4244.0,4244.0,4244.0,1.0,58.215614216867834,1.4574959790334105,1.1313225007615983,0.11893638409674168,3.904318042099476,4.638714625965804,69.48894215282053,153.19898478123113,0.4402704152119391,0.12757357924691004,0.013411861084431853,8868.0,69.48894215282053,127.61742696409793,
270,2167.0,2167.0,0.0,2167.0,2167.0,2167.0,1.283493161201477,1.0,0.029440462589263916,0.004268521908670664,0.007260574027895927,0.9997593760490417,2.8857383728027344,1.054590106010437,0.004332316108047962,0.000625286833383143,2.8734946250915527,1.0501344203948975,0.004455626010894775,0.004455626010894775,0.006442070007324219,0.002469182014465332,1.004467487335205,-0.006175816059112549,-0.44995784759521484,0.0,-0.0075472756288945675,0.0,0.0,0.0009070828091353178,0.001,9.070828355106642e-07,0.00016117095947265625,3e-06,77.88953876495361,83.70703125,334.2617301940918,0.0,270.0,0.0,0.4000000059604645,0.4000000059604645,0.4000000059604645,0.4000000059604645,0.4000000059604645,0.4000000059604645,0.0,0.0,0.0,0.0,0.0,0.0,72.5,77.0,68.0,0.5,72.5,77.0,68.0,0.5,0.0,1011.0,1011.0,1011.0,1.0,26.09720781305805,1.195553227327764,1.0511939572170377,0.12854518089443445,3.9645557971671224,4.165212634950876,36.63422536244616,179.98074353833138,1.829513519689489,0.48509181228289694,0.059319418963744555,2167.0,36.63422536244616,59.15233578874572,
271,2944.0,2944.0,0.0,2944.0,2944.0,2944.0,0.06037979573011398,1.0,0.0124887153506279,0.00046416986151598394,0.0017494498752057552,0.9999710917472839,1.0669103860855103,0.06472786515951157,-0.0018014631932601333,0.00010547330020926893,1.068906307220459,0.06658131629228592,-0.001853451132774353,0.001853451132774353,-0.00024165958166122437,-0.0034652426838874817,0.9981495141983032,0.004041075706481934,0.12334752082824707,0.0,-0.0003312667213322129,0.0,0.0,0.007984905270859599,0.001,7.984905096236616e-06,0.0003376007080078125,3e-06,77.88953876495361,83.70703125,334.49380111694336,0.0,271.0,0.0,0.4000000059604645,0.4000000059604645,0.4000000059604645,0.4000000059604645,0.4000000059604645,0.4000000059604645,0.0,0.0,0.0,0.0,0.0,0.0,31.0,32.0,30.0,0.5,31.0,32.0,30.0,0.5,0.0,1441.0,1441.0,1441.0,1.0,12.063531921710819,0.9948489842936397,0.9716340461745858,0.07939911587163806,2.7854358479380608,3.3992353384383023,20.334590882994235,194.57309551146483,0.9461398940007,0.33003873851038923,0.026969808380311842,2944.0,20.334590882994235,144.77793120795263,
272,3841.0,3841.0,0.0,3841.0,3841.0,3841.0,0.13613620400428772,1.0,0.05116534233093262,0.002318307524546981,0.00748970452696085,0.9980831146240234,1.0623304843902588,0.06045471131801605,-0.0006455874536186457,8.258411253336817e-05,1.0630242824554443,0.061104509979486465,-0.000649796798825264,0.000649796798825264,-4.8007816076278687e-05,-0.0012515857815742493,0.9993506073951721,0.0016210079193115234,0.10071682929992676,0.0,0.0017988708859775215,0.0,0.0,0.0023240025620907545,0.001,2.324002707609907e-06,0.0001850128173828125,3e-06,77.88953876495361,83.70703125,334.7890968322754,0.0,272.0,0.0,0.5333333611488342,0.5333333611488342,0.5333333611488342,0.5333333611488342,0.5333333611488342,0.5333333611488342,0.0,0.0,0.0,0.0,0.0,0.0,71.5,72.0,71.0,0.5,71.5,72.0,71.0,0.5,0.0,1849.0,1849.0,1849.0,1.0,18.09861202398315,0.9369730376638472,0.866500879637897,0.12813466135412455,2.809113359078765,3.236070021055639,26.105172287207097,126.56372044743462,0.7313494816659112,0.2255925226862528,0.03335971396879056,3841.0,26.105172287207097,147.13559281438995,
273,3047.0,3047.0,0.0,3047.0,3047.0,3047.0,0.10137682408094406,1.0,0.03375434875488281,0.0016666532028466463,0.005994992796331644,0.9991661310195923,1.0751752853393555,0.0719376802444458,0.001955387881025672,0.00011651567911030725,1.0730199813842773,0.07000143826007843,0.0019362382590770721,0.0022019408643245697,0.004138179123401642,-0.00026570260524749756,1.0019404888153076,-0.003458678722381592,-0.17524051666259766,0.0,-0.0009113563719438389,0.0,0.0,0.011427175719290972,0.001,1.1427177014411427e-05,0.000446319580078125,3e-06,77.88953876495361,83.70703125,334.9274139404297,0.0,273.0,0.0,0.4000000059604645,0.4000000059604645,0.4000000059604645,0.4000000059604645,0.4000000059604645,0.4000000059604645,0.0,0.0,0.0,0.0,0.0,0.0,57.5,58.0,57.0,0.5,57.5,58.0,57.0,0.5,0.0,1466.0,1466.0,1466.0,1.0,16.07437399122864,1.2091366709209979,1.1233264128677547,0.09917629277333617,3.6162320873700082,4.701539596077055,26.854879971127957,139.77716514111862,1.1868172259172984,0.3686663645775368,0.032548832547862214,3047.0,26.854879971127957,113.46168753224258,
274,4289.0,4289.0,0.0,4289.0,4289.0,4289.0,0.08405177295207977,1.0,0.054912030696868896,0.0013802899047732353,0.006469482555985451,0.998877763748169,1.0725246667861938,0.06965186446905136,0.0001538596989121288,9.121249604504555e-05,1.0724886655807495,0.06960803270339966,4.382617771625519e-05,0.000377090647816658,0.0004209168255329132,-0.00033326447010040283,1.0000438690185547,5.9485435485839844e-05,-0.039089083671569824,0.0,-0.0011967755162913818,0.0,0.0,0.0007378765731118619,0.001,7.37876575840346e-07,9.012222290039062e-05,3e-06,77.88953876495361,83.70703125,334.4549446105957,0.0,274.0,0.0,0.22857142984867096,0.22857142984867096,0.22857142984867096,0.22857142984867096,0.22857142984867096,0.22857142984867096,0.0,0.0,0.0,0.0,0.0,0.0,152.5,197.0,108.0,0.5,152.5,197.0,108.0,0.5,0.0,1992.0,1992.0,1992.0,1.0,44.142760740127414,0.9334958330728114,0.9087180001661181,0.1304944003932178,2.740441385190934,3.2706858017481863,52.15866573294625,144.73036308238497,0.6389464642552889,0.21187176501891306,0.030425367310146376,4289.0,52.15866573294625,82.22986419859346,
275,2095.0,2095.0,0.0,2095.0,2095.0,2095.0,0.6318008899688721,1.0,0.060264259576797485,0.0044165365397930145,0.008862004615366459,0.9995703101158142,1.868809461593628,0.6251088380813599,0.0014535707887262106,0.0005770193529315293,1.865723729133606,0.6234862208366394,0.001622617244720459,0.001622617244720459,0.0032132863998413086,3.1948089599609375e-05,1.0016251802444458,-0.000605463981628418,-0.3750397562980652,0.0019607844296842813,-0.0007979949004948139,0.0,-0.07328838109970093,0.0006247190176509321,0.001,-0.07328775525093079,0.66796875,3e-06,77.88953876495361,83.70703125,334.46096420288086,0.0,275.0,0.0,0.07999999821186066,0.1599999964237213,0.0,0.07999999821186066,0.1599999964237213,0.0,0.07515821605920792,0.7071005702018738,-0.7071005702018738,0.07515821605920792,0.7071005702018738,-0.7071005702018738,230.5,255.0,206.0,0.5,230.5,255.0,206.0,0.5,0.0,817.0,817.0,817.0,1.0,58.155826253350824,0.8945302627980709,0.8340833350084722,0.12160939583554864,2.786207972560078,3.1389746740460396,65.95972112985328,126.1514669270083,1.329932206472591,0.3981304701711085,0.05804744431291105,2095.0,65.95972112985328,31.761808026380603,
276,2990.0,2990.0,0.0,2990.0,2990.0,2990.0,0.04681693762540817,1.0,0.040712058544158936,0.0023959747049957514,0.007621836848556995,0.9954102039337158,1.0193374156951904,0.01915270835161209,0.00046784369624219835,5.550611604121514e-05,1.0188605785369873,0.018684865906834602,0.0004678433761000633,0.0004678433761000633,0.0005383454263210297,0.000397341325879097,1.0004680156707764,-0.0007124543190002441,-0.038519859313964844,0.0,-0.0005907104296056787,0.0,0.0,0.004483727039769292,0.001,4.483727025217377e-06,1.6450881958007812e-05,3e-06,77.88953876495361,83.70703125,334.8677635192871,0.0,276.0,0.0,0.4000000059604645,0.4000000059604645,0.4000000059604645,0.4000000059604645,0.4000000059604645,0.4000000059604645,0.0,0.0,0.0,0.0,0.0,0.0,42.0,42.0,42.0,1.0,42.0,42.0,42.0,1.0,0.0,1453.0,1453.0,1453.0,1.0,12.072125374805182,0.9330587801523507,0.9084473280236125,0.1320350910536945,2.684178650844842,3.1157334870658815,19.876001871190965,143.71577827149025,0.8977186123226897,0.3038285378005393,0.04415889332899481,2990.0,19.876001871190965,150.43266847010213,
277,3103.0,3103.0,0.0,3103.0,3103.0,3103.0,0.3038732707500458,1.0,0.043072283267974854,0.0020990886259824038,0.006346294656395912,0.9995906949043274,1.4081857204437256,0.31764763593673706,0.0015096074203029275,0.00017633760580793023,1.4061729907989502,0.31599584221839905,0.001651812344789505,0.001651812344789505,0.002659417688846588,0.0006442070007324219,1.0016536712646484,-0.0023431777954101562,-0.21188968420028687,0.0,-2.0564937585731968e-05,0.0,0.09984511137008667,0.03966064937412739,0.001,0.09988477826118469,0.86328125,3e-06,77.88953876495361,83.70703125,334.64476013183594,0.0,277.0,0.0,0.36000001430511475,0.4000000059604645,0.3199999928474426,0.36000001430511475,0.4000000059604645,0.3199999928474426,-0.0997743085026741,0.7070940136909485,-0.7070945501327515,-0.0997743085026741,0.7070940136909485,-0.7070945501327515,81.5,93.0,70.0,0.5,81.5,93.0,70.0,0.5,0.0,1470.0,1470.0,1470.0,1.0,22.09538330323994,0.9513883870095015,0.8670434188097715,0.17213766695931554,2.642844523768872,2.998108563013375,29.791350801009685,135.55449879288307,0.851706259674145,0.27942101798574653,0.055474594572773296,3103.0,29.791350801009685,104.15774768745409,
278,3294.0,3294.0,0.0,3294.0,3294.0,3294.0,0.8476406931877136,1.0,0.05984443426132202,0.003776137251406908,0.008057785220444202,0.9997131824493408,2.347188711166382,0.8436460494995117,-0.0012227200204506516,0.0006401824648492038,2.3499321937561035,0.8449087142944336,-0.0012626945972442627,0.0012626945972442627,-0.0005750060081481934,-0.001950383186340332,0.9987383484840393,0.005012154579162598,0.882443904876709,0.0,0.002142178767826408,0.0,0.0,0.0006529551756102592,0.001,6.529552365464042e-07,0.00011444091796875,3e-06,77.88953876495361,83.70703125,334.3058319091797,0.0,278.0,0.0,0.0,0.0,0.0,0.0,0.0,0.0,0.0,0.0,0.0,0.0,0.0,0.0,241.0,255.0,227.0,0.5,241.0,255.0,227.0,0.5,0.0,1406.0,1406.0,1406.0,1.0,60.16651560366154,1.1911969892680645,0.8285638326779008,0.14673112286254764,2.6771192234009504,3.155112186912447,68.19635567208752,124.82679585821896,0.8127259330300396,0.251537289823285,0.04454496747496892,3294.0,68.19635567208752,48.301701279152375,
279,3086.0,3086.0,0.0,3086.0,3086.0,3086.0,0.14302344620227814,1.0,0.023235976696014404,0.0013307221233844757,0.003798675024881959,0.9997811913490295,1.1238799095153809,0.11399770528078079,0.0008218359434977174,3.362858478794806e-05,1.1229556798934937,0.11317704617977142,0.0008206628262996674,0.0008206628262996674,0.0008469521999359131,0.0007943734526634216,1.0008209943771362,-0.0015087127685546875,-0.10424679517745972,0.0,-0.0004782595788128674,0.0,0.0,0.010499862488359213,0.001,1.0499863492441364e-05,0.000492095947265625,3e-06,77.88953876495361,83.70703125,334.3166160583496,0.0,279.0,0.0,0.4000000059604645,0.4000000059604645,0.4000000059604645,0.4000000059604645,0.4000000059604645,0.4000000059604645,0.0,0.0,0.0,0.0,0.0,0.0,67.0,70.0,64.0,0.5,67.0,70.0,64.0,0.5,0.0,1476.0,1476.0,1476.0,1.0,18.07798392418772,0.9082747180946171,0.8314981800504029,0.12138971174135804,2.971246953122318,3.0902874781750143,26.033889446873218,134.91032779244566,0.9628149556455987,0.2694420544557365,0.039335616248009735,3086.0,26.033889446873218,118.53780074996216,
280,3881.0,3881.0,0.0,3881.0,3881.0,3881.0,0.2964274287223816,1.0,0.05351686477661133,0.0025720405392348766,0.007240150589495897,0.9995352625846863,1.3588210344314575,0.3055807948112488,-0.002297764178365469,0.0005222521722316742,1.3619472980499268,0.3078710436820984,-0.0022902488708496094,0.0022902488708496094,-0.002117455005645752,-0.002463042736053467,0.9977123737335205,0.0067865848541259766,0.44903993606567383,0.0,0.002557023777626455,0.0,0.0,0.00782666855957359,0.001,7.826669389032759e-06,0.001220703125,3e-06,77.88953876495361,83.70703125,334.8113784790039,0.0,280.0,0.0,0.4000000059604645,0.4000000059604645,0.4000000059604645,0.4000000059604645,0.4000000059604645,0.4000000059604645,0.0,0.0,0.0,0.0,0.0,0.0,80.5,84.0,77.0,0.5,80.5,84.0,77.0,0.5,0.0,1860.0,1860.0,1860.0,1.0,22.090381404850632,1.0618435838259757,0.8508866461925209,0.12101494893431664,2.9570528832264245,3.4075942868366838,261.68930595973507,137.2073379183269,0.7619306578784912,0.21924417577751118,0.031181383389414234,3881.0,261.68930595973507,14.830563999421328,231.14339493168518
281,3738.0,3738.0,0.0,3738.0,3738.0,3738.0,0.40202218294143677,1.0,0.032310307025909424,0.004140237346291542,0.009184092283248901,0.9991536736488342,1.245323657989502,0.21848592162132263,0.0020888373255729675,0.0003617957409005612,1.242692470550537,0.21631532907485962,0.0021705925464630127,0.0021705925464630127,0.003451615571975708,0.0008895695209503174,1.0021737813949585,-0.0027582645416259766,-0.17353296279907227,0.0,-0.003075975982937962,0.0,0.0,0.0024694292806088924,0.001,2.4694295461813454e-06,0.00018215179443359375,3e-06,77.88953876495361,83.70703125,334.45113372802734,0.0,281.0,0.0,0.4000000059604645,0.4000000059604645,0.4000000059604645,0.4000000059604645,0.4000000059604645,0.4000000059604645,0.0,0.0,0.0,0.0,0.0,0.0,47.0,50.0,44.0,0.5,47.0,50.0,44.0,0.5,0.0,1822.0,1822.0,1822.0,1.0,16.088150463998318,1.2682246598415077,1.154575360007584,0.22034529177471995,3.723288069013506,4.750077290926129,27.237239750102162,171.15053685104593,0.9960642239201462,0.30887516319089997,0.058947376076704104,3738.0,27.237239750102162,137.23857609271803,
282,3123.0,3123.0,0.0,3123.0,3123.0,3123.0,0.2787122130393982,1.0,0.07694751024246216,0.003530007554218173,0.009440385736525059,0.9992538690567017,1.249251365661621,0.21378305554389954,0.0014793593436479568,0.0003265801933594048,1.2455146312713623,0.2102581113576889,0.003524940460920334,0.003957372158765793,0.007482312619686127,-0.000432431697845459,1.0035390853881836,-0.0016701221466064453,-0.19068539142608643,0.0,-0.0003459243744146079,0.0,0.0,0.013772438745945692,0.001,1.3772440070169978e-05,0.00112152099609375,3e-06,77.88953876495361,83.70703125,334.2903594970703,0.0,282.0,0.0,0.4000000059604645,0.4000000059604645,0.4000000059604645,0.4000000059604645,0.4000000059604645,0.4000000059604645,0.0,0.0,0.0,0.0,0.0,0.0,103.5,157.0,50.0,0.5,103.5,157.0,50.0,0.5,0.0,1458.0,1458.0,1458.0,1.0,34.116488525643945,0.9407275137491524,0.7899162308312953,0.12295189592987299,2.938769669737667,3.187592619098723,42.14716885518283,164.81395423016397,0.9410085397815136,0.25293507231229434,0.039369803371717256,3123.0,42.14716885518283,74.09750369545796,
283,2992.0,2992.0,0.0,2992.0,2992.0,2992.0,0.05321314185857773,1.0,0.10563218593597412,0.006686260458081961,0.019253352656960487,0.989419162273407,1.066846489906311,0.06470600515604019,0.00669872434809804,0.0013219929533079267,1.0597233772277832,0.05800727754831314,0.0066987257450819016,0.0066987257450819016,0.006959404796361923,0.00643804669380188,1.0067212581634521,-0.008481383323669434,-0.4377670884132385,0.0,-0.008589212317019701,0.0,0.0,0.014890687074512243,0.001,1.489068745286204e-05,0.000728607177734375,3e-06,77.88953876495361,83.70703125,334.5534973144531,0.0,283.0,0.0,0.4000000059604645,0.4000000059604645,0.4000000059604645,0.4000000059604645,0.4000000059604645,0.4000000059604645,0.0,0.0,0.0,0.0,0.0,0.0,43.0,43.0,43.0,1.0,43.0,43.0,43.0,1.0,0.0,1453.0,1453.0,1453.0,1.0,12.080543666146696,0.9129510270431638,0.8471580040641129,0.12053610105067492,2.795765572693199,3.197341567836702,20.007973357103765,140.47143797844996,0.9344136272370317,0.28314104413907515,0.04028613003030579,2992.0,20.007973357103765,149.54038305622294,
284,3835.0,3835.0,0.0,3835.0,3835.0,3835.0,0.1580929458141327,1.0,0.03172796964645386,0.0017751451814547181,0.00569613603875041,0.9996002316474915,1.1559944152832031,0.1391727328300476,-0.0023533881176263094,0.00017080450197681785,1.1591174602508545,0.14158537983894348,-0.002412647008895874,0.0026276707649230957,0.00021502375602722168,-0.00504031777381897,0.9975937008857727,0.005398750305175781,0.4483966827392578,0.0,-0.0011694478889694437,0.0,-0.015205323696136475,0.0026270715752616525,0.001,-0.015202701091766357,0.8125,3e-06,77.88953876495361,83.70703125,334.6889228820801,0.0,284.0,0.0,0.7666666507720947,1.0,0.5333333611488342,0.7666666507720947,1.0,0.5333333611488342,0.01594981923699379,0.7071046829223633,-0.707104504108429,0.01594981923699379,0.7071046829223633,-0.707104504108429,66.5,68.0,65.0,0.5,66.5,68.0,65.0,0.5,0.0,1851.0,1851.0,1851.0,1.0,18.080119953025132,1.016203457955271,0.7363397250883281,0.08448159880936146,2.7751381741836667,3.435986038763076,26.158916655927896,135.94075152650476,0.7236344652369404,0.19200514343893824,0.022029100080667916,3835.0,26.158916655927896,146.60393052366513,
285,3064.0,3064.0,0.0,3064.0,3064.0,3064.0,0.06535658985376358,1.0,0.028893709182739258,0.0009721192182041705,0.003717197570949793,0.9996578097343445,1.0471036434173584,0.045862868428230286,0.002076295204460621,7.822880434105173e-05,1.0449185371398926,0.04377672076225281,0.0020861485973000526,0.0020861485973000526,0.002246275544166565,0.0019260216504335403,1.0020883083343506,-0.003849327564239502,-0.2365517020225525,0.0,-0.0007158106309361756,0.0,-0.04196760058403015,0.03328477591276169,0.001,-0.041934311389923096,0.37109375,3e-06,77.88953876495361,83.70703125,334.79710388183594,0.0,285.0,0.0,0.46666669845581055,0.5333333611488342,0.4000000059604645,0.46666669845581055,0.5333333611488342,0.4000000059604645,0.04351365193724632,0.7070991396903992,-0.707099437713623,0.04351365193724632,0.7070991396903992,-0.707099437713623,65.0,69.0,61.0,0.5,65.0,69.0,61.0,0.5,0.0,1467.0,1467.0,1467.0,1.0,16.083275366108865,1.0614328500814736,0.8690068679861724,0.13407256780192256,3.0495832450687885,3.541402542963624,24.768052753061056,123.71750281622204,0.9952947927770197,0.2836184294994035,0.043757365470601356,3064.0,24.768052753061056,123.7077468522964,
286,2807.0,2807.0,0.0,2807.0,2807.0,2807.0,0.5429763793945312,1.0,0.05973637104034424,0.005279228091239929,0.009198703803122044,0.9994770288467407,1.7457178831100464,0.5569881200790405,0.0011503251735121012,0.0006859561544843018,1.7437855005264282,0.5558550953865051,0.0011330246925354004,0.0013051629066467285,0.002438187599182129,-0.00017213821411132812,1.0011345148086548,0.0004367828369140625,-0.2699275016784668,0.0,0.0003216316399630159,0.0,0.0,0.000984427606454119,0.001,9.844276291914866e-07,0.000125885009765625,3e-06,77.88953876495361,83.70703125,382.95392990112305,0.0,286.0,0.0,0.13333334028720856,0.13333334028720856,0.13333334028720856,0.13333334028720856,0.13333334028720856,0.13333334028720856,0.0,0.0,0.0,0.0,0.0,0.0,188.5,191.0,186.0,0.5,188.5,191.0,186.0,0.5,0.0,1215.0,1215.0,1215.0,1.0,48.1382665745914,0.9416803158819675,0.8688170271925628,0.13590697292238474,2.8245145813561976,3.4617973240092397,56.40243020374328,127.68770974692679,1.0062396086056993,0.30951800042485317,0.04841716171086025,2807.0,56.40243020374328,49.76735913435352,
287,822.0,822.0,0.0,822.0,822.0,822.0,0.9016947150230408,1.0,0.033074796199798584,0.0030733856838196516,0.00647708447650075,0.9998252987861633,2.7546825408935547,1.0132806301116943,0.003214638214558363,0.00021841264970134944,2.7457470893859863,1.0100345611572266,0.003246128559112549,0.003246128559112549,0.0037060976028442383,0.0027861595153808594,1.003251552581787,-0.005562901496887207,-0.374207079410553,0.0,-0.002467766869813204,0.0,0.0,0.000754208565922454,0.001,7.54208599573758e-07,0.00018024444580078125,3e-06,77.88953876495361,83.70703125,382.94255447387695,0.0,287.0,0.0,0.0,0.0,0.0,0.0,0.0,0.0,0.0,0.0,0.0,0.0,0.0,0.0,73.0,78.0,68.0,0.5,73.0,78.0,68.0,0.5,0.0,338.0,338.0,338.0,1.0,22.106967065948993,1.029054441023618,1.0535409641452134,0.1333041712641716,3.2772401510737836,4.356911337934434,31.990720774047077,151.41758264348624,3.9869101594571577,1.2816800050428387,0.16217052465227688,822.0,31.990720774047077,25.694950914230702,
288,8944.0,8944.0,0.0,8944.0,8944.0,8944.0,0.020052125677466393,1.0,0.06274229288101196,0.0008407527348026633,0.004781938157975674,0.9965134859085083,1.0125491619110107,0.012455187737941742,-9.821263665799052e-05,3.419053973630071e-05,1.0126421451568604,0.012548400089144707,-9.321188554167747e-05,0.0002662590704858303,0.00017304718494415283,-0.0003594709560275078,0.9999068379402161,0.0003325939178466797,0.04952967166900635,0.0,8.669604358146898e-05,0.0,0.013412564992904663,0.01974594034254551,0.001,0.013432323932647705,0.15625,3e-06,77.88953876495361,83.70703125,383.7123031616211,0.0,288.0,0.0,0.7224615812301636,0.7680000066757202,0.6769230961799622,0.7224615812301636,0.7680000066757202,0.6769230961799622,-0.01327930111438036,0.7070953845977783,-0.7070963382720947,-0.01327930111438036,0.7070953845977783,-0.7070963382720947,213.0,217.0,209.0,0.5,213.0,217.0,209.0,0.5,0.0,4259.0,4259.0,4259.0,1.0,64.20457259519026,1.3993022087961435,1.2149849059060216,0.12150940112769604,3.748582972213626,3.785510666202754,75.27407642593607,150.7149591436391,0.4191170586106469,0.1358435717694568,0.013585577049161007,8944.0,75.27407642593607,118.81912638011855,
289,3021.0,3021.0,0.0,3021.0,3021.0,3021.0,0.09926365315914154,1.0,0.026658236980438232,0.0014675790444016457,0.004518442787230015,0.9992976784706116,1.0557141304016113,0.05411648750305176,0.0004953520256094635,2.519151894375682e-05,1.0552027225494385,0.053641341626644135,0.0004751477390527725,0.0006801094859838486,0.001155257225036621,-0.00020496174693107605,1.000475525856018,-0.0008903741836547852,-0.046460509300231934,0.0,-0.00048443060768477153,0.0,0.0,0.02682340331375599,0.001,2.682340345927514e-05,0.000431060791015625,3e-06,77.88953876495361,83.70703125,384.61981201171875,0.0,289.0,0.0,0.4000000059604645,0.4000000059604645,0.4000000059604645,0.4000000059604645,0.4000000059604645,0.4000000059604645,0.0,0.0,0.0,0.0,0.0,0.0,50.5,52.0,49.0,0.5,50.5,52.0,49.0,0.5,0.0,1460.0,1460.0,1460.0,1.0,14.079080960713327,0.9327295888215303,0.8690225849859416,0.1258261608891189,2.795204254798591,3.3876359877176583,22.220335772261024,139.39684119518145,0.9252579459776866,0.2876605709983256,0.04165050012880467,3021.0,22.220335772261024,135.9565413845499,
290,4551.0,4551.0,0.0,4551.0,4551.0,4551.0,0.035950325429439545,1.0,0.031658679246902466,0.0007093208841979504,0.0038702611345797777,0.9990310668945312,1.0319538116455078,0.031307462602853775,8.62705783220008e-05,5.181915548746474e-05,1.0318608283996582,0.031220784410834312,8.667865768074989e-05,0.00020700832828879356,0.00029368698596954346,-0.00012032967060804367,1.0000866651535034,3.147125244140625e-05,-0.03765290975570679,0.0,-2.116301766363904e-05,0.0,0.0,0.00044067097769584507,0.001,4.406709877002868e-07,5.435943603515625e-05,3e-06,77.88953876495361,83.70703125,383.96542739868164,0.0,290.0,0.0,0.22857142984867096,0.22857142984867096,0.22857142984867096,0.22857142984867096,0.22857142984867096,0.22857142984867096,0.0,0.0,0.0,0.0,0.0,0.0,254.5,255.0,254.0,0.5,254.5,255.0,254.0,0.5,0.0,2021.0,2021.0,2021.0,1.0,74.20939809642732,1.0182286612689495,0.8674849458038807,0.1365109970793128,2.8340301299467683,3.9363895561546087,83.06834991509095,145.7944952778533,0.622726901768132,0.1906141388274842,0.02999582445161784,4551.0,83.06834991509095,54.78620924397614,
291,3928.0,3928.0,0.0,3928.0,3928.0,3928.0,0.18372389674186707,1.0,0.06109529733657837,0.0016921430360525846,0.006834715139120817,0.9994629621505737,1.1773470640182495,0.1540721207857132,0.0010726721957325935,0.00011150007048854604,1.1760234832763672,0.15314160287380219,0.0009305095300078392,0.0014474773779511452,0.0023779869079589844,-0.000516967847943306,1.000931978225708,-0.0017052888870239258,-0.1664053201675415,0.0,-0.0004985318519175053,0.0,0.0,0.00255480979103595,0.001,2.5548097255523317e-06,0.00023937225341796875,3e-06,77.88953876495361,83.70703125,382.80394744873047,0.0,291.0,0.0,0.6399999856948853,0.6399999856948853,0.6399999856948853,0.6399999856948853,0.6399999856948853,0.6399999856948853,0.0,0.0,0.0,0.0,0.0,0.0,112.0,123.0,101.0,0.5,112.0,123.0,101.0,0.5,0.0,1852.0,1852.0,1852.0,1.0,28.123045556712896,0.9529658788815141,0.8740687570534647,0.12736645573750138,2.7842003190889955,3.5490412237122655,36.4462747159414,125.54931052103971,0.708808635205956,0.2225225959912079,0.03242526877227632,3928.0,36.4462747159414,107.77507524745498,
292,6745.0,6745.0,0.0,6745.0,6745.0,6745.0,0.12457017600536346,1.0,0.031215786933898926,0.0016736395191401243,0.005636603571474552,0.9996857047080994,1.2242671251296997,0.2009129524230957,0.003085815580561757,0.0002628549700602889,1.2203311920166016,0.1976107954978943,0.003302164375782013,0.003302164375782013,0.004816576838493347,0.0017877519130706787,1.0033087730407715,-0.005183517932891846,-0.3019983768463135,0.0,0.0005052229753346182,0.0,-0.10046330094337463,0.0015738221700303257,0.001,-0.10046172142028809,1.25,3e-06,77.88953876495361,83.70703125,383.71012115478516,0.0,292.0,0.0,0.5285714268684387,0.6000000238418579,0.4571428596973419,0.5285714268684387,0.6000000238418579,0.4571428596973419,0.1010143980383873,0.7070999145507812,-0.7070996165275574,0.1010143980383873,0.7070999145507812,-0.7070996165275574,59.5,68.0,51.0,0.5,59.5,68.0,51.0,0.5,0.0,3313.0,3313.0,3313.0,1.0,16.072165124118328,1.242109670303762,0.9509003120474517,0.12184887425974011,3.265877982135862,3.4442436662502587,25.14094940572977,135.06021112704477,0.48419243619508706,0.14097854885803585,0.018065066606336562,6745.0,25.14094940572977,268.287402004905,
293,3110.0,3110.0,0.0,3110.0,3110.0,3110.0,0.0691882073879242,1.0,0.028828725218772888,0.0007420203182846308,0.0031378346029669046,0.9998162984848022,1.0962131023406982,0.09031463414430618,0.0017800936475396156,0.00014356340398080647,1.094393014907837,0.08871228247880936,0.001602349802851677,0.001602349802851677,0.002681538462638855,0.0005231611430644989,1.0016043186187744,-0.0030208826065063477,-0.24177312850952148,0.0,-0.0009423596566193737,0.0,0.1158580482006073,0.0603985320776701,0.001,0.11591845750808716,1.0859375,3e-06,77.88953876495361,83.70703125,382.9328269958496,0.0,293.0,0.0,0.40634921193122864,0.4571428596973419,0.35555556416511536,0.40634921193122864,0.4571428596973419,0.35555556416511536,-0.11646303534507751,0.7070969343185425,-0.7070969343185425,-0.11646303534507751,0.7070969343185425,-0.7070969343185425,85.0,99.0,71.0,0.5,85.0,99.0,71.0,0.5,0.0,1470.0,1470.0,1470.0,1.0,26.18120306171477,1.0293422592803836,1.267958916258067,0.12256250530481339,2.995166031178087,3.980483232997358,35.63921129377559,154.00707683361628,0.9630758942694814,0.40770383159423373,0.03940916569286604,3110.0,35.63921129377559,87.26343505090875,
294,1471.0,1471.0,0.0,1471.0,1471.0,1471.0,0.0386793427169323,1.0,0.029681622982025146,0.0007058018236421049,0.0035400923807173967,0.9996575713157654,1.021007776260376,0.020781101658940315,-0.001224159263074398,3.343883145134896e-05,1.022253394126892,0.021996289491653442,-0.0012151869013905525,0.0012151869013905525,-0.0003628488630056381,-0.002067524939775467,0.9987859129905701,0.002585291862487793,0.12712335586547852,0.0,0.000611034707020508,0.0,0.007861167192459106,0.021697492338716984,0.001,0.007882863283157349,0.3671875,3e-06,77.88953876495361,83.70703125,383.2964401245117,0.0,294.0,0.0,0.7666666507720947,1.0,0.5333333611488342,0.7666666507720947,1.0,0.5333333611488342,-0.007443121634423733,0.7071046829223633,-0.707104504108429,-0.007443121634423733,0.7071046829223633,-0.707104504108429,47.5,48.0,47.0,0.5,47.5,48.0,47.0,0.5,0.0,688.0,688.0,688.0,1.0,14.05043923202902,0.9847953910939395,1.013438775204122,0.1216994859278202,3.326975089032203,3.4463573079556227,23.001465789973736,147.89936033714758,2.261709781802993,0.6889454624093284,0.08273248533502393,1471.0,23.001465789973736,63.95244604981671,
295,2742.0,2742.0,0.0,2742.0,2742.0,2742.0,1.0674346685409546,1.0,0.41942763328552246,0.0504075326025486,0.07357633113861084,0.9721025228500366,2.9597697257995605,1.0744246244430542,0.05899108201265335,0.06554268300533295,2.7987518310546875,1.015433430671692,0.05899113416671753,0.05899113416671753,0.07868373394012451,0.03929853439331055,1.0609714984893799,0.2124086618423462,-0.9999999403953552,0.0,-0.05876890383660793,0.0,0.0,0.06564359366893768,0.001,6.564359500771388e-05,0.00146484375,3e-06,77.88953876495361,83.70703125,334.73535919189453,0.0,295.0,0.0,0.0,0.0,0.0,0.0,0.0,0.0,0.0,0.0,0.0,0.0,0.0,0.0,207.0,207.0,207.0,1.0,207.0,207.0,207.0,1.0,0.0,1164.0,1164.0,1164.0,1.0,66.20816750498489,1.2396093416027725,0.8765800697728992,0.13009079918265343,2.7448497558943927,3.36287946626544,74.61849196394905,159.92310991542243,1.0010392982838778,0.31968638576692165,0.047443763378064704,2742.0,74.61849196394905,36.74692328712246,
296,2783.0,2783.0,0.0,2783.0,2783.0,2783.0,0.9143965840339661,1.0,0.06058013439178467,0.004522969014942646,0.008506778627634048,0.9996902942657471,2.5788893699645996,0.8947901725769043,0.0010843187337741256,0.0008772437577135861,2.5763330459594727,0.8930255174636841,0.0017646849155426025,0.0024382174015045166,0.004202902317047119,-0.0006735324859619141,1.0017693042755127,0.0012845993041992188,-0.15163904428482056,0.0,-0.0006523021111206617,0.0,0.1980031430721283,0.0010227304592262954,0.001,0.19800415635108948,0.859375,3e-06,77.88953876495361,83.70703125,334.2454528808594,0.0,296.0,0.0,0.10000000149011612,0.20000000298023224,0.0,0.10000000149011612,0.20000000298023224,0.0,-0.1972792148590088,0.7071017622947693,-0.7071017622947693,-0.1972792148590088,0.7071017622947693,-0.7071017622947693,159.5,204.0,115.0,0.5,159.5,204.0,115.0,0.5,0.0,1232.0,1232.0,1232.0,1.0,46.15701373806223,0.9559717988595366,1.0518530709668994,0.11909801419824362,2.8843094278126955,4.066897410899401,55.27228849101812,144.69283303467785,1.0364029564544361,0.37795654723927397,0.042794830829408416,2783.0,55.27228849101812,50.35072865586603,
297,3810.0,3810.0,0.0,3810.0,3810.0,3810.0,0.04990119859576225,1.0,0.05856996774673462,0.0009867759654298425,0.005961322691291571,0.9987042546272278,1.0411760807037354,0.04022394120693207,-0.0004328511713538319,9.615520684747025e-05,1.041651964187622,0.04068533331155777,-0.0004613930359482765,0.0004613930359482765,-0.0001759640872478485,-0.0007468219846487045,0.999538779258728,0.001253366470336914,0.05374908447265625,0.0,-0.0014704662462463602,0.0,0.07204803824424744,0.0028714301297441125,0.001,0.07205089926719666,0.69140625,3e-06,77.88953876495361,83.70703125,334.5559768676758,0.0,297.0,0.0,0.45333331823349,0.6399999856948853,0.2666666805744171,0.45333331823349,0.6399999856948853,0.2666666805744171,-0.07071034610271454,0.7071041464805603,-0.7071040272712708,-0.07071034610271454,0.7071041464805603,-0.7071040272712708,60.0,66.0,54.0,0.5,60.0,66.0,54.0,0.5,0.0,1845.0,1845.0,1845.0,1.0,16.076971653848886,1.0363655090332031,1.0597112993709743,0.12444175127893686,2.627479367889464,3.42577554192394,24.383768148720264,133.97476378207406,0.6896271306796493,0.278139448653799,0.032661876976098916,3810.0,24.383768148720264,156.25148569172072,
298,2670.0,2670.0,0.0,2670.0,2670.0,2670.0,0.6924129128456116,1.0,0.05819183588027954,0.004720205906778574,0.008802122436463833,0.9995697736740112,1.9845906496047974,0.6845001578330994,-0.0011089766630902886,0.0006527902442030609,1.9871681928634644,0.6857161521911621,-0.0012159645557403564,0.001879185438156128,0.0006632208824157715,-0.0030951499938964844,0.9987865090370178,0.004857659339904785,0.9242018461227417,0.0,0.0009019378485390916,0.0,0.0,0.0010377077269367874,0.001,1.037707761497586e-06,0.00023651123046875,3e-06,77.88953876495361,83.70703125,334.74970626831055,0.0,298.0,0.0,0.0,0.0,0.0,0.0,0.0,0.0,0.0,0.0,0.0,0.0,0.0,0.0,193.0,204.0,182.0,0.5,193.0,204.0,182.0,0.5,0.0,1142.0,1142.0,1142.0,1.0,50.18330827495083,0.9512475170195103,0.9474058826453984,0.05611379398033023,2.8320496939122677,3.283028480131179,58.28165050968528,130.00857066049437,1.060692769255531,0.3548336639121342,0.021016402239824056,2670.0,58.28165050968528,45.812017618758034,
299,2165.0,2165.0,0.0,2165.0,2165.0,2165.0,0.4861619472503662,1.0,0.06177210807800293,0.0051313056610524654,0.00977232027798891,0.9994068145751953,1.690917730331421,0.5239236950874329,-0.0021195753943175077,0.0006338414968922734,1.69498872756958,0.5264613628387451,-0.002537652850151062,0.0026290863752365112,9.143352508544922e-05,-0.005166739225387573,0.9974690079689026,0.006799936294555664,1.1952955722808838,0.0,0.001178000879008323,0.0,0.0,0.0009982904011849314,0.001,9.982904884964228e-07,0.00018978118896484375,3e-06,77.88953876495361,83.70703125,334.3622055053711,0.0,299.0,0.0,0.0,0.0,0.0,0.0,0.0,0.0,0.0,0.0,0.0,0.0,0.0,0.0,141.5,164.0,119.0,0.5,141.5,164.0,119.0,0.5,0.0,941.0,941.0,941.0,1.0,42.173874041996896,1.210070096887648,1.061457322910428,0.13758036214858294,3.6323610791005194,4.047953391913325,52.290436043869704,149.02428990104912,1.6777649326099398,0.49028051866532474,0.06354751138502676,2165.0,52.290436043869704,41.40336481768189,
300,1488.0,1488.0,0.0,1488.0,1488.0,1488.0,0.004933867137879133,1.0,0.23173481225967407,0.004795488435775042,0.03129788860678673,0.9463861584663391,1.0012723207473755,0.0012714473996311426,-0.005698234774172306,0.0007640941184945405,1.0069940090179443,0.006969681940972805,-0.005698234774172306,0.005698234774172306,-0.004963497165590525,-0.0064329719170928,0.9943182468414307,0.014739394187927246,0.6356546878814697,0.0,0.005317776696756482,0.0,0.0,0.0007635375950485468,0.001,7.635376277903561e-07,0.00023365020751953125,3e-06,77.88953876495361,83.70703125,334.8327445983887,0.0,300.0,0.0,1.0,1.0,1.0,1.0,1.0,1.0,0.0,0.0,0.0,0.0,0.0,0.0,43.0,43.0,43.0,1.0,43.0,43.0,43.0,1.0,0.0,701.0,701.0,701.0,1.0,12.065287879668176,0.8841737806797028,0.9125340040773153,0.12087355414405465,2.7535218908451498,3.673162469640374,275.4738041451201,140.29404511242066,1.8504851416970092,0.6132620995143249,0.08123222724734856,1488.0,275.4738041451201,5.401602539369294,255.01449585007504
301,3887.0,3887.0,0.0,3887.0,3887.0,3887.0,0.06211043894290924,1.0,0.04817318916320801,0.001119334832765162,0.00532739469781518,0.9991996884346008,1.0635501146316528,0.06131809949874878,0.0006085722707211971,2.713964568101801e-05,1.0627899169921875,0.06061757355928421,0.0007005296647548676,0.0007005296647548676,0.0013033375144004822,9.772181510925293e-05,1.0007009506225586,-0.001109004020690918,-0.09865695238113403,0.0,-0.0010182133701164275,0.0,-0.10740011930465698,0.0041730934754014015,0.001,-0.1073959469795227,0.69921875,3e-06,77.88953876495361,83.70703125,307.2949104309082,0.0,301.0,0.0,0.49523812532424927,0.5333333611488342,0.4571428596973419,0.49523812532424927,0.5333333611488342,0.4571428596973419,0.1078614667057991,0.7070934176445007,-0.7070939540863037,0.1078614667057991,0.7070934176445007,-0.7070939540863037,88.5,102.0,75.0,0.5,88.5,102.0,75.0,0.5,0.0,1855.0,1855.0,1855.0,1.0,26.1234987010248,1.224610049277544,1.2499389899894595,0.1354201058857143,2.7083232048898935,3.3656309782527387,34.872792610898614,147.59038814138304,0.6967643953923061,0.3215690738331514,0.03483923485611379,3887.0,34.872792610898614,111.46225205907989,
302,802.0,802.0,0.0,802.0,802.0,802.0,0.8216831684112549,1.0,0.14278250932693481,0.013332267291843891,0.027368538081645966,0.9965987801551819,2.587914228439331,0.9470484256744385,0.007022429723292589,0.005097269080579281,2.573418378829956,0.940026044845581,0.007022380828857422,0.014881372451782227,0.02190375328063965,-0.007858991622924805,1.007158637046814,0.005971431732177734,0.33882009983062744,0.0,-0.0033578164875507355,0.0,0.0,0.00529609271325171,0.001,5.296093149809167e-06,0.0003490447998046875,3e-06,77.88953876495361,83.70703125,307.3136978149414,0.0,302.0,0.0,0.0,0.0,0.0,0.0,0.0,0.0,0.0,0.0,0.0,0.0,0.0,0.0,61.0,61.0,61.0,1.0,61.0,61.0,61.0,1.0,0.0,340.0,340.0,340.0,1.0,16.063150566071272,0.9462414649315178,0.8678481909446418,0.1151939406991005,2.786296688951552,4.860312539152801,25.67578044300899,131.66516857435468,3.474185397695202,1.0821049762402017,0.14363334251758167,802.0,25.67578044300899,31.235662019316294,
303,2847.0,2847.0,0.0,2847.0,2847.0,2847.0,0.6060327291488647,1.0,0.06217831373214722,0.005775101017206907,0.009932246059179306,0.9993759989738464,1.769554853439331,0.5695006847381592,-0.0006404194282367826,0.0006091171526350081,1.7710068225860596,0.5702304244041443,-0.0007297694683074951,0.0017926394939422607,0.0010628700256347656,-0.002522408962249756,0.9992721080780029,0.0037151575088500977,0.6839935779571533,0.0,0.00036509515484794974,0.0,0.036036550998687744,0.0009537536534480751,0.001,0.03603750467300415,4.125,3e-06,77.88953876495361,83.70703125,307.4461975097656,0.0,303.0,0.0,0.07999999821186066,0.1599999964237213,0.0,0.07999999821186066,0.1599999964237213,0.0,-0.03527107834815979,0.7071005702018738,-0.7071005702018738,-0.03527107834815979,0.7071005702018738,-0.7071005702018738,210.5,221.0,200.0,0.5,210.5,221.0,200.0,0.5,0.0,1213.0,1213.0,1213.0,1.0,64.20992478588596,0.9935450269840658,0.8824317422695458,0.13818322028964758,2.75804727897048,3.504857182968408,72.53861465398222,152.51763607098803,0.9687556301266175,0.30995143739710074,0.04853643143296368,2847.0,72.53861465398222,39.24806137504179,
304,791.0,791.0,0.0,791.0,791.0,791.0,0.800263524055481,1.0,0.030817806720733643,0.003228680696338415,0.00681647751480341,0.9997766017913818,2.3717710971832275,0.8424780368804932,-5.616946509690024e-06,0.0002987543120980263,2.3709030151367188,0.8424171209335327,6.097555160522461e-05,0.0015041232109069824,0.001565098762512207,-0.0014431476593017578,1.000062108039856,0.0011916160583496094,0.015070796012878418,0.0,-0.0007050479180179536,0.0,0.0,0.0008947591122705489,0.001,8.94759182301641e-07,0.000186920166015625,3e-06,77.88953876495361,83.70703125,307.5719566345215,0.0,304.0,0.0,0.0,0.0,0.0,0.0,0.0,0.0,0.0,0.0,0.0,0.0,0.0,0.0,56.5,59.0,54.0,0.5,56.5,59.0,54.0,0.5,0.0,339.0,339.0,339.0,1.0,16.082001080736518,0.8944790069945157,1.0995643860660493,0.11581086600199342,2.668042935896665,3.734707315918058,24.6421285350807,142.31859363483645,3.3729999189591213,1.390094040538621,0.1464107029102319,791.0,24.6421285350807,32.099499800673755,
305,2995.0,2995.0,0.0,2995.0,2995.0,2995.0,0.11146382242441177,1.0,0.05113792419433594,0.0013214884093031287,0.006343255750834942,0.9994338750839233,1.1291158199310303,0.12053273618221283,-0.0005188801442272961,0.00012035750114591792,1.1296535730361938,0.12106688320636749,-0.0005341507494449615,0.0013903267681598663,0.0008561760187149048,-0.0019244775176048279,0.9994669556617737,0.0015292167663574219,0.05668139457702637,0.0,-0.0009238091151928529,0.0,0.007311880588531494,0.02159205451607704,0.001,0.0073334574699401855,0.8671875,3e-06,77.88953876495361,83.70703125,307.4932975769043,0.0,305.0,0.0,0.699999988079071,1.0,0.4000000059604645,0.699999988079071,1.0,0.4000000059604645,-0.007770354859530926,0.7071051001548767,-0.7071050405502319,-0.007770354859530926,0.7071051001548767,-0.7071050405502319,45.5,46.0,45.0,0.5,45.5,46.0,45.0,0.5,0.0,1452.0,1452.0,1452.0,1.0,18.079167197924107,1.2345046917907894,1.122924500145018,0.11045410204678774,3.7197712818160653,4.226046466268599,28.544586050789803,198.67216701015502,1.2419937501890035,0.3749330551402398,0.03687949984867704,2995.0,28.544586050789803,104.92357446245506,
306,2992.0,2992.0,0.0,2992.0,2992.0,2992.0,0.05249018967151642,1.0,0.11450749635696411,0.005652556661516428,0.019609684124588966,0.9854446649551392,1.0676366090774536,0.06435088813304901,0.011114136315882206,0.0014423415996134281,1.055568814277649,0.05323674902319908,0.01111413724720478,0.01111413724720478,0.01688455045223236,0.005343724973499775,1.0111929178237915,-0.01712745428085327,-0.5744202136993408,0.0,-0.012533773202449083,0.0,0.0,0.011176964733749628,0.001,1.1176965017511975e-05,0.00014972686767578125,3e-06,77.88953876495361,83.70703125,306.9679374694824,0.0,306.0,0.0,0.4000000059604645,0.4000000059604645,0.4000000059604645,0.4000000059604645,0.4000000059604645,0.4000000059604645,0.0,0.0,0.0,0.0,0.0,0.0,44.0,44.0,44.0,1.0,44.0,44.0,44.0,1.0,0.0,1452.0,1452.0,1452.0,1.0,18.083418087102473,1.363090782891959,1.1115797897800803,0.12539520114660263,3.74416546523571,4.391707070171833,28.850343561265618,205.49338735343719,1.251392200947764,0.37151730941847605,0.04191016081103029,2992.0,28.850343561265618,103.7076038157497,
307,810.0,810.0,0.0,810.0,810.0,810.0,1.1843488216400146,1.0,0.03362703323364258,0.002231251448392868,0.005265494808554649,0.9998945593833923,3.3670310974121094,1.2131876945495605,0.002629748312756419,0.0004957185010425746,3.3586182594299316,1.2105913162231445,0.0025963187217712402,0.0025963187217712402,0.004840373992919922,0.0003522634506225586,1.002602219581604,-0.003269016742706299,-0.2638455629348755,0.0,-0.00219322694465518,0.0,0.0,0.0005687795346602798,0.001,5.687795692210784e-07,0.00011301040649414062,3e-06,77.88953876495361,83.70703125,307.21315002441406,0.0,307.0,0.0,0.0,0.0,0.0,0.0,0.0,0.0,0.0,0.0,0.0,0.0,0.0,0.0,67.0,68.0,66.0,0.5,67.0,68.0,66.0,0.5,0.0,338.0,338.0,338.0,1.0,22.080250225029886,0.9145156648010015,0.9492863351479173,0.12370401108637452,2.873589596245438,3.156699320767075,30.129162259865552,164.77798675395437,3.5476414768462194,1.1719584384542188,0.15272100134120312,810.0,30.129162259865552,26.88425230724004,
308,2987.0,2987.0,0.0,2987.0,2987.0,2987.0,0.05625944584608078,1.0,0.05529099702835083,0.0021816000808030367,0.008305231109261513,0.9980109930038452,1.0748846530914307,0.0707927942276001,0.009922798722982407,0.0032628991175442934,1.063220500946045,0.060447774827480316,0.010345018468797207,0.011962958611547947,0.022307977080345154,-0.00161794014275074,1.010470986366272,-0.009398341178894043,-0.34322673082351685,0.0,-0.003682139387819916,0.0,0.0,0.05686181038618088,0.001,5.686181248165667e-05,0.0018768310546875,3e-06,77.88953876495361,83.70703125,307.21448135375977,0.0,308.0,0.0,0.4000000059604645,0.4000000059604645,0.4000000059604645,0.4000000059604645,0.4000000059604645,0.4000000059604645,0.0,0.0,0.0,0.0,0.0,0.0,42.5,44.0,41.0,0.5,42.5,44.0,41.0,0.5,0.0,1451.0,1451.0,1451.0,1.0,14.068644531071186,1.2744719390757382,1.1332722138613462,0.13847887329757214,4.218033898156136,4.814303011633456,25.678638307843357,165.5134650714257,1.412130531689366,0.37940147769044064,0.04636052001927423,2987.0,25.678638307843357,116.32236741648572,
309,2951.0,2951.0,0.0,2951.0,2951.0,2951.0,0.26389622688293457,1.0,0.029461175203323364,0.0014226100174710155,0.005199365317821503,0.999805212020874,1.93948495388031,0.5445675253868103,-0.002860410837456584,0.0005422666436061263,1.9470062255859375,0.5472387671470642,-0.0026712454855442047,0.0026712454855442047,-6.0088932514190674e-05,-0.005282402038574219,0.9973357319831848,0.007977008819580078,0.2410752773284912,0.0,-0.0029229482170194387,0.0,0.0,0.012708616210147738,0.001,1.2708616850432009e-05,0.0010223388671875,3e-06,77.88953876495361,83.70703125,307.1540069580078,0.0,309.0,0.0,0.4000000059604645,0.4000000059604645,0.4000000059604645,0.4000000059604645,0.4000000059604645,0.4000000059604645,0.0,0.0,0.0,0.0,0.0,0.0,34.5,37.0,32.0,0.5,34.5,37.0,32.0,0.5,0.0,1441.0,1441.0,1441.0,1.0,14.083206776995212,1.1155781103298068,0.8903372990898788,0.13700658828020096,2.851413983851671,3.3502354249358177,22.46558669488877,204.10444604340887,0.9662534679266931,0.3017069803761026,0.04642717325659131,2951.0,22.46558669488877,131.35646266791656,
310,3811.0,3811.0,0.0,3811.0,3811.0,3811.0,0.04856618866324425,1.0,0.03523200750350952,0.0011008719448000193,0.004683398641645908,0.9993100762367249,1.0581715106964111,0.05651983618736267,0.0005685857031494379,6.852760998299345e-05,1.0576894283294678,0.056072212755680084,0.0004476197063922882,0.0013306774199008942,0.0017782971262931824,-0.000883057713508606,1.0004485845565796,-0.0008708834648132324,-0.053604066371917725,0.0,0.0005201802268857136,0.0,0.06436550617218018,0.011318526114337146,0.001,0.06437680125236511,0.75,3e-06,77.88953876495361,83.70703125,307.2835807800293,0.0,310.0,0.0,0.36000001430511475,0.4000000059604645,0.3199999928474426,0.36000001430511475,0.4000000059604645,0.3199999928474426,-0.06428156793117523,0.7070940136909485,-0.7070945501327515,-0.06428156793117523,0.7070940136909485,-0.7070945501327515,60.5,66.0,55.0,0.5,60.5,66.0,55.0,0.5,0.0,1845.0,1845.0,1845.0,1.0,16.075158847961575,1.0189545000903308,0.8508865190669894,0.12328249681740999,2.7685347921214998,3.6482947007752955,24.51505494583398,132.85255246249235,0.7264588801158488,0.22327119366753856,0.03234912013051955,3811.0,24.51505494583398,155.45549493649537,
311,3057.0,3057.0,0.0,3057.0,3057.0,3057.0,0.15121310949325562,1.0,0.043016910552978516,0.002235936466604471,0.007198539562523365,0.9995181560516357,1.3420425653457642,0.27751585841178894,-0.0013444630894809961,0.00033458846155554056,1.3431411981582642,0.27888572216033936,-0.001369863748550415,0.0030705034732818604,0.0017006397247314453,-0.004440367221832275,0.9986357688903809,0.004037976264953613,0.2581981420516968,0.0,0.0015195225132629275,0.0,0.0,0.019396663177758455,0.001,1.939666435646359e-05,0.001434326171875,3e-06,77.88953876495361,83.70703125,307.77207946777344,0.0,311.0,0.0,0.22857142984867096,0.22857142984867096,0.22857142984867096,0.22857142984867096,0.22857142984867096,0.22857142984867096,0.0,0.0,0.0,0.0,0.0,0.0,60.5,61.0,60.0,0.5,60.5,61.0,60.0,0.5,0.0,1468.0,1468.0,1468.0,1.0,18.116554227191955,1.2941362704150379,1.1636510351672769,0.13665378373116255,3.7799151320941746,4.658867293968797,29.17996316868812,149.72358865447896,1.2364786169755233,0.38065130362030647,0.044701924674897794,3057.0,29.17996316868812,104.76366890278832,
312,816.0,816.0,0.0,816.0,816.0,816.0,0.7858583927154541,1.0,0.030486762523651123,0.003802063874900341,0.0069063687697052956,0.9997718334197998,2.196514844894409,0.7735723257064819,-0.0026761777698993683,0.00033246749080717564,2.202409267425537,0.7761949300765991,-0.0026225745677948,0.0026225745677948,-0.0022689104080200195,-0.00297623872756958,0.9973809123039246,0.006697297096252441,0.4306967258453369,0.0,0.0,0.0,0.0,0.001331793115241453,0.001,1.3317932143763755e-06,0.000240325927734375,3e-06,77.88953876495361,83.70703125,309.9930191040039,0.0,312.0,0.0,0.0,0.0,0.0,0.0,0.0,0.0,0.0,0.0,0.0,0.0,0.0,0.0,66.0,76.0,56.0,0.5,66.0,76.0,56.0,0.5,0.0,342.0,342.0,342.0,1.0,26.140075707808137,1.4209396378137171,1.127015304286033,0.1538711143657565,3.5707901283167303,3.8270249823108315,36.272708733100444,198.03087657430407,4.375968294505797,1.3811462062328834,0.18856754211489768,816.0,36.272708733100444,22.496252099732605,
313,3890.0,3890.0,0.0,3890.0,3890.0,3890.0,0.06591539829969406,1.0,0.07150959968566895,0.0016729312483221292,0.007299299351871014,0.998676061630249,1.0737826824188232,0.07118754088878632,-0.0010349772637709975,0.00012189500557724386,1.0749735832214355,0.07229501008987427,-0.0011074654757976532,0.001232299953699112,0.00012483447790145874,-0.002339765429496765,0.9988938570022583,0.0025614500045776367,0.21592187881469727,0.0,-0.0008176909759640694,0.0,0.042416274547576904,0.007059952011331916,0.001,0.04242333769798279,0.6328125,3e-06,77.88953876495361,83.70703125,356.14188385009766,0.0,313.0,0.0,0.29333335161209106,0.3199999928474426,0.2666666805744171,0.29333335161209106,0.3199999928474426,0.2666666805744171,-0.04159380495548248,0.7070876955986023,-0.7070884704589844,-0.04159380495548248,0.7070876955986023,-0.7070884704589844,85.0,90.0,80.0,0.5,85.0,90.0,80.0,0.5,0.0,1860.0,1860.0,1860.0,1.0,24.11296642292291,0.9529786910861731,0.9524123203009367,0.12953424593433738,2.789781814906746,4.022975588683039,32.99009834090248,141.84097895837004,0.7171675616726854,0.24483607205679606,0.03329929201396848,3890.0,32.99009834090248,117.91416805742038,
314,1158.0,1158.0,0.0,1158.0,1158.0,1158.0,0.19949667155742645,1.0,0.14410197734832764,0.006206723861396313,0.022851672023534775,0.9930198788642883,1.1393215656280518,0.13043151795864105,0.002303700428456068,0.0008008522563613951,1.1366989612579346,0.1281278133392334,0.002303704619407654,0.002303704619407654,0.0028577297925949097,0.001749679446220398,1.0023064613342285,-0.0014505386352539062,-0.1206093430519104,0.0,-0.003556966781616211,0.0,0.0,0.001879996620118618,0.001,1.8799967165250564e-06,0.0003337860107421875,3e-06,77.88953876495361,83.70703125,356.3331832885742,0.0,314.0,0.0,0.4000000059604645,0.4000000059604645,0.4000000059604645,0.4000000059604645,0.4000000059604645,0.4000000059604645,0.0,0.0,0.0,0.0,0.0,0.0,28.0,28.0,28.0,1.0,28.0,28.0,28.0,1.0,0.0,551.0,551.0,551.0,1.0,8.059284168761224,0.9288578988052905,0.9679004978388548,0.1325788819231093,3.0577124189585447,3.351208769250661,16.534183823969215,143.915788727879,2.6405115880471026,0.8358380810352805,0.11448953533947262,1158.0,16.534183823969215,70.03671982413034,
315,789.0,789.0,0.0,789.0,789.0,789.0,0.8607074618339539,1.0,0.02926182746887207,0.002905481494963169,0.006436667870730162,0.9998143911361694,2.1177308559417725,0.7377369403839111,-0.0010779615258798003,0.00044577024527825415,2.119539737701416,0.7389051914215088,-0.001168280839920044,0.0020054876804351807,0.0008372068405151367,-0.0031737685203552246,0.9988343715667725,0.0039670467376708984,0.15369069576263428,0.0,-0.000908761634491384,0.0,0.0,0.0007874724251450971,0.001,7.87472458796401e-07,0.0002193450927734375,3e-06,77.88953876495361,83.70703125,356.1140441894531,0.0,315.0,0.0,0.0,0.0,0.0,0.0,0.0,0.0,0.0,0.0,0.0,0.0,0.0,0.0,55.5,58.0,53.0,0.5,55.5,58.0,53.0,0.5,0.0,339.0,339.0,339.0,1.0,14.073341687209904,1.1020876541733742,1.0340406941249967,0.13618498481810093,3.0602507260628045,3.927133539225906,23.363982804119587,126.78686204693608,3.8786447732101452,1.3105712219581707,0.17260454349569193,789.0,23.363982804119587,33.769927268602586,
316,3024.0,3024.0,0.0,3024.0,3024.0,3024.0,0.056599196046590805,1.0,0.010593503713607788,0.0005076211527921259,0.00157806312199682,0.9998752474784851,1.0373733043670654,0.03652706742286682,4.4341628381516784e-05,1.2880564099759795e-05,1.0372977256774902,0.03646301105618477,6.405729800462723e-05,0.0004928214475512505,0.0005568787455558777,-0.00042876414954662323,1.0000641345977783,-3.7610530853271484e-05,-0.0032276511192321777,0.0,0.0007047714316286147,0.0,-0.028396397829055786,0.03371637873351574,0.001,-0.028362661600112915,0.423828125,3e-06,77.88953876495361,83.70703125,356.35813903808594,0.0,316.0,0.0,0.34285715222358704,0.4571428596973419,0.22857142984867096,0.34285715222358704,0.4571428596973419,0.22857142984867096,0.028284067288041115,0.7071024179458618,-0.7071024775505066,0.028284067288041115,0.7071024179458618,-0.7071024775505066,50.0,52.0,48.0,0.5,50.0,52.0,48.0,0.5,0.0,1462.0,1462.0,1462.0,1.0,16.085191232152283,1.2616695668548346,1.0803329381160438,0.14068592805415392,3.647750834003091,4.07876189565286,26.350717525929213,160.85191232152283,1.2062668101862073,0.35725295572620497,0.04652312435653238,3024.0,26.350717525929213,114.75968337577038,
317,8058.0,8058.0,0.0,8058.0,8058.0,8058.0,0.013781670480966568,1.0,0.042962223291397095,0.0004492044390644878,0.003432801691815257,0.9994065761566162,1.012824535369873,0.012710636481642723,0.0009584702784195542,7.121235830709338e-05,1.0118420124053955,0.011746586300432682,0.0009640494827181101,0.0009640494827181101,0.0018289387226104736,9.916024282574654e-05,1.000964879989624,-0.0016467571258544922,-0.23057246208190918,0.0,-0.0003439890169829596,0.0,-0.004219532012939453,0.008612577337771654,0.001,-0.004210919141769409,0.1318359375,3e-06,77.88953876495361,83.70703125,358.33554458618164,0.0,317.0,0.0,0.8047618865966797,1.0,0.6095238327980042,0.8047618865966797,1.0,0.6095238327980042,0.00456207012757659,0.7071042656898499,-0.7071040272712708,0.00456207012757659,0.7071042656898499,-0.7071040272712708,155.0,156.0,154.0,0.5,155.0,156.0,154.0,0.5,0.0,3874.0,3874.0,3874.0,1.0,46.145628691185266,1.272987358737737,0.9288938716053963,0.12180619593709707,3.5889389063231647,4.519053168594837,56.596229646820575,148.85686674575894,0.44538829812896064,0.11527598307339244,0.015116182171394524,8058.0,56.596229646820575,142.3769754678822,
318,3856.0,3856.0,0.0,3856.0,3856.0,3856.0,0.3530276417732239,1.0,0.04427868127822876,0.003159458050504327,0.00818124320358038,0.9994262456893921,1.3058946132659912,0.25326335430145264,-0.00012106526992283762,0.0002660216414369643,1.305927038192749,0.25298935174942017,0.0002740100026130676,0.001812674105167389,0.0020866841077804565,-0.0015386641025543213,1.000275731086731,0.0013341903686523438,0.057407498359680176,0.0,-0.0014996732352301478,0.0,0.15667247772216797,0.015805135015398264,0.001,0.15668827295303345,0.9375,3e-06,77.88953876495361,83.70703125,356.69393157958984,0.0,318.0,0.0,0.36000001430511475,0.4000000059604645,0.3199999928474426,0.36000001430511475,0.4000000059604645,0.3199999928474426,-0.15411056578159332,0.7070940136909485,-0.7070945501327515,-0.15411056578159332,0.7070940136909485,-0.7070945501327515,78.0,95.0,61.0,0.5,78.0,95.0,61.0,0.5,0.0,1850.0,1850.0,1850.0,1.0,24.114000988192856,1.0417310688644648,0.9754718118347228,0.13106295373290777,3.3562563345767558,4.115055587142706,33.76439423626289,154.57692941149267,0.8703984270167935,0.2529750549363908,0.033989355221189774,3856.0,33.76439423626289,114.20314468010399,
319,7926.0,7926.0,0.0,7926.0,7926.0,7926.0,0.03856389969587326,1.0,0.3853687644004822,0.011132949963212013,0.05168008804321289,0.9195024371147156,1.0628292560577393,0.05935924872756004,0.00913495384156704,0.0080088060349226,1.0527806282043457,0.050224293023347855,0.009134955704212189,0.009134955704212189,0.01606167107820511,0.002208240097388625,1.0092010498046875,0.013480186462402344,-0.698349118232727,0.0,-0.00836479471763596,0.0,0.0,0.04485683236271143,0.001,4.48568316642195e-05,0.0029296875,3e-06,77.88953876495361,83.70703125,356.52912521362305,0.0,319.0,0.0,1.0,1.0,1.0,1.0,1.0,1.0,0.0,0.0,0.0,0.0,0.0,0.0,122.0,122.0,122.0,1.0,122.0,122.0,122.0,1.0,0.0,3841.0,3841.0,3841.0,1.0,38.141818958800286,1.242351413704455,1.150756814982742,0.12805437808856368,3.3558223941363394,3.968731658998877,48.04708964610472,156.31893015901755,0.42339419557612157,0.1451875870530838,0.01615624250423463,7926.0,48.04708964610472,164.96316547744485,
320,3056.0,3056.0,0.0,3056.0,3056.0,3056.0,0.09462421387434006,1.0,0.19418004155158997,0.009101410396397114,0.03134807199239731,0.9862762689590454,1.1480817794799805,0.1380814015865326,0.006734112277626991,0.003515335964038968,1.1403913497924805,0.13134729862213135,0.0067341141402721405,0.0067341141402721405,0.008970402181148529,0.004497826099395752,1.0067594051361084,0.0007356405258178711,-0.5381479263305664,0.0,-0.006720463512465358,0.0,0.0,0.046001046895980835,0.001,4.6001048758625984e-05,0.0018310546875,3e-06,77.88953876495361,83.70703125,355.96177673339844,0.0,320.0,0.0,0.5333333611488342,0.5333333611488342,0.5333333611488342,0.5333333611488342,0.5333333611488342,0.5333333611488342,0.0,0.0,0.0,0.0,0.0,0.0,60.0,60.0,60.0,1.0,60.0,60.0,60.0,1.0,0.0,1468.0,1468.0,1468.0,1.0,18.089762296993285,1.125808543059975,0.9262423091568053,0.12129591638222337,3.117930091917515,4.95457232510671,327.1664471728727,150.7480191416107,1.0202650824337418,0.30308976084973993,0.039691072114601884,3056.0,327.1664471728727,9.340811157157654,298.78279207181185
321,3937.0,3937.0,0.0,3937.0,3937.0,3937.0,0.1880548596382141,1.0,0.031757503747940063,0.0016918828478083014,0.005521847866475582,0.9996749758720398,1.2938611507415771,0.24449971318244934,-0.0006011055083945394,0.00016342278104275465,1.294596552848816,0.24511459469795227,-0.0006148666143417358,0.0006148666143417358,-0.0003249645233154297,-0.000904768705368042,0.9993853569030762,0.0018676519393920898,0.15104007720947266,0.0,0.0005258875535218976,0.0,0.03338932991027832,0.022287921980023384,0.001,0.033411622047424316,0.70703125,3e-06,77.88953876495361,83.70703125,310.85297775268555,0.0,321.0,0.0,0.6000000238418579,0.6666666865348816,0.5333333611488342,0.6000000238418579,0.6666666865348816,0.5333333611488342,-0.03367137536406517,0.7070993185043335,-0.7070993185043335,-0.03367137536406517,0.7070993185043335,-0.7070993185043335,115.5,121.0,110.0,0.5,115.5,121.0,110.0,0.5,0.0,1853.0,1853.0,1853.0,1.0,34.154395072255284,1.221700329799205,1.078805581200868,0.13996093720197678,4.109231175854802,4.705095807090402,45.47185665322468,147.85452412231726,1.043746806160732,0.27401716565935175,0.0355501491496004,3937.0,45.47185665322468,86.58102593048186,
322,2987.0,2987.0,0.0,2987.0,2987.0,2987.0,0.05608901008963585,1.0,0.030945762991905212,0.0014436946948990226,0.005469607189297676,0.9992422461509705,1.0599546432495117,0.05822598934173584,0.0017807458061724901,0.00022773283126298338,1.0582067966461182,0.05657408386468887,0.0016519054770469666,0.0016519054770469666,0.00317952036857605,0.0001242905855178833,1.0016543865203857,-0.002701103687286377,-0.12912875413894653,0.0,-0.0019197826622985303,0.0,0.0,0.00991961220279336,0.001,9.91961314866785e-06,0.0003795623779296875,3e-06,77.88953876495361,83.70703125,310.7716255187988,0.0,322.0,0.0,0.4000000059604645,0.4000000059604645,0.4000000059604645,0.4000000059604645,0.4000000059604645,0.4000000059604645,0.0,0.0,0.0,0.0,0.0,0.0,41.5,45.0,38.0,0.5,41.5,45.0,38.0,0.5,0.0,1452.0,1452.0,1452.0,1.0,16.109395873732865,1.1397218997590244,1.1729272259399295,0.15143912797793746,3.4680107589811087,4.293016319163144,26.39757469203323,194.08910691244415,1.1610347368534009,0.39267734380312336,0.05069940675525191,2987.0,26.39757469203323,113.15433462535005,
323,2968.0,2968.0,0.0,2968.0,2968.0,2968.0,0.039643313735723495,1.0,0.13856279850006104,0.006466253660619259,0.02387475222349167,0.8762885928153992,1.0099916458129883,0.009942006319761276,-0.00363516085781157,0.00044136628275737166,1.013669729232788,0.013577166944742203,-0.003635161090642214,0.003635161090642214,-0.003387451171875,-0.0038828710094094276,0.9963715076446533,0.009115815162658691,0.32807326316833496,0.0,0.003824527491815388,0.0,0.0,0.0071260647382587194,0.001,7.126065156626282e-06,7.677078247070312e-05,3e-06,77.88953876495361,83.70703125,310.2862434387207,0.0,323.0,0.0,1.0,1.0,1.0,1.0,1.0,1.0,0.0,0.0,0.0,0.0,0.0,0.0,39.0,39.0,39.0,1.0,39.0,39.0,39.0,1.0,0.0,1445.0,1445.0,1445.0,1.0,12.077051960863173,1.0107144941575825,0.9061341281048954,0.12797008268535137,2.746088362764567,3.410561118274927,20.316340306773782,154.83399949824582,0.9252319281551776,0.3053012561000321,0.04311660467835289,2968.0,20.316340306773782,146.0893032496814,
324,846.0,846.0,0.0,846.0,846.0,846.0,0.652790904045105,1.0,0.036682724952697754,0.0044815875589847565,0.008493662811815739,0.9996110200881958,1.8987356424331665,0.6411281228065491,0.0021250450517982244,0.000499432091601193,1.8947033882141113,0.638980507850647,0.0021476149559020996,0.0021476149559020996,0.003974497318267822,0.00032073259353637695,1.002151608467102,-0.002247750759124756,-0.2608957290649414,0.0,-0.00039355056651402265,0.0,0.0,0.0011071684421040118,0.001,1.1071684866692522e-06,0.0002231597900390625,3e-06,77.88953876495361,83.70703125,310.5231056213379,0.0,324.0,0.0,0.0,0.0,0.0,0.0,0.0,0.0,0.0,0.0,0.0,0.0,0.0,0.0,81.0,82.0,80.0,0.5,81.0,82.0,80.0,0.5,0.0,342.0,342.0,342.0,1.0,28.132523817010224,1.378331569954753,1.1021289960481226,0.14514178782701492,3.8910189047455788,4.378553961869329,39.06288878712803,173.65755442598905,4.599313126176807,1.3027529504114925,0.17156239695864647,846.0,39.06288878712803,21.657384445125142,
325,1600.0,1600.0,0.0,1600.0,1600.0,1600.0,0.016276607289910316,1.0,0.27724120020866394,0.0054259938187897205,0.03685832768678665,0.9995017051696777,1.0149747133255005,0.01486349105834961,-0.015653204172849655,0.007974077016115189,1.0309871435165405,0.030516695231199265,-0.015653206035494804,0.015653206035494804,-0.0149531876668334,-0.016353223472833633,0.984468936920166,0.07498323917388916,3.7959346771240234,0.0,0.01566930767148733,0.0,0.0,0.015264889225363731,0.001,1.5264889952959493e-05,0.0019989013671875,3e-06,77.88953876495361,83.70703125,310.6159896850586,0.0,325.0,0.0,1.0,1.0,1.0,1.0,1.0,1.0,0.0,0.0,0.0,0.0,0.0,0.0,50.0,50.0,50.0,1.0,50.0,50.0,50.0,1.0,0.0,750.0,750.0,750.0,1.0,20.105445626191795,1.169415975920856,1.2723104539327323,0.13195240078493953,3.5676359669305384,4.4393161232583225,30.71695701405406,201.05445626191795,2.2297724793315865,0.7951940337079577,0.0824702504905872,1600.0,30.71695701405406,52.08849298672213,
326,3070.0,3070.0,0.0,3070.0,3070.0,3070.0,0.13250373303890228,1.0,0.03816640377044678,0.0016697229584679008,0.00576764764264226,0.9993656277656555,1.1110734939575195,0.1033206582069397,0.002378030912950635,0.0001704474852886051,1.1084301471710205,0.10102373361587524,0.0022969208657741547,0.0022969208657741547,0.0036555081605911255,0.0009383335709571838,1.002300500869751,-0.004095613956451416,-0.258220911026001,0.0,-0.0007018252217676491,0.0,0.0,0.05613860487937927,0.001,5.613860412267968e-05,0.00139617919921875,3e-06,77.88953876495361,83.70703125,311.1184272766113,0.0,326.0,0.0,0.4000000059604645,0.4000000059604645,0.4000000059604645,0.4000000059604645,0.4000000059604645,0.4000000059604645,0.0,0.0,0.0,0.0,0.0,0.0,67.0,71.0,63.0,0.5,67.0,71.0,63.0,0.5,0.0,1468.0,1468.0,1468.0,1.0,26.09495685901493,1.3770193322561681,1.097635833080858,0.13104783603921533,3.978898109868169,5.1049266047775745,37.833369358908385,194.73848402249948,1.2960580162437032,0.3575361019807355,0.042686591543718344,3070.0,37.833369358908385,81.14529718133937,
327,2970.0,2970.0,0.0,2970.0,2970.0,2970.0,1.0760196447372437,1.0,0.07966643571853638,0.0047681257128715515,0.009080087766051292,0.9996594190597534,3.0150723457336426,1.0561037063598633,0.000287761096842587,0.000870115589350462,3.013887405395508,1.0555062294006348,0.0005975663661956787,0.00067862868309021,0.0012761950492858887,-8.106231689453125e-05,1.0005979537963867,0.002935647964477539,-0.12152934074401855,0.0,0.0006572610000148416,0.0,0.0,0.0016081235371530056,0.001,1.6081236253739917e-06,0.000274658203125,3e-06,77.88953876495361,83.70703125,310.3965263366699,0.0,327.0,0.0,0.0,0.0,0.0,0.0,0.0,0.0,0.0,0.0,0.0,0.0,0.0,0.0,265.0,386.0,144.0,0.5,265.0,386.0,144.0,0.5,0.0,1220.0,1220.0,1220.0,1.0,88.34515357390046,1.115832339040935,0.8672017031349242,0.18109912099316716,2.8326339279301465,3.153693742118776,96.55068185413256,166.68896900735936,0.9537487972828776,0.2919871054326344,0.060976135014534395,2970.0,96.55068185413256,30.761046353738184,
328,806.0,806.0,0.0,806.0,806.0,806.0,1.0176299810409546,1.0,0.12134695053100586,0.012625021860003471,0.02314371056854725,0.9979318380355835,3.2173402309417725,1.1405420303344727,0.00031704711727797985,0.014272825792431831,3.2074475288391113,1.1402249336242676,0.0003170967102050781,0.012133479118347168,0.012450575828552246,-0.01181638240814209,1.0003907680511475,0.060958266258239746,1.2231829166412354,0.0,0.0018279128707945347,0.0,0.0,0.011335557326674461,0.001,1.133555815613363e-05,0.000461578369140625,3e-06,77.88953876495361,83.70703125,310.6463432312012,0.0,328.0,0.0,0.0,0.0,0.0,0.0,0.0,0.0,0.0,0.0,0.0,0.0,0.0,0.0,61.0,61.0,61.0,1.0,61.0,61.0,61.0,1.0,0.0,342.0,342.0,342.0,1.0,16.072323153726757,0.8939699865877628,0.9166654949076474,0.13042736006900668,2.6824949579313397,3.5008939187973738,24.2326122042723,131.74035371907178,3.328157516043846,1.137302102863086,0.16182054599132342,806.0,24.2326122042723,33.26096226051516,
329,3769.0,3769.0,0.0,3769.0,3769.0,3769.0,0.284640908241272,1.0,0.03253534436225891,0.002050037495791912,0.005900248885154724,0.9997435808181763,1.355304479598999,0.30395936965942383,0.001978609710931778,0.0004023091751150787,1.3526318073272705,0.301970899105072,0.0019884854555130005,0.0019884854555130005,0.003186166286468506,0.0007908046245574951,1.0019911527633667,-0.002365410327911377,-0.20485591888427734,0.0,-0.00019638112280517817,0.0,0.0,0.010580697562545538,0.001,1.0580697562545538e-05,0.00104522705078125,3e-06,77.88953876495361,83.70703125,310.7854347229004,0.0,329.0,0.0,0.5333333611488342,0.5333333611488342,0.5333333611488342,0.5333333611488342,0.5333333611488342,0.5333333611488342,0.0,0.0,0.0,0.0,0.0,0.0,60.5,61.0,60.0,0.5,60.5,61.0,60.0,0.5,0.0,1824.0,1824.0,1824.0,1.0,18.118523763027042,1.2389942212030292,1.027955484110862,0.20945856999605894,3.6442945431917906,5.0057327169924974,29.27557320287451,149.73986581014086,0.9669128530622952,0.27273958188136427,0.055574043511822484,3769.0,29.27557320287451,128.74214191747848,
330,825.0,825.0,0.0,825.0,825.0,825.0,0.735579252243042,1.0,0.03255641460418701,0.0031353856902569532,0.007229897193610668,0.9997510313987732,1.8330979347229004,0.5952158570289612,0.002558318665251136,0.00029210522188805044,1.827998161315918,0.5922043323516846,0.003011569380760193,0.003011569380760193,0.0045480430126190186,0.0014750957489013672,1.0030173063278198,-0.0039490461349487305,-0.29640519618988037,0.0,-0.0007963498355820775,0.0,0.0,0.0011328523105476052,0.001,1.1328523896736442e-06,0.00018215179443359375,3e-06,77.88953876495361,83.70703125,304.93084716796875,0.0,330.0,0.0,0.0,0.0,0.0,0.0,0.0,0.0,0.0,0.0,0.0,0.0,0.0,0.0,69.5,90.0,49.0,0.5,69.5,90.0,49.0,0.5,0.0,343.0,343.0,343.0,1.0,26.12744884006679,1.2220049849711359,1.1344984387978911,0.13584102084860206,3.7244177437387407,4.834948856849223,37.22245956910774,187.96725784220712,4.514445749986352,1.3751496227853226,0.16465578284679036,825.0,37.22245956910774,22.164037775856627,
331,3456.0,3456.0,0.0,3456.0,3456.0,3456.0,0.0025764505844563246,1.0,0.024094223976135254,0.0007369847153313458,0.003116231644526124,0.8842443227767944,1.0003678798675537,0.00036780041409656405,-0.0007349807419814169,5.2675604820251465e-06,1.001103401184082,0.001102781156077981,-0.000734980683773756,0.000734980683773756,-0.000644554034806788,-0.0008254073327407241,0.9992653131484985,0.0014911890029907227,0.07314741611480713,0.0,0.0007350842060986906,0.0,0.0,3.4881136343756225e-06,0.001,3.4881137978004517e-09,4.33996319770813e-07,3e-06,77.88953876495361,83.70703125,305.2893180847168,0.0,331.0,0.0,1.0,1.0,1.0,1.0,1.0,1.0,0.0,0.0,0.0,0.0,0.0,0.0,48.0,48.0,48.0,1.0,48.0,48.0,48.0,1.0,0.0,1680.0,1680.0,1680.0,1.0,18.09232026617974,1.2240673201158643,1.3162567308172584,0.1451263907365501,3.8055648719891906,4.4206142062321305,29.041205884888768,188.4616694393723,1.1011472430524278,0.38086132257443817,0.041992589912196204,3456.0,29.041205884888768,119.00332285438212,
332,6724.0,6724.0,0.0,6724.0,6724.0,6724.0,0.07536781579256058,1.0,0.3125345706939697,0.013535242527723312,0.046361371874809265,0.9461095929145813,1.0645520687103271,0.06226817145943642,0.017388934269547462,0.006729849614202976,1.0459227561950684,0.044879235327243805,0.017388934269547462,0.01753862015902996,0.03492755442857742,-0.00014968588948249817,1.0176974534988403,-0.012521624565124512,-0.4860358238220215,0.0,-0.01806652793311514,0.0,0.0,0.005640338524244726,0.001,5.640338713419624e-06,0.00072479248046875,3e-06,77.88953876495361,83.70703125,305.9150581359863,0.0,332.0,0.0,0.4000000059604645,0.4000000059604645,0.4000000059604645,0.4000000059604645,0.4000000059604645,0.4000000059604645,0.0,0.0,0.0,0.0,0.0,0.0,78.0,78.0,78.0,1.0,78.0,78.0,78.0,1.0,0.0,3284.0,3284.0,3284.0,1.0,24.116624648217112,1.110148505307734,1.1009920928627253,0.14336906792595983,3.1714389347471297,3.7214129879139364,33.40235927794129,154.5937477449815,0.4716595679278896,0.16374064438767477,0.021321991065728706,6724.0,33.40235927794129,201.30314580624514,
333,8876.0,8876.0,0.0,8876.0,8876.0,8876.0,0.011416132561862469,1.0,0.05393189191818237,0.0004425093356985599,0.004062931053340435,0.9978075623512268,1.0095044374465942,0.009459275752305984,0.0005343326483853161,5.351829531718977e-05,1.0089634656906128,0.00892295315861702,0.0005363232921808958,0.0005363232921808958,0.0009186114184558392,0.00015403516590595245,1.0005364418029785,-0.00086212158203125,-0.1768386960029602,0.0,6.410521018551663e-05,0.0,0.0035365521907806396,0.0036049874033778906,0.001,0.0035401582717895508,0.32421875,3e-06,77.88953876495361,83.70703125,305.8643341064453,0.0,333.0,0.0,0.7247863411903381,0.7384615540504456,0.7111111283302307,0.7247863411903381,0.7384615540504456,0.7111111283302307,-0.0036826475989073515,0.7070702314376831,-0.7070702314376831,-0.0036826475989073515,0.7070702314376831,-0.7070702314376831,192.0,193.0,191.0,0.5,192.0,193.0,191.0,0.5,0.0,4246.0,4246.0,4246.0,1.0,52.212040229700506,1.2377553130500019,1.1524853673763573,0.12453076802194118,3.7754701427184045,3.2179906917735934,61.75482519110665,135.96885476484508,0.4253571589362781,0.12984287600004027,0.014030054982192562,8876.0,61.75482519110665,143.72965954534413,
334,3744.0,3744.0,0.0,3744.0,3744.0,3744.0,0.27154096961021423,1.0,0.026887476444244385,0.0016320841386914253,0.004913903772830963,0.9998708963394165,1.3935904502868652,0.3310178518295288,-0.006667770445346832,0.0005159887368790805,1.4020166397094727,0.3368770480155945,-0.005859166383743286,0.005859166383743286,-0.0019779205322265625,-0.00974041223526001,0.9941654205322266,0.015533924102783203,1.1287636756896973,0.0,0.00014358334010466933,0.0,0.1483135223388672,0.05374251306056976,0.001,0.1483672559261322,1.203125,3e-06,77.88953876495361,83.70703125,306.064022064209,0.0,334.0,0.0,0.36000001430511475,0.4000000059604645,0.3199999928474426,0.36000001430511475,0.4000000059604645,0.3199999928474426,-0.14731158316135406,0.7070940136909485,-0.7070945501327515,-0.14731158316135406,0.7070940136909485,-0.7070945501327515,48.0,58.0,38.0,0.5,48.0,58.0,38.0,0.5,0.0,1824.0,1824.0,1824.0,1.0,20.100816353224218,1.1922226771712303,1.2540783220902085,0.13762674573808908,3.1505546350963414,3.3669209089130163,29.228788088075817,209.38350367941894,0.841494293562057,0.3349568167975984,0.03675928037876311,3744.0,29.228788088075817,128.09289214175126,
335,2843.0,2843.0,0.0,2843.0,2843.0,2843.0,0.648922324180603,1.0,0.04683905839920044,0.004270186647772789,0.00842917151749134,0.9996057748794556,1.8481167554855347,0.6131513118743896,0.0011158852139487863,0.0006121665937826037,1.845599889755249,0.6117109656333923,0.0014403462409973145,0.0016909241676330566,0.003131270408630371,-0.0002505779266357422,1.001442790031433,0.00020897388458251953,-0.21780943870544434,0.0,-0.003383338887942955,0.0,0.0,0.0015102052711881697,0.001,1.5102052657312015e-06,0.0003719329833984375,3e-06,77.88953876495361,83.70703125,306.02104568481445,0.0,335.0,0.0,0.0,0.0,0.0,0.0,0.0,0.0,0.0,0.0,0.0,0.0,0.0,0.0,148.5,177.0,120.0,0.5,148.5,177.0,120.0,0.5,0.0,1273.0,1273.0,1273.0,1.0,42.14488663105294,0.9336367789655924,0.9184771212749183,0.12643565377220511,3.02166665205732,4.435267815832049,51.63651136215776,141.90197518873043,1.0628444080398594,0.32306616998766036,0.04447261828076156,2843.0,51.63651136215776,55.05794107700924,
336,8005.0,8005.0,0.0,8005.0,8005.0,8005.0,0.015537600964307785,1.0,0.01790720224380493,0.0002897749945987016,0.0017378153279423714,0.9997747540473938,1.028965950012207,0.02850276231765747,-3.222530267521506e-06,4.9668113206280395e-05,1.028974175453186,0.028503645211458206,-8.828938007354736e-07,0.0006701461970806122,0.0006692633032798767,-0.0006710290908813477,0.9999993443489075,0.0002071857452392578,0.019495606422424316,0.0,0.00013369057433010312,0.0,-0.0025742948055267334,0.022073390893638134,0.001,-0.002552241086959839,0.3203125,3e-06,77.88953876495361,83.70703125,305.2600288391113,0.0,336.0,0.0,0.8428571224212646,1.0,0.6857143044471741,0.8428571224212646,1.0,0.6857143044471741,0.00246389489620924,0.7071037292480469,-0.7071034908294678,0.00246389489620924,0.7071037292480469,-0.7071034908294678,143.5,144.0,143.0,0.5,143.5,144.0,143.0,0.5,0.0,3859.0,3859.0,3859.0,1.0,38.14620816381648,1.2452668640762568,1.1582462517544627,0.16171019012108445,3.4910083459690213,3.4089664248749614,47.66193402605131,132.9136172955278,0.43610347857202014,0.1446903500005575,0.020201148047605803,8005.0,47.66193402605131,167.95373841994294,
337,3758.0,3758.0,0.0,3758.0,3758.0,3758.0,0.09310326725244522,1.0,0.14204192161560059,0.011887325905263424,0.029423734173178673,0.9744556546211243,1.0582976341247559,0.0564466267824173,-0.011712074279785156,0.0010449544060975313,1.0706861019134521,0.06815870106220245,-0.011712072417140007,0.011712072417140007,-0.007763102650642395,-0.01566104218363762,0.9883639812469482,0.027756690979003906,1.680649995803833,0.0,0.010936093516647816,0.0,0.0041037797927856445,0.0015816972008906305,0.001,0.004105359315872192,0.60546875,3e-06,77.88953876495361,83.70703125,305.8368377685547,0.0,337.0,0.0,0.34285715222358704,0.4571428596973419,0.22857142984867096,0.34285715222358704,0.4571428596973419,0.22857142984867096,-2.9802322387695312e-08,0.7071024179458618,-0.7071024775505066,-2.9802322387695312e-08,0.7071024179458618,-0.7071024775505066,40.0,40.0,40.0,1.0,40.0,40.0,40.0,1.0,0.0,1839.0,1839.0,1839.0,1.0,12.061301623936743,0.8669223873876035,0.8912158119492233,0.12000388884916902,2.8873570836149156,3.314940684940666,20.172876383643597,150.76627029920928,0.7683228003232878,0.23715162638350806,0.03193291347769266,3758.0,20.172876383643597,186.28974512762247,
338,3422.0,3422.0,0.0,3422.0,3422.0,3422.0,0.02683512307703495,1.0,0.047811299562454224,0.0015981730539351702,0.006749921012669802,0.9997497797012329,1.0305882692337036,0.03012934699654579,-0.003634474938735366,0.00018567568622529507,1.034340262413025,0.0337638184428215,-0.003634474240243435,0.003634474240243435,-0.0026936717331409454,-0.004575276747345924,0.9963725805282593,0.008042693138122559,0.27354180812835693,0.0,0.00858474476262927,0.0,0.0,0.0023516046348959208,0.001,2.351604734940338e-06,0.000461578369140625,3e-06,77.88953876495361,83.70703125,305.8040962219238,0.0,338.0,0.0,0.3199999928474426,0.3199999928474426,0.3199999928474426,0.3199999928474426,0.3199999928474426,0.3199999928474426,0.0,0.0,0.0,0.0,0.0,0.0,33.0,33.0,33.0,1.0,33.0,33.0,33.0,1.0,0.0,1678.0,1678.0,1678.0,1.0,10.07523101195693,0.9794465652666986,0.8983518732711673,0.13045529602095485,2.6839118283241987,3.375289395917207,18.199666907079518,152.65501533268076,0.7843108791128576,0.26252246442757665,0.03812252952102713,3422.0,18.199666907079518,188.0254192272536,
339,3840.0,3840.0,0.0,3840.0,3840.0,3840.0,0.033941905945539474,1.0,0.3737465739250183,0.007828392088413239,0.041872795671224594,0.9732211232185364,1.0329506397247314,0.032418034970760345,0.015826286748051643,0.00640235235914588,1.0167303085327148,0.01659175008535385,0.015826284885406494,0.015826284885406494,0.018095072358846664,0.013557499274611473,1.0159547328948975,-0.012362778186798096,-0.9014428853988647,0.0,-0.016509818844497204,0.0,0.0,0.006711416644975543,0.001,6.711416972393636e-06,0.000576019287109375,3e-06,77.88953876495361,83.70703125,306.78055572509766,0.0,339.0,0.0,1.0,1.0,1.0,1.0,1.0,1.0,0.0,0.0,0.0,0.0,0.0,0.0,75.0,75.0,75.0,1.0,75.0,75.0,75.0,1.0,0.0,1845.0,1845.0,1845.0,1.0,22.09693919867277,0.922772821970284,0.8375550941564143,0.12305540591478348,2.7008373462595046,3.474604253657162,30.19157156487927,147.3129279911518,0.703343058921746,0.21811330576989954,0.03204567862364153,3840.0,30.19157156487927,127.18781437886224,
340,2987.0,2987.0,0.0,2987.0,2987.0,2987.0,0.07532551884651184,1.0,0.03822645545005798,0.0016463425708934665,0.00690873060375452,0.999299943447113,1.1479709148406982,0.1316794902086258,-0.002064214088022709,0.00011210484808543697,1.1504603624343872,0.13375356793403625,-0.0020740805193781853,0.0020740805193781853,-0.0012545343488454819,-0.0028936266899108887,0.9979283809661865,0.0045855045318603516,0.18946409225463867,0.0,0.000540143548278138,0.0,0.0,0.09821741003543139,0.001,9.821741696214303e-05,0.00830078125,3e-06,77.88953876495361,83.70703125,306.95018768310547,0.0,340.0,0.0,0.4000000059604645,0.4000000059604645,0.4000000059604645,0.4000000059604645,0.4000000059604645,0.4000000059604645,0.0,0.0,0.0,0.0,0.0,0.0,41.5,42.0,41.0,0.5,41.5,42.0,41.0,0.5,0.0,1452.0,1452.0,1452.0,1.0,12.133108598180115,0.8584126830101013,0.9385612979531288,0.1280500809662044,2.7864648308604956,4.5322658801451325,315.31352101499215,146.18203130337488,0.9328640210446922,0.3142153659032905,0.04286912653706207,2987.0,315.31352101499215,9.473111049551147,293.8845754209906
341,1933.0,1933.0,0.0,1933.0,1933.0,1933.0,0.8338924646377563,1.0,0.03583604097366333,0.0026765225920826197,0.006005685776472092,0.9998481869697571,2.721660614013672,0.9616985321044922,-0.0004971590242348611,0.00047870082198642194,2.7215232849121094,0.9620180726051331,-0.00031957030296325684,0.0013447701930999756,0.0010251998901367188,-0.0016643404960632324,0.9996813535690308,0.0029348134994506836,0.36530542373657227,0.0,0.0,0.0,0.0,0.001277616829611361,0.001,1.2776168887285166e-06,0.00021839141845703125,3e-06,77.88953876495361,83.70703125,357.5896530151367,0.0,341.0,0.0,0.0,0.0,0.0,0.0,0.0,0.0,0.0,0.0,0.0,0.0,0.0,0.0,185.5,210.0,161.0,0.5,185.5,210.0,161.0,0.5,0.0,781.0,781.0,781.0,1.0,54.16940293321386,1.0263855601660907,0.8824258018285036,0.13382438011467457,2.7920663179829717,3.647427269257605,62.684643630404025,146.009172326722,1.4444212715897422,0.4565058467814297,0.06923144341162678,1933.0,62.684643630404025,30.83689860944562,
342,795.0,795.0,0.0,795.0,795.0,795.0,0.5030065774917603,1.0,0.061420738697052,0.005128806922584772,0.010517298243939877,0.9993684887886047,1.6882117986679077,0.5180992484092712,-0.0037805463653057814,0.0005708321114070714,1.6948891878128052,0.5218924880027771,-0.0037932246923446655,0.0037932246923446655,-0.002337545156478882,-0.005248904228210449,0.9962149858474731,0.009877562522888184,0.5653162002563477,0.0,0.001708197989501059,0.0,0.0,0.0013006277149543166,0.001,1.300627786804398e-06,0.00022792816162109375,3e-06,77.88953876495361,83.70703125,357.80725479125977,0.0,342.0,0.0,0.0,0.0,0.0,0.0,0.0,0.0,0.0,0.0,0.0,0.0,0.0,0.0,57.5,58.0,57.0,0.5,57.5,58.0,57.0,0.5,0.0,340.0,340.0,340.0,1.0,16.083196667023003,0.913440530654043,0.8594511491246521,0.129865740891546,3.0104063972830772,3.7098407191224396,24.761683641001582,139.85388406106958,3.786674713563619,1.081070627829751,0.16335313319691322,795.0,24.761683641001582,32.10605593408038,
343,1513.0,1513.0,0.0,1513.0,1513.0,1513.0,0.02750997431576252,1.0,0.02782571315765381,0.0006040779408067465,0.0035612520296126604,0.9993472695350647,1.026444435119629,0.026013176888227463,0.0008039753884077072,1.3579183359979652e-05,1.0257477760314941,0.02532472088932991,0.0006884559988975525,0.0007036253809928894,0.001392081379890442,-1.5169382095336914e-05,1.000688910484314,-0.0015543699264526367,-0.051022469997406006,0.0,0.002914141383371316,0.0,-0.11781743168830872,0.00024762615430518053,0.001,-0.11781716346740723,0.81640625,3e-06,77.88953876495361,83.70703125,357.80028915405273,0.0,343.0,0.0,0.8199999928474426,1.0,0.6399999856948853,0.8199999928474426,1.0,0.6399999856948853,0.11609169840812683,0.707103967666626,-0.707103967666626,0.11609169840812683,0.707103967666626,-0.707103967666626,33.5,39.0,28.0,0.5,33.5,39.0,28.0,0.5,0.0,723.0,723.0,723.0,1.0,10.070021165069193,0.9123728098347783,0.9081978476606309,0.14945879532024264,2.8629413773305714,3.546274428255856,18.483340312726796,150.29882335924168,1.8922282731861013,0.6002629528490621,0.0987830768805305,1513.0,18.483340312726796,81.85749839590501,
344,5780.0,5780.0,0.0,5780.0,5780.0,5780.0,1.182722806930542,1.0,0.05299860239028931,0.004843335133045912,0.008359668776392937,0.9996871948242188,2.840303897857666,0.8215785622596741,-0.0005184179753996432,0.000659572659060359,2.8418917655944824,0.8224115371704102,-0.0008329823613166809,0.0008329823613166809,-0.00037539005279541016,-0.0012905746698379517,0.9991674423217773,0.003677845001220703,0.2421056032180786,0.0,0.0005402382885222323,0.0,0.485651895403862,0.0016583670148975216,0.001,0.4856535494327545,0.75,3e-06,77.88953876495361,83.70703125,307.5163116455078,0.0,344.0,0.0,0.10000000149011612,0.20000000298023224,0.0,0.10000000149011612,0.20000000298023224,0.0,-0.4861324429512024,0.7071017622947693,-0.7071017622947693,-0.4861324429512024,0.7071017622947693,-0.7071017622947693,208.0,351.0,65.0,0.5,208.0,351.0,65.0,0.5,0.0,2682.0,2682.0,2682.0,1.0,66.21616116305813,1.0658089462667704,0.9941266137175262,0.09447485208511353,3.9322690437547863,5.438035098835826,77.775318257045,159.17346433427434,0.6803233639714164,0.17199422382656163,0.016345130118531753,5780.0,77.775318257045,74.31663578536934,
345,834.0,834.0,0.0,834.0,834.0,834.0,0.7758306860923767,1.0,0.04235902428627014,0.0037663504481315613,0.007692929822951555,0.9997255802154541,2.0464069843292236,0.6973729133605957,0.000324336055200547,0.00041886529652401805,2.045509099960327,0.6971309185028076,0.00024193525314331055,0.0010299086570739746,0.0012718439102172852,-0.0007879734039306641,1.0002424716949463,0.001029372215270996,-0.03566330671310425,0.0,-0.0004187044978607446,0.0,0.0,0.0010875952430069447,0.001,1.087595251192397e-06,0.00023174285888671875,3e-06,77.88953876495361,83.70703125,307.3850975036621,0.0,345.0,0.0,0.0,0.0,0.0,0.0,0.0,0.0,0.0,0.0,0.0,0.0,0.0,0.0,75.0,81.0,69.0,0.5,75.0,81.0,69.0,0.5,0.0,342.0,342.0,342.0,1.0,30.156686833128333,1.1852030060254037,1.1411448833532631,0.1381987500935793,3.719705495983362,3.5560199241153896,39.93373803794384,201.04457888752222,4.460078532354151,1.3682792366346082,0.16570593536400394,834.0,39.93373803794384,20.884596358286274,
346,818.0,818.0,0.0,818.0,818.0,818.0,0.7455360889434814,1.0,0.18684285879135132,0.01984056830406189,0.03609560430049896,0.9935492277145386,2.1537022590637207,0.7631136178970337,-0.007752525620162487,0.0142612149938941,2.1715574264526367,0.7708661556243896,-0.007752537727355957,0.007752537727355957,-0.0023246407508850098,-0.013180434703826904,0.992292046546936,0.08028662204742432,2.7716400623321533,0.0,0.006134972885774914,0.0,0.0,0.013645811006426811,0.001,1.3645811122842133e-05,0.00066375732421875,3e-06,77.88953876495361,83.70703125,307.0886878967285,0.0,346.0,0.0,0.0,0.0,0.0,0.0,0.0,0.0,0.0,0.0,0.0,0.0,0.0,0.0,69.0,69.0,69.0,1.0,69.0,69.0,69.0,1.0,0.0,340.0,340.0,340.0,1.0,18.084729083813727,1.0451071741990745,0.85410510096699,0.1351887066848576,2.799524585250765,3.550934666302055,26.52304175775498,131.04876147691107,3.422401693460593,1.044138265240819,0.1652673675854005,818.0,26.52304175775498,30.841108175717732,
347,2403.0,2403.0,0.0,2403.0,2403.0,2403.0,0.6218644976615906,1.0,0.048428356647491455,0.004675569478422403,0.008829823695123196,0.9995664358139038,1.9710197448730469,0.6785098314285278,0.0006224106764420867,0.0007336086709983647,1.9697932004928589,0.6778856515884399,0.0006241500377655029,0.0006241500377655029,0.0008050203323364258,0.0004432797431945801,1.000624418258667,0.0017135143280029297,-0.27130067348480225,0.0,0.0003127364325337112,0.0,0.0,0.0020007671555504203,0.001,2.0007673811051063e-06,0.000255584716796875,3e-06,77.88953876495361,83.70703125,312.2224998474121,0.0,347.0,0.0,0.0,0.0,0.0,0.0,0.0,0.0,0.0,0.0,0.0,0.0,0.0,0.0,257.5,260.0,255.0,0.5,257.5,260.0,255.0,0.5,0.0,944.0,944.0,944.0,1.0,68.2071804641746,1.0244724489748478,1.0955159389413893,0.12473346618935466,3.362950130365789,4.005223971325904,77.85243689827621,132.44112711490214,1.399479871146812,0.4558951056768162,0.05190739333722624,2403.0,77.85243689827621,30.866085838004214,
348,3016.0,3016.0,0.0,3016.0,3016.0,3016.0,0.06786676496267319,1.0,0.02060091495513916,0.0011049954919144511,0.0034517792519181967,0.9996518492698669,1.0649082660675049,0.06218689680099487,-0.0006378355901688337,0.0003636156616266817,1.065582513809204,0.06276581436395645,-0.000578918494284153,0.0014140522107481956,0.0008351337164640427,-0.0019929707050323486,0.9994223117828369,0.0028238296508789062,0.07329463958740234,0.0,-0.003152162302285433,0.0,0.0,0.07278004661202431,0.001,7.278005068656057e-05,0.00119781494140625,3e-06,77.88953876495361,83.70703125,311.24716567993164,0.0,348.0,0.0,0.4000000059604645,0.4000000059604645,0.4000000059604645,0.4000000059604645,0.4000000059604645,0.4000000059604645,0.0,0.0,0.0,0.0,0.0,0.0,48.0,50.0,46.0,0.5,48.0,50.0,46.0,0.5,0.0,1460.0,1460.0,1460.0,1.0,16.0804029321298,1.0026877988129854,1.1182030737400055,0.1246982729062438,2.991261411923915,4.370634167920798,25.719610480125993,167.50419720968543,0.9917975503726509,0.37075698731432544,0.04134558120233548,3016.0,25.719610480125993,117.26460641114754,
349,3076.0,3076.0,0.0,3076.0,3076.0,3076.0,0.044477757066488266,1.0,0.013768315315246582,0.000340736354701221,0.0014586629113182425,0.9999028444290161,1.044923186302185,0.04384060204029083,6.13277152297087e-05,1.5277129250534927e-06,1.0448592901229858,0.043782059103250504,5.854479968547821e-05,0.000180685892701149,0.0002392306923866272,-0.00012214109301567078,1.0000585317611694,-0.00011664628982543945,-0.007664501667022705,0.0,0.0007727949850959703,0.0,0.0,0.040160804986953735,0.001,4.0160804928746074e-05,0.000675201416015625,3e-06,77.88953876495361,83.70703125,311.45745849609375,0.0,349.0,0.0,0.4000000059604645,0.4000000059604645,0.4000000059604645,0.4000000059604645,0.4000000059604645,0.4000000059604645,0.0,0.0,0.0,0.0,0.0,0.0,65.0,66.0,64.0,0.5,65.0,66.0,64.0,0.5,0.0,1473.0,1473.0,1473.0,1.0,22.10213024308905,1.4171226918697357,1.0990594942122698,0.09471329767256975,3.6711093499325216,4.465723915025592,32.88651918806136,170.0163864853004,1.19346857930186,0.3573015260768107,0.030791059061303562,3076.0,32.88651918806136,93.53376629523827,
350,832.0,832.0,0.0,832.0,832.0,832.0,0.8973793387413025,1.0,0.029695570468902588,0.0032243533059954643,0.006441766861826181,0.9998036623001099,2.1306357383728027,0.7557187080383301,-0.0022853428963571787,0.00038123782724142075,2.135739803314209,0.7580731511116028,-0.0023544132709503174,0.0023544132709503174,-0.0013455748558044434,-0.0033632516860961914,0.9976488351821899,0.0061304569244384766,0.4067704677581787,0.0,0.0002080923004541546,0.0,0.0,0.0013084958773106337,0.001,1.3084959391562734e-06,0.000354766845703125,3e-06,77.88953876495361,83.70703125,311.7299995422363,0.0,350.0,0.0,0.0,0.0,0.0,0.0,0.0,0.0,0.0,0.0,0.0,0.0,0.0,0.0,73.0,78.0,68.0,0.5,73.0,78.0,68.0,0.5,0.0,343.0,343.0,343.0,1.0,24.106408673804253,0.9879870638251305,0.8616750813089311,0.132311733905226,2.9688428547233343,3.2678820989094675,32.35960891470313,165.11238817674146,3.5683207388501614,1.035667165034773,0.15902852632839662,832.0,32.35960891470313,25.711064747199924,
351,804.0,804.0,0.0,804.0,804.0,804.0,0.9912610650062561,1.0,0.05451083183288574,0.004764113109558821,0.008647906593978405,0.9996258020401001,3.0906078815460205,0.9696635007858276,-0.0002885674766730517,0.0006073786644265056,3.0954654216766357,0.9696192741394043,4.41819429397583e-05,0.003089502453804016,0.0031336843967437744,-0.003045320510864258,1.0000488758087158,0.0030170679092407227,0.1228342056274414,0.0,0.0,0.0,0.0,0.0009576270531397313,0.001,9.576270940669929e-07,0.00018310546875,3e-06,77.88953876495361,83.70703125,311.7478561401367,0.0,351.0,0.0,0.0,0.0,0.0,0.0,0.0,0.0,0.0,0.0,0.0,0.0,0.0,0.0,65.0,72.0,58.0,0.5,65.0,72.0,58.0,0.5,0.0,337.0,337.0,337.0,1.0,20.07885674899444,1.1385076390579343,0.9036687430925667,0.12640881584957242,3.0413802741095424,4.462475037202239,29.78474775189534,154.45274422303416,3.7828112862058987,1.1239660983738393,0.15722489533528908,804.0,29.78474775189534,26.993681688938857,
352,3084.0,3084.0,0.0,3084.0,3084.0,3084.0,0.08325078338384628,1.0,0.03931908309459686,0.0013904235092923045,0.005338555667549372,0.9996733069419861,1.1600024700164795,0.14681875705718994,-0.002578573301434517,0.0004311389056965709,1.1629869937896729,0.14936131238937378,-0.002542562782764435,0.002542562782764435,-0.0020673274993896484,-0.003017798066139221,0.9974607825279236,0.0069561004638671875,0.41093480587005615,0.0,0.00022902320779394358,0.0,0.053152233362197876,0.08112325146794319,0.001,0.05323335528373718,0.79296875,3e-06,77.88953876495361,83.70703125,312.4969673156738,0.0,352.0,0.0,0.36000001430511475,0.4000000059604645,0.3199999928474426,0.36000001430511475,0.4000000059604645,0.3199999928474426,-0.05356801301240921,0.7070940136909485,-0.7070945501327515,-0.05356801301240921,0.7070940136909485,-0.7070945501327515,66.0,71.0,61.0,0.5,66.0,71.0,61.0,0.5,0.0,1476.0,1476.0,1476.0,1.0,26.125587426126003,1.2562724817544222,1.089676262345165,0.1374897612258792,3.834065987728536,4.492079527117312,36.9856312116608,197.92111686459094,1.2432120582777355,0.35333212138299774,0.04458163463874163,3084.0,36.9856312116608,83.383733059764,
353,3088.0,3088.0,0.0,3088.0,3088.0,3088.0,0.1876833736896515,1.0,0.05865269899368286,0.0022476313170045614,0.007611317094415426,0.9991328716278076,1.1302459239959717,0.1216122955083847,-0.0007162245456129313,0.00012468257045838982,1.1310460567474365,0.1223190501332283,-0.000706750899553299,0.000706750899553299,-0.0006836876273155212,-0.0007298141717910767,0.9992935061454773,0.0019336938858032227,0.14780592918395996,0.0,0.0002951139031210914,0.0,-0.2902018576860428,0.06325108837336302,0.001,-0.2901386022567749,1.046875,3e-06,77.88953876495361,83.70703125,312.31058502197266,0.0,353.0,0.0,0.36000001430511475,0.4000000059604645,0.3199999928474426,0.36000001430511475,0.4000000059604645,0.3199999928474426,0.2902805209159851,0.7070940136909485,-0.7070945501327515,0.2902805209159851,0.7070940136909485,-0.7070945501327515,95.0,134.0,56.0,0.5,95.0,134.0,56.0,0.5,0.0,1449.0,1449.0,1449.0,1.0,34.13964348612353,1.4276608699001372,1.0669138231314719,0.13594568194821477,3.845761709846556,4.491115691140294,45.143624673597515,179.68233413749226,1.2453891547430558,0.3455031810658912,0.04402386073452551,3088.0,45.143624673597515,68.40390027002047,
354,6647.0,6647.0,0.0,6647.0,6647.0,6647.0,0.0764586329460144,1.0,0.04885903000831604,0.0011216370621696115,0.004697281401604414,0.9995414614677429,1.1048567295074463,0.09970250725746155,0.0004914845339953899,0.00012336512736510485,1.1044201850891113,0.09930624812841415,0.00039625540375709534,0.00039625540375709534,0.0005788281559944153,0.0002136826515197754,1.0003963708877563,-0.0004993677139282227,-0.14909100532531738,0.0,0.000177738256752491,0.0,0.36822137236595154,0.0013591318274848163,0.001,0.368222713470459,0.412109375,3e-06,77.88953876495361,83.70703125,311.86883544921875,0.0,354.0,0.0,0.30000001192092896,0.6000000238418579,0.0,0.30000001192092896,0.6000000238418579,0.0,-0.36883583664894104,0.7071051001548767,-0.7071051001548767,-0.36883583664894104,0.7071051001548767,-0.7071051001548767,173.5,264.0,83.0,0.5,173.5,264.0,83.0,0.5,0.0,3150.0,3150.0,3150.0,1.0,46.20394957996905,1.0859188009053469,0.9794481410644948,0.17258218303322792,3.1249829386360943,3.526503723114729,55.183862084988505,133.15259244947853,0.47013433708982916,0.1473519092920859,0.025963921021999084,6647.0,55.183862084988505,120.45188119966984,
355,8006.0,8006.0,0.0,8006.0,8006.0,8006.0,0.015284175053238869,1.0,0.10342037677764893,0.002380371792241931,0.012651572935283184,0.9726098775863647,1.0077930688858032,0.00776280602440238,0.0028204619884490967,0.00014585685858037323,1.0049545764923096,0.004942344501614571,0.0028204612899571657,0.0028204612899571657,0.003168504685163498,0.0024724178947508335,1.0028245449066162,-0.0050814151763916016,-0.5413256883621216,0.0,-0.0021451772190630436,0.0,0.0,0.0006938197475392371,0.001,6.938197998351825e-07,4.7206878662109375e-05,3e-06,77.88953876495361,83.70703125,312.43571853637695,0.0,355.0,0.0,0.6095238327980042,0.6095238327980042,0.6095238327980042,0.6095238327980042,0.6095238327980042,0.6095238327980042,0.0,0.0,0.0,0.0,0.0,0.0,139.0,139.0,139.0,1.0,139.0,139.0,139.0,1.0,0.0,3864.0,3864.0,3864.0,1.0,36.12485352018848,1.1913581802509725,1.2245298898778856,0.12110118940472603,3.3801672542467713,3.4567358447238803,45.53104082401842,129.9455162596708,0.42220425359065344,0.1529515225927911,0.01512630394763003,8006.0,45.53104082401842,175.83608578033417,
356,3136.0,3136.0,0.0,3136.0,3136.0,3136.0,0.0555676706135273,1.0,0.03116968274116516,0.0012814352521672845,0.005036830902099609,0.999403178691864,1.0700984001159668,0.06763429939746857,-0.0007225972367450595,0.00011244673805776983,1.0708239078521729,0.0682905912399292,-0.0006562862545251846,0.00134274922311306,0.0006864629685878754,-0.0019990354776382446,0.9993448257446289,0.0018976926803588867,0.15219950675964355,0.0,0.001856940914876759,0.0,0.034474730491638184,0.03499346598982811,0.001,0.03450971841812134,0.53125,3e-06,77.88953876495361,83.70703125,313.04480743408203,0.0,356.0,0.0,0.2142857164144516,0.22857142984867096,0.20000000298023224,0.2142857164144516,0.22857142984867096,0.20000000298023224,-0.03491712361574173,0.7070717811584473,-0.7070717811584473,-0.03491712361574173,0.7070717811584473,-0.7070717811584473,81.0,85.0,77.0,0.5,81.0,85.0,77.0,0.5,0.0,1487.0,1487.0,1487.0,1.0,28.094380259048194,1.2634623209014535,1.1855626101605594,0.12086691102012992,3.6114971600472927,5.082740819081664,39.38889446714893,173.422100364495,1.1516253699130399,0.3780493017093621,0.03854174458550061,3136.0,39.38889446714893,79.61634979665352,
357,3017.0,3017.0,0.0,3017.0,3017.0,3017.0,0.07190274447202682,1.0,0.025459647178649902,0.0011786078102886677,0.004546058364212513,0.9993359446525574,1.0509144067764282,0.04945271834731102,-0.0007637006929144263,6.197678885655478e-05,1.051703929901123,0.050174374133348465,-0.0007216557860374451,0.0013875439763069153,0.0006658881902694702,-0.0021091997623443604,0.9992796182632446,0.0017815828323364258,0.08905410766601562,0.0,0.00048195611452683806,0.0,0.0,0.04244113340973854,0.001,4.2441133700776845e-05,0.001068115234375,3e-06,77.88953876495361,83.70703125,312.9154357910156,0.0,357.0,0.0,0.4000000059604645,0.4000000059604645,0.4000000059604645,0.4000000059604645,0.4000000059604645,0.4000000059604645,0.0,0.0,0.0,0.0,0.0,0.0,49.5,51.0,48.0,0.5,49.5,51.0,48.0,0.5,0.0,1459.0,1459.0,1459.0,1.0,18.094684667885303,1.270918081048876,1.0121374232694507,0.13152088318020105,3.415099682752043,4.388111724052578,28.34442799910903,182.77459260490207,1.1319521653139022,0.33547809853147187,0.043593265886709,3017.0,28.34442799910903,106.44067328135306,
358,2062.0,2062.0,0.0,2062.0,2062.0,2062.0,0.7269842028617859,1.0,0.034995079040527344,0.003877151058986783,0.007885792292654514,0.9996629357337952,1.8165175914764404,0.5967392921447754,-0.002012478420510888,0.0004431121051311493,1.8202835321426392,0.59879469871521,-0.0020554065704345703,0.0020554065704345703,-0.0012543201446533203,-0.0028564929962158203,0.9979469776153564,0.005805373191833496,0.25657427310943604,0.0,-0.0005899688112549484,0.0,0.0,0.0008760579512454569,0.001,8.760579817135294e-07,0.00014400482177734375,3e-06,77.88953876495361,83.70703125,312.7948303222656,0.0,358.0,0.0,0.4000000059604645,0.4000000059604645,0.4000000059604645,0.4000000059604645,0.4000000059604645,0.4000000059604645,0.0,0.0,0.0,0.0,0.0,0.0,56.0,59.0,53.0,0.5,56.0,59.0,53.0,0.5,0.0,975.0,975.0,975.0,1.0,14.073130504693836,1.207807267550379,0.9681677711196244,0.1429759068414569,2.764494535047561,3.5768115650862455,22.764541141688824,125.6529509347664,1.3406860014779636,0.469528501997878,0.06933846112582778,2062.0,22.764541141688824,90.57946686321951,
359,810.0,810.0,0.0,810.0,810.0,810.0,1.1211092472076416,1.0,0.03089308738708496,0.0015065810875967145,0.003899994306266308,0.9999451637268066,2.8159728050231934,1.0246543884277344,0.000938230543397367,0.00026220129802823067,2.8135035037994385,1.0240938663482666,0.0005604922771453857,0.0021975338459014893,0.002758026123046875,-0.0016370415687561035,1.0005630254745483,-0.0008379220962524414,-0.0746580958366394,0.0,0.0,0.0,0.0,0.0013002385385334492,0.001,1.300238636758877e-06,0.000408172607421875,3e-06,77.88953876495361,83.70703125,312.6943359375,0.0,359.0,0.0,0.0,0.0,0.0,0.0,0.0,0.0,0.0,0.0,0.0,0.0,0.0,0.0,64.0,75.0,53.0,0.5,64.0,75.0,53.0,0.5,0.0,341.0,341.0,341.0,1.0,18.102973653003573,0.9392204298637807,0.8591641411185265,0.12352666491642594,2.9533096412196755,3.163290821015835,26.20123674115166,141.42948166409042,3.6460612854563896,1.0606964705166992,0.15250205545237772,810.0,26.20123674115166,30.914571247234832,
360,3099.0,3099.0,0.0,3099.0,3099.0,3099.0,0.03986233100295067,1.0,0.03097131848335266,0.0007970127044245601,0.004115942865610123,0.9993255138397217,1.0185163021087646,0.0183459110558033,0.0008954880759119987,2.988776941492688e-05,1.0176055431365967,0.017451642081141472,0.0008942680433392525,0.0008942680433392525,0.0010688435286283493,0.0007196925580501556,1.0008946657180786,-0.0016737580299377441,-0.11990070343017578,0.0,-0.00027041292923968285,0.0,0.0,0.021673989482223988,0.001,2.1673989976989105e-05,0.0002956390380859375,3e-06,77.88953876495361,83.70703125,312.58351135253906,0.0,360.0,0.0,0.4000000059604645,0.4000000059604645,0.4000000059604645,0.4000000059604645,0.4000000059604645,0.4000000059604645,0.0,0.0,0.0,0.0,0.0,0.0,71.5,72.0,71.0,0.5,71.5,72.0,71.0,0.5,0.0,1478.0,1478.0,1478.0,1.0,18.102882084902376,0.9402496600523591,0.9524370287545025,0.09997026529163122,2.7399044763296843,4.234959222376347,147.3552945908159,126.59358101330332,0.8841253553822795,0.30733689214407955,0.032258878764643825,3099.0,147.3552945908159,21.030801835831348,120.23376657580957
361,4162.0,4162.0,0.0,4162.0,4162.0,4162.0,0.25140753388404846,1.0,0.08419620990753174,0.0036277486942708492,0.010171107016503811,0.9988483786582947,1.232928991317749,0.2085346132516861,-0.0022590081207454205,0.00017858743376564234,1.2357628345489502,0.21077805757522583,-0.002243451774120331,0.002243451774120331,-0.0009990930557250977,-0.003487810492515564,0.9977598190307617,0.005240201950073242,0.46524596214294434,0.0,0.0009855339594651014,0.0,0.0,0.0010677709942683578,0.001,1.0677709951778525e-06,0.000385284423828125,3e-06,77.88953876495361,83.70703125,312.97167205810547,0.0,361.0,0.0,0.0,0.0,0.0,0.0,0.0,0.0,0.0,0.0,0.0,0.0,0.0,0.0,80.0,81.0,79.0,0.5,80.0,81.0,79.0,0.5,0.0,2001.0,2001.0,2001.0,1.0,24.098459228873253,0.9467989499680698,0.86432831780985,0.12570818094536662,2.7261894699186087,3.3128410479985178,32.125611911993474,150.61537018045783,0.655019094165932,0.2076713882291807,0.03020379167356238,4162.0,32.125611911993474,129.553952509966,
362,2913.0,2913.0,0.0,2913.0,2913.0,2913.0,0.5244734287261963,1.0,0.05837494134902954,0.0046001882292330265,0.009090221486985683,0.9994470477104187,1.5849378108978271,0.46001240611076355,-0.0008763826335780323,0.0005459419917315245,1.5863512754440308,0.46090683341026306,-0.0008944272994995117,0.0008944272994995117,-0.0007998645305633545,-0.000988990068435669,0.9991059899330139,0.003991842269897461,0.42426419258117676,0.0,-0.0028442147886380553,0.0,0.0,0.0011958922259509563,0.001,1.195892309624469e-06,0.00022220611572265625,3e-06,77.88953876495361,83.70703125,313.6193428039551,0.0,362.0,0.0,0.0,0.0,0.0,0.0,0.0,0.0,0.0,0.0,0.0,0.0,0.0,0.0,201.5,240.0,163.0,0.5,201.5,240.0,163.0,0.5,0.0,1255.0,1255.0,1255.0,1.0,62.23250867705792,1.146906373091042,1.050719038117677,0.1817801739089191,3.4965415853075683,3.9326176499016583,72.10429615108296,154.42309845423802,1.200323235601637,0.3606999787564974,0.06240308064157882,2913.0,72.10429615108296,40.39981187662212,
363,3002.0,3002.0,0.0,3002.0,3002.0,3002.0,0.22333915531635284,1.0,0.0533144474029541,0.002100139856338501,0.006261159665882587,0.9996713995933533,1.2750966548919678,0.23018507659435272,-0.0008683563210070133,0.0005132760270498693,1.2766227722167969,0.2318127155303955,-0.0016276352107524872,0.0027334503829479218,0.0011058151721954346,-0.004361085593700409,0.9983773827552795,0.0038390159606933594,0.1318262815475464,0.0,0.0011549069895409048,0.0,0.0,0.1296481853350997,0.001,0.00012964819325134158,0.00823974609375,3e-06,77.88953876495361,83.70703125,310.09794998168945,0.0,363.0,0.0,0.4000000059604645,0.4000000059604645,0.4000000059604645,0.4000000059604645,0.4000000059604645,0.4000000059604645,0.0,0.0,0.0,0.0,0.0,0.0,54.0,69.0,39.0,0.5,54.0,69.0,39.0,0.5,0.0,1447.0,1447.0,1447.0,1.0,16.07463838160038,0.970377332996577,0.8575503989122808,0.12303726421669126,2.9135254248976707,3.486051253043115,24.470315882004797,148.8392442740776,0.9705281228839676,0.28565969317531004,0.04098509800689249,3002.0,24.470315882004797,122.67925001359046,
364,3072.0,3072.0,0.0,3072.0,3072.0,3072.0,0.11991801112890244,1.0,0.03292638063430786,0.002019634936004877,0.006521756295114756,0.9994287490844727,1.1930077075958252,0.17257846891880035,-0.0012849903432652354,0.00014921494584996253,1.1945056915283203,0.17390049993991852,-0.0013220272958278656,0.0013220272958278656,-0.0005563199520111084,-0.002087734639644623,0.9986791610717773,0.0031740665435791016,0.17717766761779785,0.0,-0.001672753191087395,0.0,0.0,0.027376273646950722,0.001,2.7376274374546483e-05,0.001251220703125,3e-06,77.88953876495361,83.70703125,355.37570571899414,0.0,364.0,0.0,0.4000000059604645,0.4000000059604645,0.4000000059604645,0.4000000059604645,0.4000000059604645,0.4000000059604645,0.0,0.0,0.0,0.0,0.0,0.0,62.0,65.0,59.0,0.5,62.0,65.0,59.0,0.5,0.0,1474.0,1474.0,1474.0,1.0,20.07605966879055,0.9200312071479857,0.9441500515677035,0.1316141332499683,3.2610667659901083,4.080993471201509,29.443855385296047,161.90370700637538,1.0615451712207384,0.3073405115780285,0.04284314233397405,3072.0,29.443855385296047,104.33416275825498,
365,3336.0,3336.0,0.0,3336.0,3336.0,3336.0,0.18660767376422882,1.0,0.061797261238098145,0.002397775650024414,0.006868848577141762,0.9994105100631714,1.1710820198059082,0.15786077082157135,0.0013784482143819332,0.00022405266645364463,1.169532299041748,0.15652917325496674,0.0013315975666046143,0.0013315975666046143,0.0019532442092895508,0.0007099509239196777,1.0013327598571777,-0.0018723607063293457,-0.39823514223098755,0.0,-0.0017051678732968867,0.0,0.0,0.008909462485462427,0.001,8.909462849260308e-06,0.000408172607421875,3e-06,77.88953876495361,83.70703125,355.6459045410156,0.0,365.0,0.0,1.0,1.0,1.0,1.0,1.0,1.0,0.0,0.0,0.0,0.0,0.0,0.0,199.0,214.0,184.0,0.5,199.0,214.0,184.0,0.5,0.0,1469.0,1469.0,1469.0,1.0,54.25334689673036,1.1374929188750684,1.0045878901146352,0.1788892881013453,3.442598442081362,3.8715141196735203,63.937417027074844,136.31494195158382,1.0319539694488495,0.3011354586674566,0.05362388732054715,3336.0,63.937417027074844,52.176020789005946,
366,3927.0,3927.0,0.0,3927.0,3927.0,3927.0,0.04873208701610565,1.0,0.062388837337493896,0.0011163854505866766,0.006854309234768152,0.9981582760810852,1.0334677696228027,0.032914984971284866,-0.0011946414597332478,0.00010113438474945724,1.0346858501434326,0.034091927111148834,-0.0011769402772188187,0.0011769402772188187,-0.0008787102997303009,-0.0014751702547073364,0.9988237619400024,0.0028095245361328125,0.3032643795013428,0.0,-0.0003323928394820541,0.0,-0.04254645109176636,0.005771840922534466,0.001,-0.04254069924354553,0.4921875,3e-06,77.88953876495361,83.70703125,355.7725639343262,0.0,366.0,0.0,0.5309090614318848,0.581818163394928,0.47999998927116394,0.5309090614318848,0.581818163394928,0.47999998927116394,0.04197399690747261,0.7070971727371216,-0.7070967555046082,0.04197399690747261,0.7070971727371216,-0.7070967555046082,109.5,116.0,103.0,0.5,109.5,116.0,103.0,0.5,0.0,1854.0,1854.0,1854.0,1.0,32.10658730985597,0.9586371849291027,0.9981326991692185,0.13003286300227046,2.887286789249629,4.034496732056141,41.16433362709358,146.60542150619165,0.7352398241022737,0.2541718103308425,0.03311251922645033,3927.0,41.16433362709358,95.39811905069497,
367,3838.0,3838.0,0.0,3838.0,3838.0,3838.0,0.18779230117797852,1.0,0.03155320882797241,0.001853634719736874,0.005713426508009434,0.9996330738067627,1.228105068206787,0.20337176322937012,-0.0002690765250008553,6.471372034866363e-05,1.2284440994262695,0.2036365568637848,-0.00026479363441467285,0.00026479363441467285,-9.170174598693848e-05,-0.0004378855228424072,0.9997352361679077,0.000800013542175293,0.04499673843383789,0.0,-0.00017245853086933494,0.0,0.0,0.033940354362130165,0.001,3.394035593373701e-05,0.00189971923828125,3e-06,77.88953876495361,83.70703125,355.8431625366211,0.0,367.0,0.0,0.6000000238418579,0.6000000238418579,0.6000000238418579,0.6000000238418579,0.6000000238418579,0.6000000238418579,0.0,0.0,0.0,0.0,0.0,0.0,81.0,83.0,79.0,0.5,81.0,83.0,79.0,0.5,0.0,1838.0,1838.0,1838.0,1.0,24.10540495906025,1.1686811610125005,0.9941083169542253,0.12430378515273333,3.2010747911408544,3.742758668027818,33.37436933629215,148.7987960435818,0.8340476266651523,0.25901727903966265,0.03238764594912281,3838.0,33.37436933629215,114.99842772538805,
368,3735.0,3735.0,0.0,3735.0,3735.0,3735.0,0.36010950803756714,1.0,0.032002270221710205,0.003426814218983054,0.007585519924759865,0.9995047450065613,1.3728243112564087,0.3130694627761841,0.003239084267988801,0.0007194157224148512,1.3683912754058838,0.30977606773376465,0.0032933950424194336,0.0032933950424194336,0.00396844744682312,0.002618342638015747,1.0032989978790283,-0.0036454200744628906,-0.2450956106185913,0.0,-0.0035692128003574908,0.0,0.0,0.08578979969024658,0.001,8.578979759477079e-05,0.000881195068359375,3e-06,77.88953876495361,83.70703125,306.35208892822266,0.0,368.0,0.0,0.3199999928474426,0.3199999928474426,0.3199999928474426,0.3199999928474426,0.3199999928474426,0.3199999928474426,0.0,0.0,0.0,0.0,0.0,0.0,43.5,47.0,40.0,0.5,43.5,47.0,40.0,0.5,0.0,1824.0,1824.0,1824.0,1.0,14.063812346663326,1.0642972239293158,0.8894028472714126,0.1228833869099617,2.8051002519205213,3.78900981368497,22.767409661319107,161.65301547888882,0.7510308572745706,0.2381265990017169,0.0329005051967769,3735.0,22.767409661319107,164.0502830827352,
369,3032.0,3032.0,0.0,3032.0,3032.0,3032.0,0.04693405702710152,1.0,0.29095694422721863,0.007788220886141062,0.03971310332417488,0.9825567603111267,1.0418487787246704,0.04099545627832413,0.016204597428441048,0.003494042670354247,1.0251009464263916,0.024790864437818527,0.0162045955657959,0.0162045955657959,0.017252713441848755,0.015156475827097893,1.0163371562957764,-0.020666837692260742,-0.8306646347045898,0.0,-0.014947700779885054,0.0,0.0,0.015336797572672367,0.001,1.5336798242060468e-05,0.00131988525390625,3e-06,77.88953876495361,83.70703125,306.1049690246582,0.0,369.0,0.0,0.4000000059604645,0.4000000059604645,0.4000000059604645,0.4000000059604645,0.4000000059604645,0.4000000059604645,0.0,0.0,0.0,0.0,0.0,0.0,55.0,55.0,55.0,1.0,55.0,55.0,55.0,1.0,0.0,1461.0,1461.0,1461.0,1.0,16.09407410910353,0.9599858010187745,0.8853072770871222,0.12904192926362157,2.7163460785523057,3.696311359293759,24.536510802805424,146.3097646282139,0.8958925061188343,0.29198788822134636,0.04256000305528416,3032.0,24.536510802805424,123.57095205457375,
370,2988.0,2988.0,0.0,2988.0,2988.0,2988.0,0.14250832796096802,1.0,0.0646963119506836,0.003683641320094466,0.010549748316407204,0.9977768063545227,1.11571204662323,0.10944762825965881,0.0011005030246451497,0.00017387758998665959,1.1143752336502075,0.10827410966157913,0.0011735223233699799,0.0032125748693943024,0.004386097192764282,-0.0020390525460243225,1.0011793375015259,-0.0015137195587158203,-0.05639523267745972,0.0,2.3900531232357025e-05,0.0,0.0,0.033893126994371414,0.001,3.3893127692863345e-05,0.001617431640625,3e-06,77.88953876495361,83.70703125,305.8619079589844,0.0,370.0,0.0,0.4000000059604645,0.4000000059604645,0.4000000059604645,0.4000000059604645,0.4000000059604645,0.4000000059604645,0.0,0.0,0.0,0.0,0.0,0.0,44.0,45.0,43.0,0.5,44.0,45.0,43.0,0.5,0.0,1450.0,1450.0,1450.0,1.0,12.082395450677723,1.0144018800929189,0.8937296327203512,0.1338360970839858,2.882990901824087,3.624480494298041,20.688643992878497,137.29994830315593,0.9648563928460799,0.2991063027845888,0.04479119714992832,2988.0,20.688643992878497,144.42705868149395,
371,3789.0,3789.0,0.0,3789.0,3789.0,3789.0,0.4321933388710022,1.0,0.05442935228347778,0.0034139470662921667,0.00845840573310852,0.9995980858802795,1.443053960800171,0.3371998965740204,-0.00403217040002346,0.000716149341315031,1.4501311779022217,0.3434300124645233,-0.006230108439922333,0.006230108439922333,-0.0005843639373779297,-0.011875852942466736,0.9938051104545593,0.011038064956665039,0.8490548133850098,0.0,0.002758832910330966,0.0,0.27703534066677094,0.020842477679252625,0.001,0.27705615758895874,1.4296875,3e-06,77.88953876495361,83.70703125,305.95191955566406,0.0,371.0,0.0,0.36000001430511475,0.4000000059604645,0.3199999928474426,0.36000001430511475,0.4000000059604645,0.3199999928474426,-0.27528122067451477,0.7070940136909485,-0.7070945501327515,-0.27528122067451477,0.7070940136909485,-0.7070945501327515,65.5,91.0,40.0,0.5,65.5,91.0,40.0,0.5,0.0,1829.0,1829.0,1829.0,1.0,20.092424005270004,1.5094499867409468,0.9565089950338006,0.13809079816564918,3.173368162009865,4.122550532687455,30.05301046418026,153.37728248297714,0.8375212884692175,0.2524436513681184,0.036445182941580674,3789.0,30.05301046418026,126.077219602211,
372,3117.0,3117.0,0.0,3117.0,3117.0,3117.0,0.18372197449207306,1.0,0.055190861225128174,0.0027296121697872877,0.007756190374493599,0.9990860223770142,1.1158931255340576,0.10700391978025436,-0.0014677762519568205,0.0002632683899719268,1.1174638271331787,0.10840080678462982,-0.001396888867020607,0.001396888867020607,-0.0012637265026569366,-0.0015300512313842773,0.9986041188240051,0.003984928131103516,0.36406922340393066,0.0,-0.0004100449150428176,0.0,0.0,0.01597512885928154,0.001,1.59751289174892e-05,0.000522613525390625,3e-06,77.88953876495361,83.70703125,305.7480010986328,0.0,372.0,0.0,0.4000000059604645,0.4000000059604645,0.4000000059604645,0.4000000059604645,0.4000000059604645,0.4000000059604645,0.0,0.0,0.0,0.0,0.0,0.0,100.5,154.0,47.0,0.5,100.5,154.0,47.0,0.5,0.0,1458.0,1458.0,1458.0,1.0,30.1371980169788,1.2602363121695817,0.9850107161328197,0.12864653998985887,3.087939217686653,4.588115541264415,40.223664898891,149.9363085421831,0.9906766819655608,0.3160124209601603,0.04127255052610166,3117.0,40.223664898891,77.49169569294861,
373,6331.0,6331.0,0.0,6331.0,6331.0,6331.0,0.11490680277347565,1.0,0.046247899532318115,0.0024058311246335506,0.007262976840138435,0.9986876249313354,1.077337622642517,0.07446400821208954,-0.00010557439236436039,9.024628525367007e-05,1.077451467514038,0.07457536458969116,-0.00011134892702102661,0.0007796213030815125,0.0006682723760604858,-0.0008909702301025391,0.9998890161514282,0.0005714893341064453,0.01996612548828125,0.0,0.0003948546655010432,0.0,0.0,0.0005209565133554861,0.001,5.209565188124543e-07,0.0001068115234375,3e-06,77.88953876495361,83.70703125,306.3183250427246,0.0,373.0,0.0,0.6000000238418579,0.6000000238418579,0.6000000238418579,0.6000000238418579,0.6000000238418579,0.6000000238418579,0.0,0.0,0.0,0.0,0.0,0.0,67.5,68.0,67.0,0.5,67.5,68.0,67.0,0.5,0.0,3098.0,3098.0,3098.0,1.0,22.11468350002542,1.169211725704372,1.0166205568239093,0.139660167042166,3.217727553099394,4.0979042812250555,31.79092696495354,163.81247037055869,0.5082494950401822,0.16057819567586626,0.022059732592349706,6331.0,31.79092696495354,199.1448694459058,
374,2233.0,2233.0,0.0,2233.0,2233.0,2233.0,1.016990065574646,1.0,0.05077701807022095,0.004518683068454266,0.008224887773394585,0.9996928572654724,2.961273431777954,1.020601749420166,0.00046062059118412435,0.0004945714608766139,2.958094358444214,1.0201646089553833,0.00043711066246032715,0.0018284618854522705,0.0022655725479125977,-0.0013913512229919434,1.000438928604126,0.001077413558959961,0.057908058166503906,0.0,0.00029588675533887,0.0,0.0,0.0012367410818114877,0.001,1.2367411272862228e-06,0.00014400482177734375,3e-06,77.88953876495361,83.70703125,307.66711044311523,0.0,374.0,0.0,0.0,0.0,0.0,0.0,0.0,0.0,0.0,0.0,0.0,0.0,0.0,0.0,194.5,197.0,192.0,0.5,194.5,197.0,192.0,0.5,0.0,922.0,922.0,922.0,1.0,58.22052242793143,1.0296632000245154,1.0356083186343312,0.1404214366339147,3.173530993051827,4.294623124878854,67.92589385388419,149.66715277103194,1.4211961455673205,0.4637744373642325,0.0628846559041266,2233.0,67.92589385388419,32.8740613234096,
375,815.0,815.0,0.0,815.0,815.0,815.0,0.6973099112510681,1.0,0.028938859701156616,0.0039816745556890965,0.007448478601872921,0.9997265934944153,2.019674062728882,0.7004299163818359,0.0039664567448198795,0.0004014419100712985,2.011497735977173,0.6964315176010132,0.003998458385467529,0.003998458385467529,0.004824817180633545,0.0031720995903015137,1.0040068626403809,-0.006342947483062744,-0.3982585668563843,0.0,0.0,0.0,0.0,0.0011472923506516963,0.001,1.1472923233668553e-06,0.0003185272216796875,3e-06,77.88953876495361,83.70703125,307.6498146057129,0.0,375.0,0.0,0.0,0.0,0.0,0.0,0.0,0.0,0.0,0.0,0.0,0.0,0.0,0.0,64.5,67.0,62.0,0.5,64.5,67.0,62.0,0.5,0.0,343.0,343.0,343.0,1.0,18.087073929142207,0.996220744214952,0.9163149651139975,0.1873283488675952,2.689860717859119,3.654301200993359,26.590118336025625,140.20987541970703,3.300442598600146,1.1243128406306717,0.22985073480686527,815.0,26.590118336025625,30.65048412724802,
376,3517.0,3517.0,0.0,3517.0,3517.0,3517.0,0.5687552094459534,1.0,0.0627301037311554,0.006212572101503611,0.010357354767620564,0.9993276000022888,1.78751540184021,0.5785378217697144,0.002366249915212393,0.0011172216618433595,1.7831590175628662,0.5760512351989746,0.0024866461753845215,0.0024866461753845215,0.0031710267066955566,0.0018022656440734863,1.0024900436401367,-0.00030368566513061523,-0.6234676241874695,0.0,0.0002829447912517935,0.0,0.0,0.0022771622170694172,0.001,2.2771623662265483e-06,0.0003566741943359375,3e-06,77.88953876495361,83.70703125,308.29103088378906,0.0,376.0,0.0,0.0,0.0,0.0,0.0,0.0,0.0,0.0,0.0,0.0,0.0,0.0,0.0,207.5,244.0,171.0,0.5,207.5,244.0,171.0,0.5,0.0,1551.0,1551.0,1551.0,1.0,58.2237558811903,1.3135711271315813,0.8008206556551158,0.13650313997641206,2.69070857623592,3.513117941096425,66.73079017689452,140.29820694262722,0.7650578834904521,0.22769993052462775,0.03881237986249987,3517.0,66.73079017689452,52.70430622321266,
377,3813.0,3813.0,0.0,3813.0,3813.0,3813.0,0.4791184961795807,1.0,0.05590510368347168,0.005722172558307648,0.011589530855417252,0.9992573857307434,1.6755748987197876,0.5144380927085876,-0.0025286374147981405,0.0012036159168928862,1.680114984512329,0.5171013474464417,-0.002663254737854004,0.002663254737854004,-0.0019401311874389648,-0.003386378288269043,0.9973405599594116,0.009977340698242188,0.4436793327331543,0.0,-3.750203177332878e-06,0.0,-0.13389506936073303,0.05804296396672726,0.001,-0.1338370144367218,1.3203125,3e-06,77.88953876495361,83.70703125,308.5164451599121,0.0,377.0,0.0,0.4266666769981384,0.5333333611488342,0.3199999928474426,0.4266666769981384,0.5333333611488342,0.3199999928474426,0.13166727125644684,0.7071020603179932,-0.7071020603179932,0.13166727125644684,0.7071020603179932,-0.7071020603179932,72.5,86.0,59.0,0.5,72.5,86.0,59.0,0.5,0.0,1834.0,1834.0,1834.0,1.0,20.08094321610406,1.0573034449480474,0.9321412332355976,0.12478473084047437,2.8784382762387395,3.4763234285637736,28.610168950166553,138.48926355933835,0.7549012001675163,0.2444640003240487,0.03272612925268145,3813.0,28.610168950166553,133.27429162132938,
378,3870.0,3870.0,0.0,3870.0,3870.0,3870.0,0.019938236102461815,1.0,0.10558092594146729,0.0020241825841367245,0.010806054808199406,0.988937497138977,1.0059301853179932,0.005912695080041885,-0.0010082765948027372,0.00012495960982050747,1.0069451332092285,0.006920971907675266,-0.0010082765948027372,0.0010082765948027372,-0.0007769009098410606,-0.0012396522797644138,0.9989922642707825,0.0025392770767211914,0.1710987091064453,0.0,0.0012638263287954032,0.0,0.0,0.0021209006663411856,0.001,2.120900717272889e-06,8.392333984375e-05,3e-06,77.88953876495361,83.70703125,307.94482040405273,0.0,378.0,0.0,0.4571428596973419,0.4571428596973419,0.4571428596973419,0.4571428596973419,0.4571428596973419,0.4571428596973419,0.0,0.0,0.0,0.0,0.0,0.0,78.0,78.0,78.0,1.0,78.0,78.0,78.0,1.0,0.0,1857.0,1857.0,1857.0,1.0,20.079103079158813,1.035137244965881,0.9139353893697262,0.13605732610449195,3.4856638587079942,3.379834873136133,29.049728784244508,128.712199225377,0.9006883355834611,0.23615901534101452,0.03515693180994624,3870.0,29.049728784244508,133.219832403356,
379,850.0,850.0,0.0,850.0,850.0,850.0,0.9324020147323608,1.0,0.028743982315063477,0.003059753216803074,0.006277535576373339,0.9998318552970886,2.2555155754089355,0.7911771535873413,-0.001887142425402999,0.00046030490193516016,2.2598302364349365,0.7931918501853943,-0.002014666795730591,0.002014666795730591,-0.0015169382095336914,-0.0025123953819274902,0.9979875087738037,0.0056220293045043945,0.34231889247894287,0.0,0.0,0.0,0.0,0.001533036062028259,0.001,1.5330360838561319e-06,0.000400543212890625,3e-06,77.88953876495361,83.70703125,308.1411781311035,0.0,379.0,0.0,0.0,0.0,0.0,0.0,0.0,0.0,0.0,0.0,0.0,0.0,0.0,0.0,78.0,98.0,58.0,0.5,78.0,98.0,58.0,0.5,0.0,347.0,347.0,347.0,1.0,20.083047287072986,0.9720448181033134,0.8807739829644561,0.12040731962770224,2.7421330488286912,3.2051104228012264,28.058480620384216,128.73748260944222,3.2260388809749307,1.0362046858405365,0.14165567015023792,850.0,28.058480620384216,30.293871271934915,
380,3841.0,3841.0,0.0,3841.0,3841.0,3841.0,0.023056568577885628,1.0,0.01939481496810913,0.00041407375829294324,0.002348335925489664,0.9994301795959473,1.0161685943603516,0.01598868891596794,1.286630049435189e-05,4.122321115573868e-06,1.0161378383636475,0.01595633663237095,3.235205076634884e-05,0.0002233439590781927,0.00025569600984454155,-0.00019099190831184387,1.0000324249267578,-9.238719940185547e-06,-0.0013763904571533203,0.0,-7.405918586300686e-05,0.0,0.06158214807510376,0.012876491993665695,0.001,0.061595022678375244,0.5703125,3e-06,77.88953876495361,83.70703125,308.4461326599121,0.0,380.0,0.0,0.45818179845809937,0.47999998927116394,0.4363636374473572,0.45818179845809937,0.47999998927116394,0.4363636374473572,-0.06169138103723526,0.7070843577384949,-0.7070833444595337,-0.06169138103723526,0.7070843577384949,-0.7070833444595337,74.5,81.0,68.0,0.5,74.5,81.0,68.0,0.5,0.0,1846.0,1846.0,1846.0,1.0,20.091048962902278,0.9282270488329232,0.8387490520253778,0.12492235330864787,2.832628341857344,3.7041664822027087,135.0213327780366,134.83925478457905,0.737471580801183,0.21836736579676588,0.03252339320714602,3841.0,135.0213327780366,28.447356584120467,106.46827575704083
381,926.0,926.0,0.0,926.0,926.0,926.0,0.9045063853263855,1.0,0.03024435043334961,0.004593903664499521,0.007913240231573582,0.9996979832649231,2.934813976287842,1.0195013284683228,-3.085048319917405e-06,0.0007073938613757491,2.936274528503418,1.019291639328003,0.00020968914031982422,0.0021458864212036133,0.0023555755615234375,-0.001936197280883789,1.0002119541168213,0.002836942672729492,0.13603532314300537,0.0,0.0,0.0,0.0,0.0013527475530281663,0.001,1.3527476312447106e-06,0.0002117156982421875,3e-06,77.88953876495361,83.70703125,308.60891342163086,0.0,381.0,0.0,0.0,0.0,0.0,0.0,0.0,0.0,0.0,0.0,0.0,0.0,0.0,0.0,121.0,133.0,109.0,0.5,121.0,133.0,109.0,0.5,0.0,342.0,342.0,342.0,1.0,32.116653815843165,0.8930796356871724,0.8457515765912831,0.09853415098041296,3.0831325170584023,4.196289759594947,41.28757721418515,132.71344552001307,3.3295167570825077,0.9133386356277355,0.10640837038921486,926.0,41.28757721418515,22.428053726578433,
382,2404.0,2404.0,0.0,2404.0,2404.0,2404.0,1.1737858057022095,1.0,0.03241449594497681,0.004562762565910816,0.007763326168060303,0.999720573425293,2.9308266639709473,1.064984679222107,-0.0017525509465485811,0.0007270460482686758,2.936119556427002,1.0667340755462646,-0.0017493665218353271,0.0017493665218353271,-0.0013646483421325684,-0.002134084701538086,0.998252272605896,0.006464362144470215,0.5298950672149658,0.0,-0.0005461531400214881,0.0,0.0,0.001455138437449932,0.001,1.455138544770307e-06,0.00019741058349609375,3e-06,77.88953876495361,83.70703125,308.6722183227539,0.0,382.0,0.0,0.0,0.0,0.0,0.0,0.0,0.0,0.0,0.0,0.0,0.0,0.0,0.0,120.0,121.0,119.0,0.5,120.0,121.0,119.0,0.5,0.0,1082.0,1082.0,1082.0,1.0,44.143523287028074,1.3895478951744735,1.0654268632642925,0.1215373263694346,4.2519934438169,4.737889242824167,55.74279880383983,183.93134702928364,1.7687160747990434,0.4431892110084411,0.0505562921669861,2404.0,55.74279880383983,43.12664687791746,
383,845.0,845.0,0.0,845.0,845.0,845.0,0.9780868887901306,1.0,0.035908788442611694,0.0033765966072678566,0.0064898040145635605,0.999811053276062,2.345571279525757,0.8287695646286011,0.005022047087550163,0.0004883447545580566,2.333162784576416,0.8241499066352844,0.00461965799331665,0.00461965799331665,0.0078200101852417,0.0014193058013916016,1.0046354532241821,-0.008113563060760498,-0.4786301255226135,0.0,0.0,0.0,0.0,0.0009212372824549675,0.001,9.212373015543562e-07,0.000156402587890625,3e-06,77.88953876495361,83.70703125,308.6300964355469,0.0,383.0,0.0,0.0,0.0,0.0,0.0,0.0,0.0,0.0,0.0,0.0,0.0,0.0,0.0,83.5,94.0,73.0,0.5,83.5,94.0,73.0,0.5,0.0,339.0,339.0,339.0,1.0,24.099045349285007,0.946292940992862,0.881759949028492,0.1503962897695601,2.72974771540612,3.3581441529095173,32.200096409767866,144.3056607741617,3.2304706691196685,1.0435028982585703,0.17798377487521905,845.0,32.200096409767866,26.242157453406573,
384,13322.0,13322.0,0.0,13322.0,13322.0,13322.0,0.8235234618186951,1.0,0.07616794109344482,0.0036145620979368687,0.007910293526947498,0.9997252225875854,2.3178763389587402,0.8406510949134827,0.00011211255332455039,0.0007029548869468272,2.3176960945129395,0.8405736684799194,7.742643356323242e-05,0.0009301900863647461,0.0010076165199279785,-0.0008527636528015137,1.0000778436660767,0.002596616744995117,0.2512599229812622,0.0,0.0011957224924117327,0.0,0.0,0.0010819219751283526,0.001,1.0819219369295752e-06,0.00010585784912109375,3e-06,77.88953876495361,83.70703125,312.259708404541,0.0,384.0,0.0,0.0,0.0,0.0,0.0,0.0,0.0,0.0,0.0,0.0,0.0,0.0,0.0,457.0,474.0,440.0,0.5,457.0,474.0,440.0,0.5,0.0,6204.0,6204.0,6204.0,1.0,118.30982891097665,1.6524344980716705,1.4998534871265292,0.10926946997642517,4.44901615800336,3.9106983416713774,129.98609044915065,129.4418259419876,0.333960077916481,0.11258470853674593,0.008202182103019455,13322.0,129.98609044915065,102.48788892694209,
385,824.0,824.0,0.0,824.0,824.0,824.0,0.7522709369659424,1.0,0.03686007857322693,0.003710199147462845,0.007243394386023283,0.9997349977493286,2.0940937995910645,0.733177900314331,-0.0015294220065698028,0.0002891472540795803,2.097233772277832,0.7347120046615601,-0.001534104347229004,0.001534104347229004,-0.0012042522430419922,-0.0018639564514160156,0.9984670877456665,0.004228115081787109,0.23992133140563965,0.0,0.0,0.0,0.0,0.0008168492931872606,0.001,8.168493081939232e-07,0.00020694732666015625,3e-06,77.88953876495361,83.70703125,308.3037223815918,0.0,385.0,0.0,0.0,0.0,0.0,0.0,0.0,0.0,0.0,0.0,0.0,0.0,0.0,0.0,70.0,71.0,69.0,0.5,70.0,71.0,69.0,0.5,0.0,342.0,342.0,342.0,1.0,20.09520856384188,1.0047525577247143,0.834869978018105,0.11830699909478426,2.783309977967292,3.5177381089888513,28.38428042270243,143.537204027442,3.377803371319529,1.0131917208957586,0.14357645521211682,824.0,28.38428042270243,29.030152877891698,
386,803.0,803.0,0.0,803.0,803.0,803.0,0.6479533314704895,1.0,0.050679802894592285,0.003821796039119363,0.008474652655422688,0.9996007680892944,1.728813648223877,0.5474276542663574,-0.00025959699996747077,0.000435079971794039,1.7292871475219727,0.5477083921432495,-0.00028070807456970215,0.00259438157081604,0.002313673496246338,-0.002875089645385742,0.9997227191925049,0.00226593017578125,0.08536851406097412,0.0,0.0,0.0,0.0,0.0009687833080533892,0.001,9.687832971394528e-07,0.00022029876708984375,3e-06,77.88953876495361,83.70703125,308.02692794799805,0.0,386.0,0.0,0.0,0.0,0.0,0.0,0.0,0.0,0.0,0.0,0.0,0.0,0.0,0.0,61.5,62.0,61.0,0.5,61.5,62.0,61.0,0.5,0.0,340.0,340.0,340.0,1.0,22.088521022815257,1.2162795336917043,1.0103375976905227,0.12256397912278771,3.931283892132342,4.967542962171137,33.3681949339807,179.58147173020535,4.895745818346628,1.258203733113976,0.15263260164730724,803.0,33.3681949339807,24.064831843279006,
387,818.0,818.0,0.0,818.0,818.0,818.0,0.4493325650691986,1.0,0.039695143699645996,0.003911171108484268,0.00798659399151802,0.9996581673622131,1.7448508739471436,0.5426597595214844,-0.003375404281541705,0.00048703132779337466,1.750680685043335,0.5460391640663147,-0.0033793598413467407,0.0033793598413467407,-0.003115832805633545,-0.0036428868770599365,0.9966263771057129,0.008722901344299316,0.5725712776184082,0.0,0.0,0.0,0.0,0.0007550956506747752,0.001,7.550956979684997e-07,0.0001316070556640625,3e-06,77.88953876495361,83.70703125,348.48828125,0.0,387.0,0.0,0.0,0.0,0.0,0.0,0.0,0.0,0.0,0.0,0.0,0.0,0.0,0.0,67.0,68.0,66.0,0.5,67.0,68.0,66.0,0.5,0.0,342.0,342.0,342.0,1.0,18.074905706569552,1.0254861419089139,0.900783299934119,0.12240199605002999,2.6913508977741003,3.8367998148314655,26.681605951860547,134.88735601917577,3.290160021728729,1.1012020781590697,0.1496356919927017,818.0,26.681605951860547,30.657824775459577,
388,858.0,858.0,0.0,858.0,858.0,858.0,0.4751957356929779,1.0,0.031208157539367676,0.003599912393838167,0.007247623056173325,0.9996767640113831,1.6113874912261963,0.47668904066085815,0.0012530555250123143,0.0004922456573694944,1.6096802949905396,0.4755735993385315,0.0011154413223266602,0.0018805265426635742,0.0029959678649902344,-0.0007650852203369141,1.0011178255081177,-0.0006031990051269531,-0.14323890209197998,0.0,0.0002984567254316062,0.0,0.0,0.0006986587250139564,0.001,6.986587095525465e-07,0.00017070770263671875,3e-06,77.88953876495361,83.70703125,355.67304611206055,0.0,388.0,0.0,0.0,0.0,0.0,0.0,0.0,0.0,0.0,0.0,0.0,0.0,0.0,0.0,82.0,88.0,76.0,0.5,82.0,88.0,76.0,0.5,0.0,347.0,347.0,347.0,1.0,22.089853589888662,0.8676586602814496,0.8583568958565593,0.12176138116046786,2.899177631828934,3.6716594602912664,30.54064220795408,134.69422920663817,3.3789949088915314,1.0004159625367823,0.14191303165555694,858.0,30.54064220795408,28.09371178764998,
389,837.0,837.0,0.0,837.0,837.0,837.0,0.4054790139198303,1.0,0.056610703468322754,0.0038762527983635664,0.008592678233981133,0.9995427131652832,1.5748589038848877,0.4515814781188965,0.0013857760932296515,0.0005035868380218744,1.5724836587905884,0.4501684606075287,0.0014130324125289917,0.0014130324125289917,0.002767026424407959,5.9038400650024414e-05,1.0014150142669678,-0.0007603764533996582,-0.170640230178833,0.0,0.0018114290433004498,0.0,0.0,0.00176593879587017,0.001,1.765938804965117e-06,0.0004825592041015625,3e-06,77.88953876495361,83.70703125,356.522159576416,0.0,389.0,0.0,0.0,0.0,0.0,0.0,0.0,0.0,0.0,0.0,0.0,0.0,0.0,0.0,74.5,76.0,73.0,0.5,74.5,76.0,73.0,0.5,0.0,344.0,344.0,344.0,1.0,20.10174348205328,0.9430546504445374,0.9298148229718208,0.19330942584201694,2.8891527610830963,3.9921407951042056,29.079933792818338,134.9110300808945,3.4517954134804016,1.1108898721288183,0.23095510853287568,837.0,29.079933792818338,28.782734031076366,
390,15694.0,15694.0,0.0,15694.0,15694.0,15694.0,0.9147111177444458,1.0,0.09044075012207031,0.003475838340818882,0.008292307145893574,0.9997007250785828,2.5149307250976562,0.8904380202293396,0.0016188096487894654,0.0005761140491813421,2.510871648788452,0.8888188600540161,0.001619189977645874,0.001619189977645874,0.0016350150108337402,0.0016033649444580078,1.0016205310821533,-0.0009530186653137207,-0.7919859886169434,0.0,-0.0013926003011874855,0.0,0.0,0.000700155331287533,0.001,7.001553967711516e-07,9.1552734375e-05,3e-06,77.88953876495361,83.70703125,307.4147148132324,0.0,390.0,0.0,0.0,0.0,0.0,0.0,0.0,0.0,0.0,0.0,0.0,0.0,0.0,0.0,485.0,494.0,476.0,0.5,485.0,494.0,476.0,0.5,0.0,7362.0,7362.0,7362.0,1.0,126.33707558596507,1.7801028029061854,1.7179742329753935,0.08341424772515893,5.10827630572021,3.6534296949394047,138.7111158859916,130.24440782058255,0.32549230952722125,0.10946694488182704,0.005315040634966161,15694.0,138.7111158859916,113.14161738053564,
391,867.0,867.0,0.0,867.0,867.0,867.0,0.9451616406440735,1.0,0.041816771030426025,0.004973068833351135,0.009157502092421055,0.999625563621521,2.494229555130005,0.89935302734375,0.005328530911356211,0.000818849541246891,2.481876850128174,0.8947535753250122,0.004599452018737793,0.004599452018737793,0.0067642927169799805,0.0024346113204956055,1.0046124458312988,-0.007393181324005127,-0.5465664863586426,0.0,-0.0029512083856388927,0.0,0.0,0.0022812388197053224,0.001,2.2812387214798946e-06,0.000396728515625,3e-06,77.88953876495361,83.70703125,307.79407501220703,0.0,391.0,0.0,0.0,0.0,0.0,0.0,0.0,0.0,0.0,0.0,0.0,0.0,0.0,0.0,96.5,129.0,64.0,0.5,96.5,129.0,64.0,0.5,0.0,337.0,337.0,337.0,1.0,26.106676382943988,0.8995855287648737,0.9369660490192473,0.1849490930326283,2.7322814101353288,3.4589821598492563,34.35322679299861,135.26775327950253,3.151420311574774,1.0806990184766405,0.21332075320949054,867.0,34.35322679299861,25.237803866992188,
392,821.0,821.0,0.0,821.0,821.0,821.0,0.583608090877533,1.0,0.06029191613197327,0.0036853861529380083,0.009570114314556122,0.9995314478874207,1.7689235210418701,0.5646795630455017,0.005583072546869516,0.0005031184409745038,1.7589657306671143,0.5592969655990601,0.00538259744644165,0.00538259744644165,0.007879555225372314,0.0028856396675109863,1.0054001808166504,-0.009207963943481445,-0.4966338872909546,0.0,-0.0019296105310786515,0.0,0.0,0.0013926903484389186,0.001,1.3926903648098232e-06,0.00023555755615234375,3e-06,77.88953876495361,83.70703125,308.24924087524414,0.0,392.0,0.0,0.0,0.0,0.0,0.0,0.0,0.0,0.0,0.0,0.0,0.0,0.0,0.0,68.5,74.0,63.0,0.5,68.5,74.0,63.0,0.5,0.0,342.0,342.0,342.0,1.0,20.083654262591153,0.9855320369824767,0.9152398719452322,0.1194520560093224,3.166688566096127,3.987677395809442,29.288184855133295,146.5960165152639,3.857111529958742,1.1147866893364582,0.14549580512706747,821.0,29.288184855133295,28.03178155494688,
393,2003.0,2003.0,0.0,2003.0,2003.0,2003.0,0.6506683230400085,1.0,0.05929577350616455,0.005147727206349373,0.010192072950303555,0.9994236826896667,1.8699588775634766,0.6198428273200989,0.003596367547288537,0.0005199487204663455,1.8633852005004883,0.6160776615142822,0.0037651658058166504,0.0037651658058166504,0.005959868431091309,0.0015704631805419922,1.003774642944336,-0.005147755146026611,-0.46943992376327515,0.0,-0.0004860348126385361,0.0,0.0,0.0009347668092232198,0.001,9.347668310510926e-07,0.00014781951904296875,3e-06,77.88953876495361,83.70703125,308.1386528015137,0.0,393.0,0.0,0.0,0.0,0.0,0.0,0.0,0.0,0.0,0.0,0.0,0.0,0.0,0.0,97.5,105.0,90.0,0.5,97.5,105.0,90.0,0.5,0.0,904.0,904.0,904.0,1.0,30.11311063496396,0.9064953830093145,0.8781795483082533,0.12587444158270955,2.999966086819768,3.3907131608575583,38.44599823234603,154.42620838443057,1.4977364387517564,0.4384321259651789,0.06284295635681955,2003.0,38.44599823234603,52.09905041078638,
394,851.0,851.0,0.0,851.0,851.0,851.0,0.6096050143241882,1.0,0.030975669622421265,0.0032973093912005424,0.006706027779728174,0.9997779130935669,1.9488317966461182,0.6667596101760864,0.0014350226847454906,0.00048526705359108746,1.9460580348968506,0.6653620004653931,0.0013976097106933594,0.0013976097106933594,0.002280116081237793,0.0005151033401489258,1.001399040222168,-0.0009368062019348145,-0.2012864351272583,0.0,-0.0006443820311687887,0.0,0.0,0.0014579978305846453,0.001,1.457997996112681e-06,0.00024127960205078125,3e-06,77.88953876495361,83.70703125,308.0654640197754,0.0,394.0,0.0,0.0,0.0,0.0,0.0,0.0,0.0,0.0,0.0,0.0,0.0,0.0,0.0,82.5,86.0,79.0,0.5,82.5,86.0,79.0,0.5,0.0,343.0,343.0,343.0,1.0,22.099098577629775,0.9247526149265468,0.9041463080793619,0.0988570093177259,3.156102522742003,3.2245691451244056,30.437710045836866,133.9339307735138,3.7086986166181,1.06245159586294,0.1161656983757061,851.0,30.437710045836866,27.95873929801089,
395,857.0,857.0,0.0,857.0,857.0,857.0,0.8364076018333435,1.0,0.04086974263191223,0.0033998433500528336,0.0072546289302408695,0.9997772574424744,2.57124662399292,0.9407429099082947,0.0017638844437897205,0.0006691604503430426,2.5672659873962402,0.9390604496002197,0.0016824305057525635,0.0016824305057525635,0.003229796886444092,0.00013506412506103516,1.0016850233078003,-0.000870823860168457,-0.23125839233398438,0.0,0.0016874560969881713,0.0,0.0,0.0012421876599546522,0.001,1.24218763630779e-06,0.00016689300537109375,3e-06,77.88953876495361,83.70703125,308.1519355773926,0.0,395.0,0.0,0.0,0.0,0.0,0.0,0.0,0.0,0.0,0.0,0.0,0.0,0.0,0.0,85.5,90.0,81.0,0.5,85.5,90.0,81.0,0.5,0.0,343.0,343.0,343.0,1.0,22.096045311074704,0.8887257971800864,0.8515770849771798,0.12855242239311337,2.9007907966151834,3.310813742224127,30.210504440125078,129.2166392460509,3.3848200660620575,0.993672211175239,0.15000282659639833,857.0,30.210504440125078,28.367616360015067,
396,789.0,789.0,0.0,789.0,789.0,789.0,0.6228220462799072,1.0,0.02961823344230652,0.0020930564496666193,0.005433282814919949,0.9998610019683838,2.050029993057251,0.7147672772407532,-0.0020959568209946156,0.0005603607860393822,2.0543410778045654,0.7168644666671753,-0.002097189426422119,0.002097189426422119,-0.002051413059234619,-0.002142965793609619,0.9979050159454346,0.0065354108810424805,0.25666344165802,0.0,0.0009446144104003906,0.0,0.0,0.002571225631982088,0.001,2.571225650171982e-06,0.00055694580078125,3e-06,77.88953876495361,83.70703125,308.5886344909668,0.0,396.0,0.0,0.0,0.0,0.0,0.0,0.0,0.0,0.0,0.0,0.0,0.0,0.0,0.0,54.5,56.0,53.0,0.5,54.5,56.0,53.0,0.5,0.0,340.0,340.0,340.0,1.0,14.111929057631642,0.8172389944083989,0.9164656437933445,0.12284322595223784,2.8587905932217836,3.8283040672540665,22.719876061659306,129.46723906084074,3.623308736656253,1.1615534141867485,0.15569483644136609,789.0,22.719876061659306,34.727302114621516,
397,801.0,801.0,0.0,801.0,801.0,801.0,0.7741487622261047,1.0,0.04262927174568176,0.0034192134626209736,0.007377122063189745,0.9997626543045044,2.3169970512390137,0.8374626636505127,0.0010038253385573626,0.0004554236074909568,2.3152971267700195,0.8364839553833008,0.0009786784648895264,0.003201216459274292,0.004179894924163818,-0.0022225379943847656,1.0009843111038208,-0.00018066167831420898,-0.045575857162475586,0.0,-0.0008468180894851685,0.0,0.0,0.0008014257473405451,0.001,8.014257559807447e-07,0.00018787384033203125,3e-06,77.88953876495361,83.70703125,308.5911102294922,0.0,397.0,0.0,0.0,0.0,0.0,0.0,0.0,0.0,0.0,0.0,0.0,0.0,0.0,0.0,63.5,64.0,63.0,0.5,63.5,64.0,63.0,0.5,0.0,337.0,337.0,337.0,1.0,16.07661506580189,1.2118911882862449,0.8543414892628789,0.1357923960313201,2.654872518964112,3.3321558767929673,24.314736540894955,126.58752020316447,3.3144475892186165,1.0665936195541559,0.16952858430876416,801.0,24.314736540894955,32.942984952882306,
398,837.0,837.0,0.0,837.0,837.0,837.0,0.9385384917259216,1.0,0.05898362398147583,0.003547623986378312,0.007719462271779776,0.9997614622116089,2.5749194622039795,0.9453757405281067,-0.0023371290881186724,0.000699418771546334,2.580944538116455,0.9477148056030273,-0.0023390650749206543,0.0023390650749206543,-0.002278566360473633,-0.0023995637893676758,0.9976636171340942,0.007488608360290527,0.4432992935180664,0.0,0.0,0.0,0.0,0.0010984342661686242,0.001,1.0984342679876136e-06,0.000213623046875,3e-06,77.88953876495361,83.70703125,308.8799057006836,0.0,398.0,0.0,0.0,0.0,0.0,0.0,0.0,0.0,0.0,0.0,0.0,0.0,0.0,0.0,78.5,81.0,76.0,0.5,78.5,81.0,76.0,0.5,0.0,340.0,340.0,340.0,1.0,20.092254440765828,1.1478037368506193,0.9826826639473438,0.16754936380311847,2.6065946333110332,3.1583675290457904,28.19994332641363,127.97614293481419,3.1142110314349263,1.174053361944258,0.20017845137768037,837.0,28.19994332641363,29.680910713604852,
399,8698.0,8698.0,0.0,8698.0,8698.0,8698.0,0.009846166707575321,1.0,0.08131510019302368,0.0013058314798399806,0.007115756627172232,0.9295955896377563,1.0030004978179932,0.002996011869981885,0.0010782774770632386,2.9234313842607662e-05,1.0019195079803467,0.0019177341600880027,0.0010782777098938823,0.0010782777098938823,0.001351393642835319,0.0008051617769524455,1.0010788440704346,-0.0020418763160705566,-0.2770054340362549,0.0,-0.0009043781319633126,0.0,0.0,0.01308087958022952,0.001,1.3080880307825282e-05,0.0002765655517578125,3e-06,77.88953876495361,83.70703125,308.6781349182129,0.0,399.0,0.0,1.0,1.0,1.0,1.0,1.0,1.0,0.0,0.0,0.0,0.0,0.0,0.0,152.0,152.0,152.0,1.0,152.0,152.0,152.0,1.0,0.0,4197.0,4197.0,4197.0,1.0,40.13149159727618,1.225864798296243,1.1076184762641788,0.1645912271924317,3.896842636168003,5.403243299107999,51.96610960830003,132.01148551735585,0.4480159388558293,0.12734174249990557,0.018922881949003413,8698.0,51.96610960830003,167.37831762974142,
400,819.0,819.0,0.0,819.0,819.0,819.0,0.6169078946113586,1.0,0.03130298852920532,0.0036582108587026596,0.00789046473801136,0.9996863007545471,1.9899637699127197,0.6784442663192749,0.00038825528463348746,0.00041571102337911725,1.9895644187927246,0.6781260371208191,0.00031825900077819824,0.0008471310138702393,0.0011653900146484375,-0.000528872013092041,1.0003186464309692,0.000897526741027832,-0.04391211271286011,0.0,0.0008816249901428819,0.0,0.0,0.000997517810901627,0.001,9.975178727472667e-07,0.00021457672119140625,3e-06,77.88953876495361,83.70703125,308.5751152038574,0.0,400.0,0.0,0.0,0.0,0.0,0.0,0.0,0.0,0.0,0.0,0.0,0.0,0.0,0.0,66.5,72.0,61.0,0.5,66.5,72.0,61.0,0.5,0.0,343.0,343.0,343.0,1.0,18.07781567191705,0.9475874658674002,0.8284165617078543,0.1067047119140625,2.705115548800677,3.5038864789530635,131.33375974418595,135.92342610463947,3.3029493880350147,1.0114976333429233,0.13028658353365385,819.0,131.33375974418595,6.236020362131272,105.1173658571206
401,828.0,828.0,0.0,828.0,828.0,828.0,0.8786205053329468,1.0,0.03606504201889038,0.004110890906304121,0.00842522643506527,0.9996849894523621,2.4106736183166504,0.8757767677307129,0.003122375113889575,0.0005019866512157023,2.4034178256988525,0.8723511695861816,0.0034255683422088623,0.004427224397659302,0.007852792739868164,-0.0010016560554504395,1.0034412145614624,-0.004260361194610596,-0.24358665943145752,0.0,0.00044287779019214213,0.0,0.0,0.0013302192674018443,0.001,1.3302193337949575e-06,0.0002269744873046875,3e-06,77.88953876495361,83.70703125,308.70895767211914,0.0,401.0,0.0,0.0,0.0,0.0,0.0,0.0,0.0,0.0,0.0,0.0,0.0,0.0,0.0,73.0,78.0,68.0,0.5,73.0,78.0,68.0,0.5,0.0,341.0,341.0,341.0,1.0,20.071968839969486,1.0198147529736161,0.9001110661774874,0.13229008996859193,2.8006533617153764,3.7898323899134994,28.744231493677944,137.47923862992798,3.382431596274609,1.0870906596346466,0.1597706400586859,828.0,28.744231493677944,28.80577969816698,
402,2050.0,2050.0,0.0,2050.0,2050.0,2050.0,0.22959542274475098,1.0,0.41950905323028564,0.1292683333158493,0.16891871392726898,0.15346455574035645,1.0965348482131958,0.09213638305664062,-0.08585548400878906,0.04393713176250458,1.194939374923706,0.1779918670654297,-0.08585547655820847,0.08585547655820847,-0.07757212221622467,-0.09413883090019226,0.9177583456039429,0.383115291595459,0.9917981624603271,0.0,0.04198455810546875,0.0,0.0,0.019010990858078003,0.001,1.9010991309187375e-05,0.007354736328125,3e-06,77.88953876495361,83.70703125,308.75849533081055,0.0,402.0,0.0,0.0,0.0,0.0,0.0,0.0,0.0,0.0,0.0,0.0,0.0,0.0,0.0,4.0,4.0,4.0,1.0,4.0,4.0,4.0,1.0,0.0,1021.0,1021.0,1021.0,1.0,2.0459061479195952,0.9554518698714674,0.9468868253752589,0.11555009288713336,3.00742906704545,3.2784899002872407,10.382354124914855,255.7382684899494,1.4670385692904635,0.46189601237817507,0.05636589896933335,2050.0,10.382354124914855,197.45040241697708,
403,4312.0,4312.0,0.0,4312.0,4312.0,4312.0,0.014814350754022598,1.0,0.17768853902816772,0.003857632400467992,0.022922148928046227,0.7139039039611816,1.005580186843872,0.005564681254327297,-0.0002406917919870466,0.0004198123060632497,1.0058221817016602,0.005805373191833496,-0.00024069193750619888,0.00024069193750619888,-6.466824561357498e-05,-0.0004167156293988228,0.999759316444397,0.0021630525588989258,0.05516993999481201,0.0,0.00011062621706514619,0.0,0.0,0.0004718932032119483,0.001,4.7189323026941565e-07,2.753734588623047e-05,3e-06,77.88953876495361,83.70703125,308.60466384887695,0.0,403.0,0.0,0.0,0.0,0.0,0.0,0.0,0.0,0.0,0.0,0.0,0.0,0.0,0.0,110.0,110.0,110.0,1.0,110.0,110.0,110.0,1.0,0.0,2046.0,2046.0,2046.0,1.0,34.126807457301766,0.9747158978134394,0.843269641045481,0.12435197085142136,2.636607861146331,3.581780838780105,42.319525965023786,155.1218520786444,0.6114582238279987,0.19556346035377573,0.02883858322157267,4312.0,42.319525965023786,101.89150047577988,
404,4048.0,4048.0,0.0,4048.0,4048.0,4048.0,0.022516392171382904,1.0,0.02237546443939209,0.0006376347737386823,0.003117514308542013,0.9995660781860352,1.024031639099121,0.02361474186182022,-0.0008944733417592943,6.230080180102959e-05,1.0249996185302734,0.024537289515137672,-0.0009225471876561642,0.0013195150531828403,0.0003969678655266762,-0.0022420622408390045,0.9990787506103516,0.0020464658737182617,0.09584653377532959,0.0,0.000627119472483173,0.0,0.0,6.203258112691401e-05,0.001,6.20325835143376e-08,3.504753112792969e-05,3e-06,77.88953876495361,83.70703125,308.6755599975586,0.0,404.0,0.0,0.0,0.0,0.0,0.0,0.0,0.0,0.0,0.0,0.0,0.0,0.0,0.0,47.0,48.0,46.0,0.5,47.0,48.0,46.0,0.5,0.0,1977.0,1977.0,1977.0,1.0,16.071449331007898,0.9809464388526976,0.7920166552066803,0.12240919610485435,2.76551271462813,3.2926930421963334,24.05832546716556,170.97286522348827,0.6831800184358029,0.19565628834157123,0.030239425915230815,4048.0,24.05832546716556,168.2577619761878,
405,2038.0,2038.0,0.0,2038.0,2038.0,2038.0,0.009986591525375843,1.0,0.003691732883453369,0.00031126587418839335,0.0008320139604620636,0.9989637732505798,1.0022015571594238,0.002199030015617609,9.824353037402034e-05,4.1425226982028107e-07,1.0021030902862549,0.002100786194205284,9.824358858168125e-05,9.824358858168125e-05,9.979656897485256e-05,9.669060818850994e-05,1.0000982284545898,-0.00019490718841552734,-0.0039220452308654785,0.0,-0.00017061233484128024,0.0,0.0,3.3676624298095703e-06,0.001,3.3676625932343995e-09,2.4139881134033203e-06,3e-06,77.88953876495361,83.70703125,308.97365951538086,0.0,405.0,0.0,1.0,1.0,1.0,1.0,1.0,1.0,0.0,0.0,0.0,0.0,0.0,0.0,20.0,20.0,20.0,1.0,20.0,20.0,20.0,1.0,0.0,999.0,999.0,999.0,1.0,6.0497819520533085,0.9168722797185183,0.7952712033875287,0.13870067009702325,2.8249763404019177,3.14482155488804,13.919718663673848,151.2445488013327,1.3861512955848467,0.3902213951852447,0.06805724734888285,2038.0,13.919718663673848,146.41100508148548,
406,4048.0,4048.0,0.0,4048.0,4048.0,4048.0,0.02924361079931259,1.0,0.07955664396286011,0.0019279165426269174,0.009391971863806248,0.9936482906341553,1.022657871246338,0.022340567782521248,0.0020436944905668497,5.413750477600843e-05,1.0206174850463867,0.02032657153904438,0.0020139964763075113,0.0020139964763075113,0.003409877885133028,0.0006181150674819946,1.0020170211791992,-0.0038757920265197754,-0.1672235131263733,0.0,0.0008988406625576317,0.0,0.0,0.00032718574220780283,0.001,3.2718577358537004e-07,0.0002002716064453125,3e-06,77.88953876495361,83.70703125,308.812255859375,0.0,406.0,0.0,0.0,0.0,0.0,0.0,0.0,0.0,0.0,0.0,0.0,0.0,0.0,0.0,47.0,48.0,46.0,0.5,47.0,48.0,46.0,0.5,0.0,1977.0,1977.0,1977.0,1.0,14.054226509761065,1.0464929402805865,0.842532719951123,0.1215393878519535,2.7637134068645537,3.5818589529953897,22.43878293503076,149.51304797618155,0.682735525411204,0.20813555334760944,0.03002455233496875,4048.0,22.43878293503076,180.4019412158216,
407,11588.0,11588.0,0.0,11588.0,11588.0,11588.0,0.08927928656339645,1.0,0.0703091025352478,0.0026712927501648664,0.01139228418469429,0.9962065815925598,1.0616976022720337,0.05938982218503952,0.003138191532343626,0.00013816772843711078,1.0595686435699463,0.057286299765110016,0.0021035224199295044,0.002966061234474182,0.0050695836544036865,-0.0008625388145446777,1.0021101236343384,-0.005738437175750732,-0.197557270526886,0.0,-0.0026388567057438195,0.0,0.0,0.0012325249263085425,0.001,1.2325250509093166e-06,0.00030517578125,3e-06,77.88953876495361,83.70703125,309.28835678100586,0.0,407.0,0.0,0.0,0.0,0.0,0.0,0.0,0.0,0.0,0.0,0.0,0.0,0.0,0.0,43.0,58.0,28.0,0.5,43.0,58.0,28.0,0.5,0.0,5751.0,5751.0,5751.0,1.0,12.148095904383808,1.5263959541916847,1.3284334228374064,0.13426699116826057,4.240804112050682,3.319250895176083,22.738155568949878,141.25692912074194,0.3659651460174907,0.1146387144319474,0.011586726887147097,11588.0,22.738155568949878,509.62796717883356,
408,4134.0,4134.0,0.0,4134.0,4134.0,4134.0,0.03662841022014618,1.0,0.041051268577575684,0.001015689573250711,0.005282810423523188,0.9990251660346985,1.0446996688842773,0.04372183978557587,0.0005957387038506567,0.0004128915606997907,1.0442028045654297,0.04323189705610275,0.0004899464547634125,0.00268004834651947,0.0031699948012828827,-0.0021901018917560577,1.0004936456680298,0.0005298852920532227,-0.008600056171417236,0.0,0.0002370584406889975,0.0,0.0,0.02027253434062004,0.001,2.0272535039111972e-05,0.00115966796875,3e-06,77.88953876495361,83.70703125,309.06025314331055,0.0,408.0,0.0,0.5090909004211426,0.5090909004211426,0.5090909004211426,0.5090909004211426,0.5090909004211426,0.5090909004211426,0.0,0.0,0.0,0.0,0.0,0.0,76.0,79.0,73.0,0.5,76.0,79.0,73.0,0.5,0.0,1991.0,1991.0,1991.0,1.0,20.105645562056452,0.9256504089571536,0.9975902759470046,0.13732408080250025,2.7375539862550795,3.5335838086903095,28.468843816313893,132.2739839608977,0.6622046410873439,0.24131356457353764,0.03321821016025647,4134.0,28.468843816313893,145.21137657269514,
409,4082.0,4082.0,0.0,4082.0,4082.0,4082.0,0.037148237228393555,1.0,0.22812795639038086,0.009858263656497002,0.04079972952604294,0.7973359823226929,1.0198478698730469,0.01965337246656418,0.0029155598022043705,0.0016114823520183563,1.0168787240982056,0.016737811267375946,0.002915560267865658,0.002915560267865658,0.003654312342405319,0.0021768081933259964,1.002920150756836,0.0005505084991455078,-0.27611565589904785,0.0,-0.002851792727597058,0.0,0.0,0.0011416312190704048,0.001,1.1416312872825074e-06,7.534027099609375e-05,3e-06,77.88953876495361,83.70703125,310.4895896911621,0.0,409.0,0.0,0.0,0.0,0.0,0.0,0.0,0.0,0.0,0.0,0.0,0.0,0.0,0.0,56.0,56.0,56.0,1.0,56.0,56.0,56.0,1.0,0.0,1985.0,1985.0,1985.0,1.0,20.071319799870253,0.9595952569507062,0.8372075008228421,0.10915980488061905,2.7269576410762966,3.68811396881938,28.421751675195992,179.20821249884153,0.6680444980588673,0.20509737893749194,0.026741745438662187,4082.0,28.421751675195992,143.62239339253713,
410,4066.0,4066.0,0.0,4066.0,4066.0,4066.0,0.012399637140333652,1.0,0.006531417369842529,0.0001563789410283789,0.0008222086471505463,0.9999645352363586,1.0649629831314087,0.06123841181397438,0.0024135520216077566,0.00027598440647125244,1.0622963905334473,0.05887245759367943,0.0023659546859562397,0.0024749557487666607,0.0048409104347229,-0.00010900106281042099,1.0023717880249023,-0.0038060545921325684,-0.1951025128364563,0.0,-0.00013505269816960208,0.0,0.0,0.0014236438303214527,0.001,1.4236438801162876e-06,0.00043487548828125,3e-06,77.88953876495361,83.70703125,313.6403388977051,0.0,410.0,0.0,0.0,0.0,0.0,0.0,0.0,0.0,0.0,0.0,0.0,0.0,0.0,0.0,52.0,53.0,51.0,0.5,52.0,53.0,51.0,0.5,0.0,1981.0,1981.0,1981.0,1.0,14.076886746101081,0.9544168249703944,0.8983898479491472,0.07744443230330944,3.044535201974213,3.2928938986733556,22.37650967715308,135.35468025097194,0.7487789478539629,0.2209517579806068,0.01904683529348486,4066.0,22.37650967715308,181.70841023305246,
411,4084.0,4084.0,0.0,4084.0,4084.0,4084.0,0.02080581896007061,1.0,0.03290599584579468,0.0006522902986034751,0.00382800679653883,0.9990507364273071,1.0263988971710205,0.025828003883361816,8.786703256191686e-05,9.893838978314307e-06,1.0263004302978516,0.02571966126561165,0.00010834238491952419,0.000573217635974288,0.0006815600208938122,-0.0004648752510547638,1.0001084804534912,-0.00013631582260131836,-0.0077790021896362305,0.0,0.0002724055666476488,0.0,0.0,0.00010500742246222217,0.001,1.0500743030661397e-07,6.198883056640625e-05,3e-06,77.88953876495361,83.70703125,313.47806549072266,0.0,411.0,0.0,0.0,0.0,0.0,0.0,0.0,0.0,0.0,0.0,0.0,0.0,0.0,0.0,56.0,58.0,54.0,0.5,56.0,58.0,54.0,0.5,0.0,1986.0,1986.0,1986.0,1.0,14.079751688987017,1.0374623071402311,1.0072389147244394,0.12372118374332786,4.1464504627510905,4.589676515664905,25.01633432507515,125.7120686516698,1.015291494307319,0.2466304884242016,0.030294119427847172,4084.0,25.01633432507515,163.2533346784704,
412,4086.0,4086.0,0.0,4086.0,4086.0,4086.0,0.021014316007494926,1.0,0.08651059865951538,0.0019443066557869315,0.010304450988769531,0.9942629337310791,1.01138174533844,0.011317389085888863,0.0016536583425477147,0.00012414369848556817,1.0097107887268066,0.00966373085975647,0.0016536582261323929,0.0016536582261323929,0.0017443737015128136,0.0015629427507519722,1.001655101776123,-0.0028288960456848145,-0.16902709007263184,0.0,-0.001170141331385821,0.0,0.0,0.00026305553183192387,0.001,2.630555400173762e-07,8.487701416015625e-05,3e-06,77.88953876495361,83.70703125,307.7596740722656,0.0,412.0,0.0,0.0,0.0,0.0,0.0,0.0,0.0,0.0,0.0,0.0,0.0,0.0,0.0,56.0,56.0,56.0,1.0,56.0,56.0,56.0,1.0,0.0,1987.0,1987.0,1987.0,1.0,22.08379014302045,1.150639136787504,1.1735946363769472,0.08529740292578936,3.6525098541751504,5.182465253863484,33.359479781705886,197.17669770553974,0.893908432250404,0.2872233569204472,0.020875526903032147,4086.0,33.359479781705886,122.48392441181696,
413,4060.0,4060.0,0.0,4060.0,4060.0,4060.0,0.017950156703591347,1.0,0.16520702838897705,0.0039695450104773045,0.02320796623826027,0.8977479338645935,1.0064504146575928,0.006429712288081646,0.0036487728357315063,0.0003539249300956726,1.0027848482131958,0.0027809389866888523,0.0036487733013927937,0.0036487733013927937,0.0039020474068820477,0.003395498963072896,1.0036554336547852,-0.0059639811515808105,-0.29530251026153564,0.0,-0.0032308498630300164,0.0,0.0,0.0004281364526832476,0.001,4.2813644540729e-07,2.4080276489257812e-05,3e-06,77.88953876495361,83.70703125,308.04426193237305,0.0,413.0,0.0,0.0,0.0,0.0,0.0,0.0,0.0,0.0,0.0,0.0,0.0,0.0,0.0,48.0,48.0,48.0,1.0,48.0,48.0,48.0,1.0,0.0,1982.0,1982.0,1982.0,1.0,16.077057110145688,0.9372941455803812,0.8674929980188608,0.12095966283231974,2.747693669050932,3.291728551965207,24.078054927755147,167.4693448973509,0.6767718396677173,0.21366822611301992,0.029793020402049196,4060.0,24.078054927755147,168.61827137539981,
414,4050.0,4050.0,0.0,4050.0,4050.0,4050.0,0.028786232694983482,1.0,0.23344898223876953,0.0050521246157586575,0.03192107751965523,0.9669933319091797,1.0432733297348022,0.04236207157373428,0.007131911814212799,0.0008516261004842818,1.035858154296875,0.035230159759521484,0.00713190995156765,0.00713190995156765,0.008660625666379929,0.005603194236755371,1.0071585178375244,-0.011138916015625,-0.4832056760787964,0.0,-0.005205519613809884,0.0,0.0,0.0007308562635444105,0.001,7.308562999241985e-07,4.0531158447265625e-05,3e-06,77.88953876495361,83.70703125,308.2260093688965,0.0,414.0,0.0,0.0,0.0,0.0,0.0,0.0,0.0,0.0,0.0,0.0,0.0,0.0,0.0,47.0,47.0,47.0,1.0,47.0,47.0,47.0,1.0,0.0,1978.0,1978.0,1978.0,1.0,14.072596727870405,0.9464869308285415,0.8426252910867333,0.17599813640117645,2.6801121458411217,3.4966496899724007,22.26380507275462,149.70847582840855,0.6617560853928696,0.20805562742882305,0.043456329975599124,4050.0,22.26380507275462,181.9096056026917,
415,4058.0,4058.0,0.0,4058.0,4058.0,4058.0,0.015360014513134956,1.0,0.1438131332397461,0.003380741458386183,0.020067760720849037,0.9094595313072205,1.0052833557128906,0.0052694594487547874,0.0032099303789436817,0.000254070881055668,1.0020616054534912,0.0020595293026417494,0.0032099299132823944,0.0032099299132823944,0.003529117675498128,0.002890742151066661,1.0032150745391846,-0.005453586578369141,-0.26954227685928345,0.0,-0.0028579868376255035,0.0,0.0,0.00031102979846764356,0.001,3.1102979392017005e-07,2.0503997802734375e-05,3e-06,77.88953876495361,83.70703125,308.2002639770508,0.0,415.0,0.0,0.0,0.0,0.0,0.0,0.0,0.0,0.0,0.0,0.0,0.0,0.0,0.0,49.0,49.0,49.0,1.0,49.0,49.0,49.0,1.0,0.0,1980.0,1980.0,1980.0,1.0,14.08730484591797,1.17914515780285,0.8465336868539453,0.12202357687056065,2.802519449032843,3.7111072400584817,22.78429225506261,143.74800863181602,0.6906159312550131,0.20860859705617182,0.030069880943952847,4058.0,22.78429225506261,178.10515922864897,
416,4078.0,4078.0,0.0,4078.0,4078.0,4078.0,0.030558079481124878,1.0,0.15205776691436768,0.005434989929199219,0.022285645827651024,0.9781472086906433,1.0110962390899658,0.01103504654020071,0.005552839022129774,0.00036166576319374144,1.0054972171783447,0.0054822079837322235,0.005552838556468487,0.005552838556468487,0.005790195427834988,0.005315481685101986,1.005568265914917,-0.009729504585266113,-0.406499981880188,0.0,-0.005165404407307506,0.0,0.0,0.0004975402262061834,0.001,4.975402134732576e-07,2.849102020263672e-05,3e-06,77.88953876495361,83.70703125,345.8234634399414,0.0,416.0,0.0,0.0,0.0,0.0,0.0,0.0,0.0,0.0,0.0,0.0,0.0,0.0,0.0,47.0,47.0,47.0,1.0,47.0,47.0,47.0,1.0,0.0,1992.0,1992.0,1992.0,1.0,14.066586360801011,0.945249349810183,1.0970165110193193,0.13353245006874204,2.815812770742923,3.912399185821414,23.001211082097143,149.64453575320223,0.6904886637427472,0.2690084627315643,0.03274459295457137,4078.0,23.001211082097143,177.29501222542527,
417,4093.0,4093.0,0.0,4093.0,4093.0,4093.0,0.014969462528824806,1.0,0.06825178861618042,0.0005470060277730227,0.005791932810097933,0.9981147646903992,1.046196460723877,0.044357363134622574,-0.0016733384691178799,9.638242772780359e-05,1.0475965738296509,0.045646604150533676,-0.001289239153265953,0.001289239153265953,-0.0001027919352054596,-0.0024756863713264465,0.9987123012542725,0.0037478208541870117,0.29335570335388184,0.0,-0.0004151410103077069,0.0,0.0,0.00010533984823268838,0.001,1.0533985772553933e-07,0.00019741058349609375,3e-06,77.88953876495361,83.70703125,354.6322135925293,0.0,417.0,0.0,0.0,0.0,0.0,0.0,0.0,0.0,0.0,0.0,0.0,0.0,0.0,0.0,69.5,92.0,47.0,0.5,69.5,92.0,47.0,0.5,0.0,1977.0,1977.0,1977.0,1.0,22.089321627747267,1.0744636710733175,1.1054062726907432,0.12217277195304632,3.569010127335787,4.216922068037093,32.20924254273996,158.91598293343358,0.8719790196276049,0.2700723852164044,0.029849199108977844,4093.0,32.20924254273996,127.07532611388815,
418,4050.0,4050.0,0.0,4050.0,4050.0,4050.0,0.0378638319671154,1.0,0.21938073635101318,0.007298157550394535,0.031117362901568413,0.9627559185028076,1.0402963161468506,0.039505064487457275,0.00019888357201125473,0.001670881756581366,1.0400888919830322,0.03930617868900299,0.00019888393580913544,0.0007055643945932388,0.0009044483304023743,-0.0005066804587841034,1.0001990795135498,0.006488680839538574,-0.016362011432647705,0.0,0.0004540910158539191,0.0,0.0,0.0012161718332208693,0.001,1.2161718814240885e-06,0.00014019012451171875,3e-06,77.88953876495361,83.70703125,357.9633140563965,0.0,418.0,0.0,0.0,0.0,0.0,0.0,0.0,0.0,0.0,0.0,0.0,0.0,0.0,0.0,47.0,47.0,47.0,1.0,47.0,47.0,47.0,1.0,0.0,1978.0,1978.0,1978.0,1.0,14.087558721192181,1.028192169032991,1.0448331753723323,0.12516536610201,3.0330018308013678,3.9103010771796107,23.264706660993397,149.8676459701296,0.7488893409386094,0.25798350009193394,0.030905028667162965,4050.0,23.264706660993397,174.08343285885496,
419,4068.0,4068.0,0.0,4068.0,4068.0,4068.0,0.015471420250833035,1.0,0.16112661361694336,0.004552214872092009,0.023197956383228302,0.3493131399154663,1.0048863887786865,0.004874363075941801,0.002116140676662326,0.00032243967871181667,1.0027620792388916,0.0027582221664488316,0.0021161409094929695,0.0021161409094929695,0.0024854051880538464,0.001746876398101449,1.002118468284607,-0.0029953718185424805,-0.1901712417602539,0.0,-0.0024878501426428556,0.0,0.0,0.00027296243933960795,0.001,2.7296243843011325e-07,4.172325134277344e-05,3e-06,77.88953876495361,83.70703125,355.4400749206543,0.0,419.0,0.0,0.0,0.0,0.0,0.0,0.0,0.0,0.0,0.0,0.0,0.0,0.0,0.0,50.0,50.0,50.0,1.0,50.0,50.0,50.0,1.0,0.0,1984.0,1984.0,1984.0,1.0,16.066818548366427,0.9764325679279864,0.8413073532283306,0.12550828605890274,2.7351318299770355,3.470394814852625,24.24752090498805,160.66818548366427,0.6723529572214935,0.20681105044944215,0.030852577693928893,4068.0,24.24752090498805,167.7697285400899,
420,4054.0,4054.0,0.0,4054.0,4054.0,4054.0,0.027707824483513832,1.0,0.020895183086395264,0.0003880889853462577,0.002378587145358324,0.9997885227203369,1.0423946380615234,0.040967702865600586,0.00018483141320757568,4.342794454714749e-06,1.04219651222229,0.04079115763306618,0.0001765440683811903,0.00041471165604889393,0.0005912557244300842,-0.00023816758766770363,1.0001766681671143,-0.00035250186920166016,-0.01745462417602539,0.0,-0.001614626009541098,0.0,0.0,0.00011368215155016514,0.001,1.1368216235041473e-07,7.534027099609375e-05,3e-06,77.88953876495361,83.70703125,355.4834976196289,0.0,420.0,0.0,0.0,0.0,0.0,0.0,0.0,0.0,0.0,0.0,0.0,0.0,0.0,0.0,50.0,51.0,49.0,0.5,50.0,51.0,49.0,0.5,0.0,1977.0,1977.0,1977.0,1.0,14.084221158642322,1.0033465987071395,0.9111399021930993,0.1384679563343525,3.133090076968074,4.25259145302698,134.00347722461447,140.84221158642322,0.7728391901746605,0.22475083921882075,0.0341558846409355,4054.0,134.00347722461447,30.252946296346853,110.44685639301315
421,8042.0,8042.0,0.0,8042.0,8042.0,8042.0,0.2277778685092926,1.0,0.12515747547149658,0.0051393210887908936,0.016403891146183014,0.9970883727073669,1.2116910219192505,0.17859789729118347,0.01426846906542778,0.0036586627829819918,1.1943556070327759,0.16609784960746765,0.012500053271651268,0.012500053271651268,0.024682343006134033,0.0003177644684910774,1.0126535892486572,-0.016180217266082764,-0.5015361309051514,0.0,-0.007515169098041952,0.0,0.10871899127960205,0.01301975129172206,0.001,0.10873201489448547,2.90625,3e-06,77.88953876495361,83.70703125,306.45906829833984,0.0,421.0,0.0,0.5,1.0,0.0,0.5,1.0,0.0,-0.10264438390731812,0.7071057558059692,-0.7071057558059692,-0.10264438390731812,0.7071057558059692,-0.7071057558059692,62.0,71.0,53.0,0.5,62.0,71.0,53.0,0.5,0.0,3959.0,3959.0,3959.0,1.0,18.094563941005617,1.3214431051164865,1.1707733958028257,0.12561693601310253,3.393491151742637,3.6606980757787824,27.802017891779542,145.9239027500453,0.42197104597645324,0.14558236704834937,0.01562011141670014,8042.0,27.802017891779542,289.2595793335507,
422,1359.0,1359.0,0.0,1359.0,1359.0,1359.0,1.213366150856018,1.0,0.04477560520172119,0.004139958880841732,0.007983863353729248,0.9997689723968506,4.598136901855469,1.4645015001296997,0.002625135239213705,0.0005818908102810383,4.581295013427734,1.4626904726028442,0.0018110275268554688,0.00551760196685791,0.007328629493713379,-0.0037065744400024414,1.0018279552459717,-0.002977907657623291,-0.09437143802642822,0.0,0.0031203406397253275,0.0,0.10191711783409119,0.0009718917863210663,0.001,0.10191807150840759,2.875,3e-06,77.88953876495361,83.70703125,307.3129234313965,0.0,422.0,0.0,0.20000000298023224,0.4000000059604645,0.0,0.20000000298023224,0.4000000059604645,0.0,-0.10432685166597366,0.7071042060852051,-0.7071042060852051,-0.10432685166597366,0.7071042060852051,-0.7071042060852051,30.5,35.0,26.0,0.5,30.5,35.0,26.0,0.5,0.0,649.0,649.0,649.0,1.0,10.073674185667187,1.1825926336459816,1.0394623898901045,0.13784972298890352,3.280439809896052,4.153079673182219,19.90277582919225,165.14219976503585,2.413862994772665,0.7648729874099371,0.10143467475268839,1359.0,19.90277582919225,68.28193271446573,
423,1359.0,1359.0,0.0,1359.0,1359.0,1359.0,1.177200436592102,1.0,0.02829834818840027,0.003961875103414059,0.007013577036559582,0.9997870922088623,3.8676159381866455,1.329421877861023,-0.004976814612746239,0.0006343639688566327,3.8847551345825195,1.3349807262420654,-0.005558907985687256,0.005558907985687256,-0.00015461444854736328,-0.010963201522827148,0.9944710731506348,0.012522697448730469,0.4499166011810303,0.0,-0.002238584158476442,0.0,0.0,0.0008865292184054852,0.001,8.865292784321355e-07,0.00019931793212890625,3e-06,77.88953876495361,83.70703125,306.89112854003906,0.0,423.0,0.0,0.4000000059604645,0.4000000059604645,0.4000000059604645,0.4000000059604645,0.4000000059604645,0.4000000059604645,0.0,0.0,0.0,0.0,0.0,0.0,32.5,36.0,29.0,0.5,32.5,36.0,29.0,0.5,0.0,647.0,647.0,647.0,1.0,12.073608675971627,1.0712838806211948,0.985188459046185,0.1360907219350338,3.307300448883325,4.434789235237986,22.042566757649183,185.74782578417887,2.433627997706641,0.7249363201222848,0.10014033990804547,1359.0,22.042566757649183,61.65343695867005,
424,1357.0,1357.0,0.0,1357.0,1357.0,1357.0,0.959743857383728,1.0,0.03744328022003174,0.0037807615008205175,0.00753776915371418,0.9997758269309998,3.017660617828369,1.024057388305664,0.0036453113425523043,0.0006851600483059883,3.007486343383789,1.0203638076782227,0.003693491220474243,0.003693491220474243,0.004513084888458252,0.0028738975524902344,1.0037007331848145,-0.004605114459991455,-0.16926062107086182,0.0,-0.0014104136498644948,0.0,0.0,0.0012219758646097034,0.001,1.2219759355502902e-06,0.00104522705078125,3e-06,77.88953876495361,83.70703125,307.3915824890137,0.0,424.0,0.0,0.0,0.0,0.0,0.0,0.0,0.0,0.0,0.0,0.0,0.0,0.0,0.0,25.5,27.0,24.0,0.5,25.5,27.0,24.0,0.5,0.0,653.0,653.0,653.0,1.0,8.05843204492703,1.1356168850325048,1.022131866775453,0.1260453462600708,3.2742006960324943,3.971237703692168,17.635319541208446,158.00847146915746,2.412822915278183,0.75322908384337,0.09288529569644127,1357.0,17.635319541208446,76.94785437990497,
425,1379.0,1379.0,0.0,1379.0,1379.0,1379.0,0.6717544794082642,1.0,0.03277868032455444,0.004043560475111008,0.008320916444063187,0.9995055198669434,1.6073689460754395,0.4621574878692627,0.003893605200573802,0.00033718807389959693,1.5996439456939697,0.4583667814731598,0.0037907063961029053,0.006689876317977905,0.01048058271408081,-0.002899169921875,1.0038204193115234,-0.006449997425079346,-0.14770293235778809,0.0,0.0003136622253805399,0.0,0.0,0.0008735785086173564,0.001,8.735785286262399e-07,0.00019741058349609375,3e-06,77.88953876495361,83.70703125,307.4931640625,0.0,425.0,0.0,0.4000000059604645,0.4000000059604645,0.4000000059604645,0.4000000059604645,0.4000000059604645,0.4000000059604645,0.0,0.0,0.0,0.0,0.0,0.0,32.5,33.0,32.0,0.5,32.5,33.0,32.0,0.5,0.0,657.0,657.0,657.0,1.0,10.059409669600427,1.094032157678157,1.0453553041443229,0.12563413800671697,3.121853932272643,3.930077414959669,19.424848861061037,154.7601487630835,2.26385346792795,0.7580531574650637,0.09110524873583536,1379.0,19.424848861061037,70.99154335065829,
426,1397.0,1397.0,0.0,1397.0,1397.0,1397.0,0.9416040778160095,1.0,0.030124276876449585,0.0047704498283565044,0.00804304238408804,0.9996967911720276,2.5205044746398926,0.8856304883956909,0.007601931691169739,0.0010528931161388755,2.501413583755493,0.8780282735824585,0.007602185010910034,0.007602185010910034,0.007605433464050293,0.007598936557769775,1.0076310634613037,-0.011285364627838135,-0.4671734571456909,0.0,-0.005479732761159539,0.0,0.0,0.0012593125575222075,0.001,1.2593126257343101e-06,0.000308990478515625,3e-06,77.88953876495361,83.70703125,307.12113189697266,0.0,426.0,0.0,0.4000000059604645,0.4000000059604645,0.4000000059604645,0.4000000059604645,0.4000000059604645,0.4000000059604645,0.0,0.0,0.0,0.0,0.0,0.0,41.5,45.0,38.0,0.5,41.5,45.0,38.0,0.5,0.0,657.0,657.0,657.0,1.0,14.079598401207477,1.0760603919625282,1.0767334499396384,0.13390184566378593,3.167008846066892,4.2396629168652,23.806002910714597,169.63371567719852,2.267007048007797,0.7707469219324541,0.09584956740428485,1397.0,23.806002910714597,58.682677862365495,
427,1433.0,1433.0,0.0,1433.0,1433.0,1433.0,1.5096004009246826,1.0,0.033992230892181396,0.0035809376277029514,0.006628623232245445,0.9998384118080139,5.5662522315979,1.5742449760437012,0.0023872011806815863,0.0005323865916579962,5.556127548217773,1.5714194774627686,0.002825438976287842,0.002825438976287842,0.004840493202209473,0.0008103847503662109,1.0028314590454102,-0.002667844295501709,-0.2301863431930542,0.0,0.003105935516941827,0.0,0.0,0.0014084680587984622,0.001,1.4084681652093423e-06,0.000209808349609375,3e-06,77.88953876495361,83.70703125,306.9748001098633,0.0,427.0,0.0,0.4000000059604645,0.4000000059604645,0.4000000059604645,0.4000000059604645,0.4000000059604645,0.4000000059604645,0.0,0.0,0.0,0.0,0.0,0.0,57.5,70.0,45.0,0.5,57.5,70.0,45.0,0.5,0.0,659.0,659.0,659.0,1.0,18.081400702241808,0.9114682571962476,0.8624130371026695,0.09192651277408004,2.792448353022337,4.056645858101547,26.831862059421837,157.2295713238418,1.948672960936732,0.6018234732049333,0.06414969488770414,1433.0,26.831862059421837,53.40665499943606,
428,1380.0,1380.0,0.0,1380.0,1380.0,1380.0,0.7332374453544617,1.0,0.03461974859237671,0.004819835070520639,0.008922246284782887,0.9995139241218567,1.6897629499435425,0.5245813131332397,0.0009152418351732194,0.0004370352835394442,1.688744306564331,0.5239121913909912,0.0006691515445709229,0.008367031812667847,0.00903618335723877,-0.007697880268096924,1.0007044076919556,-8.058547973632812e-05,0.09665322303771973,0.0,-0.004693807568401098,0.0,0.0,0.0008797005575615913,0.001,8.797005648375489e-07,0.00019359588623046875,3e-06,77.88953876495361,83.70703125,306.9196357727051,0.0,428.0,0.0,0.4000000059604645,0.4000000059604645,0.4000000059604645,0.4000000059604645,0.4000000059604645,0.4000000059604645,0.0,0.0,0.0,0.0,0.0,0.0,34.0,35.0,33.0,0.5,34.0,35.0,33.0,0.5,0.0,656.0,656.0,656.0,1.0,14.12209695018828,1.083297691307962,1.038727035280317,0.13237718818709254,3.052421921864152,3.8302530725486577,23.329012217000127,207.67789632629822,2.2118999433798203,0.7527007502031283,0.09592549868629895,1380.0,23.329012217000127,59.153811878686305,
429,1377.0,1377.0,0.0,1377.0,1377.0,1377.0,0.6340832114219666,1.0,0.031723231077194214,0.003935390152037144,0.007252310402691364,0.9997169375419617,1.9133014678955078,0.6429221630096436,-0.0005629166844300926,0.0005900150281377137,1.91498601436615,0.6432461738586426,-0.00032401084899902344,0.005015969276428223,0.004691958427429199,-0.005339980125427246,0.9996886253356934,0.0035424232482910156,0.08858907222747803,0.0,-0.002831236459314823,0.0,0.0,0.0007414260180667043,0.001,7.414261062876903e-07,0.00018024444580078125,3e-06,77.88953876495361,83.70703125,307.01042556762695,0.0,429.0,0.0,0.4000000059604645,0.4000000059604645,0.4000000059604645,0.4000000059604645,0.4000000059604645,0.4000000059604645,0.0,0.0,0.0,0.0,0.0,0.0,31.5,33.0,30.0,0.5,31.5,33.0,30.0,0.5,0.0,657.0,657.0,657.0,1.0,10.066063181962818,0.9102664580568671,1.024987867102027,0.12579455133527517,2.8459887360222638,3.4761161762289703,18.48072937503457,159.77878066607647,2.066803729863663,0.7443630116935562,0.09135406778160869,1377.0,18.48072937503457,74.51004622470016,
430,1379.0,1379.0,0.0,1379.0,1379.0,1379.0,1.3385779857635498,1.0,0.034924596548080444,0.003602710086852312,0.007401302922517061,0.999813437461853,5.822522163391113,1.5621583461761475,-0.0014401300577446818,0.0008471855544485152,5.847819805145264,1.5633461475372314,-0.0011877119541168213,0.005469411611557007,0.0042816996574401855,-0.006657123565673828,0.9988279342651367,0.0062868595123291016,0.16968679428100586,0.0,-0.0017036007484421134,0.0,0.0,0.0014865205739624798,0.001,1.4865206594549818e-06,0.000362396240234375,3e-06,77.88953876495361,83.70703125,307.25182723999023,0.0,430.0,0.0,0.4000000059604645,0.4000000059604645,0.4000000059604645,0.4000000059604645,0.4000000059604645,0.4000000059604645,0.0,0.0,0.0,0.0,0.0,0.0,32.5,34.0,31.0,0.5,32.5,34.0,31.0,0.5,0.0,657.0,657.0,657.0,1.0,10.06700319191441,1.0694763860665262,0.8611311796121299,0.1596150458790362,3.31865576794371,4.327990799676627,19.835328319109976,154.87697218329862,2.4065669093137854,0.6244606088557868,0.11574695132634967,1379.0,19.835328319109976,69.52241867715536,
431,1384.0,1384.0,0.0,1384.0,1384.0,1384.0,1.0497466325759888,1.0,0.20205456018447876,0.031988926231861115,0.04609883204102516,0.9904986023902893,3.5366387367248535,1.2571852207183838,0.051899515092372894,0.019699212163686752,3.353282928466797,1.2052855491638184,0.05189955234527588,0.05189955234527588,0.06492114067077637,0.03887796401977539,1.0533592700958252,-0.030051589012145996,-0.9677495360374451,0.0,-0.04994838312268257,0.0,0.0,0.020724114030599594,0.001,2.072411371045746e-05,0.000720977783203125,3e-06,77.88953876495361,83.70703125,308.2989082336426,0.0,431.0,0.0,0.4000000059604645,0.4000000059604645,0.4000000059604645,0.4000000059604645,0.4000000059604645,0.4000000059604645,0.0,0.0,0.0,0.0,0.0,0.0,37.0,37.0,37.0,1.0,37.0,37.0,37.0,1.0,0.0,655.0,655.0,655.0,1.0,12.077061926014721,1.0364864822477102,0.8728507524356246,0.13242970407009125,2.9028094271197915,3.6342378868721426,20.690007153898478,163.20353954073948,2.0974056554333753,0.6306725089852779,0.09568620236278269,1384.0,20.690007153898478,66.892195333979,
432,1377.0,1377.0,0.0,1377.0,1377.0,1377.0,0.6316547989845276,1.0,0.024623513221740723,0.0038510141894221306,0.0069253346882760525,0.999718964099884,1.782596468925476,0.5779959559440613,-0.002619439037516713,0.00045791512820869684,1.7876558303833008,0.5807826519012451,-0.002786695957183838,0.0034011006355285645,0.0006144046783447266,-0.006187796592712402,0.9972230195999146,0.00714874267578125,0.19659185409545898,0.0,-0.00029328465461730957,0.0,-0.03502011299133301,0.003139699896564707,0.001,-0.0350169837474823,1.28125,3e-06,77.88953876495361,83.70703125,308.2658042907715,0.0,432.0,0.0,0.20000000298023224,0.4000000059604645,0.0,0.20000000298023224,0.4000000059604645,0.0,0.034775618463754654,0.7071042060852051,-0.7071042060852051,0.034775618463754654,0.7071042060852051,-0.7071042060852051,30.5,32.0,29.0,0.5,30.5,32.0,29.0,0.5,0.0,658.0,658.0,658.0,1.0,8.067242994904518,0.913389528170228,0.9181033447384834,0.11894633807241917,2.8838853081688285,3.747341693378985,16.682813366875052,132.24988516236914,2.0943248425336445,0.6667417173118979,0.08638078291388465,1377.0,16.682813366875052,82.54003504793349,
433,1374.0,1374.0,0.0,1374.0,1374.0,1374.0,0.7549899816513062,1.0,0.03577864170074463,0.004383638966828585,0.008533794432878494,0.9996346235275269,2.2342381477355957,0.7935532331466675,0.005273233633488417,0.0008755949675105512,2.223205089569092,0.7880480885505676,0.0055051445960998535,0.0055051445960998535,0.009331047534942627,0.00167924165725708,1.0055277347564697,-0.007097780704498291,-0.2750856876373291,0.0,-0.0005888144951313734,0.0,0.0,0.0017774330917745829,0.001,1.777433112692961e-06,0.0003108978271484375,3e-06,77.88953876495361,83.70703125,308.44430923461914,0.0,433.0,0.0,0.4000000059604645,0.4000000059604645,0.4000000059604645,0.4000000059604645,0.4000000059604645,0.4000000059604645,0.0,0.0,0.0,0.0,0.0,0.0,33.0,35.0,31.0,0.5,33.0,35.0,31.0,0.5,0.0,654.0,654.0,654.0,1.0,10.060688171070069,0.917971093673259,0.8571796091273427,0.12677376810461283,2.8756913552060723,3.31070545502007,18.196161726955324,152.4346692586374,2.0929340285342595,0.6238570663226657,0.09226620677191617,1374.0,18.196161726955324,75.51043020048519,
434,1364.0,1364.0,0.0,1364.0,1364.0,1364.0,0.7889489531517029,1.0,0.034025490283966064,0.0034592682495713234,0.007635009940713644,0.9997029900550842,1.8343336582183838,0.6051962971687317,-0.0015705657424405217,0.00021744391415268183,1.8371410369873047,0.6065465211868286,-0.0013501942157745361,0.00319555401802063,0.0018453598022460938,-0.004545748233795166,0.9986557960510254,0.004019498825073242,0.1153571605682373,0.0,-0.0005978660774417222,0.0,0.0,0.0009136539301835,0.001,9.136539347309736e-07,0.0001659393310546875,3e-06,77.88953876495361,83.70703125,307.813907623291,0.0,434.0,0.0,0.4000000059604645,0.4000000059604645,0.4000000059604645,0.4000000059604645,0.4000000059604645,0.4000000059604645,0.0,0.0,0.0,0.0,0.0,0.0,29.0,31.0,27.0,0.5,29.0,31.0,27.0,0.5,0.0,653.0,653.0,653.0,1.0,10.064316335134208,0.9852262400090694,1.094735600054264,0.12075479282066226,2.8984279460273683,4.051525560207665,19.2451030369848,173.52269543334842,2.124947174506868,0.80259208215122,0.08852990676001632,1364.0,19.2451030369848,70.87517262852248,
435,1379.0,1379.0,0.0,1379.0,1379.0,1379.0,0.5810069441795349,1.0,0.029915034770965576,0.002003292553126812,0.004480734467506409,0.9998990297317505,1.8141158819198608,0.5808031558990479,0.000177020177943632,0.00036517693661153316,1.8144316673278809,0.5803716778755188,0.00043144822120666504,0.0035110414028167725,0.0039424896240234375,-0.0030795931816101074,1.0004377365112305,0.0011103153228759766,0.01647186279296875,0.0,-0.00099263884476386,0.0,0.0,0.0012861990835517645,0.001,1.2861991081081214e-06,0.00021839141845703125,3e-06,77.88953876495361,83.70703125,308.09864807128906,0.0,435.0,0.0,0.4000000059604645,0.4000000059604645,0.4000000059604645,0.4000000059604645,0.4000000059604645,0.4000000059604645,0.0,0.0,0.0,0.0,0.0,0.0,34.5,37.0,32.0,0.5,34.5,37.0,32.0,0.5,0.0,655.0,655.0,655.0,1.0,10.066386499907821,0.9143452858552337,0.9082582308910787,0.10286080604419112,2.7663190686143935,3.420275090262294,18.230471811722964,145.88965941895393,2.0060326820989074,0.6586354103633638,0.07459086732718719,1379.0,18.230471811722964,75.64258425353779,
436,1388.0,1388.0,0.0,1388.0,1388.0,1388.0,1.0105655193328857,1.0,0.05233025550842285,0.004739370662719011,0.009629623964428902,0.999591588973999,2.688520908355713,0.9887220859527588,-0.0022617222275584936,0.0005401357193477452,2.692849636077881,0.9904209971427917,-0.0016988813877105713,0.004277855157852173,0.0025789737701416016,-0.005976736545562744,0.9983116984367371,0.006694436073303223,0.2577226161956787,0.0,0.0021105725900270045,0.0,0.0,0.0019089964334852993,0.001,1.908996409838437e-06,0.000507354736328125,3e-06,77.88953876495361,83.70703125,307.98530197143555,0.0,436.0,0.0,0.4000000059604645,0.4000000059604645,0.4000000059604645,0.4000000059604645,0.4000000059604645,0.4000000059604645,0.0,0.0,0.0,0.0,0.0,0.0,38.0,43.0,33.0,0.5,38.0,43.0,33.0,0.5,0.0,656.0,656.0,656.0,1.0,14.078662167768925,0.9504940202459693,0.928783155977726,0.13525593793019652,2.7258951370604336,3.510201544035226,22.36361592495814,185.2455548390648,1.9639013955766813,0.6691521296669496,0.09744664116008395,1388.0,22.36361592495814,62.06509737322803,
437,1376.0,1376.0,0.0,1376.0,1376.0,1376.0,1.084568977355957,1.0,0.029543817043304443,0.004570849239826202,0.007747450843453407,0.9997022747993469,2.4240145683288574,0.820996880531311,-0.0023264975752681494,0.00035108887823298573,2.4297125339508057,0.8232923150062561,-0.002295464277267456,0.002295464277267456,-0.002144753932952881,-0.0024461746215820312,0.997707188129425,0.006074428558349609,0.1724550724029541,0.0,-0.0009672376909293234,0.0,0.0,0.0010237378446618095,0.001,1.0237379228783539e-06,0.0002307891845703125,3e-06,77.88953876495361,83.70703125,308.2490768432617,0.0,437.0,0.0,0.4000000059604645,0.4000000059604645,0.4000000059604645,0.4000000059604645,0.4000000059604645,0.4000000059604645,0.0,0.0,0.0,0.0,0.0,0.0,34.0,41.0,27.0,0.5,34.0,41.0,27.0,0.5,0.0,654.0,654.0,654.0,1.0,10.077743483241647,0.96338572492823,0.9687196491286159,0.12812958285212517,3.1482296949252486,4.593302656896412,19.914609019178897,148.20211004767128,2.2879576271259072,0.7040113729132382,0.09311742939834677,1376.0,19.914609019178897,69.09500451024843,
438,1373.0,1373.0,0.0,1373.0,1373.0,1373.0,0.80548495054245,1.0,0.02659621834754944,0.002357538789510727,0.005505703389644623,0.999858021736145,1.983729600906372,0.6847128868103027,-0.0030767698772251606,0.00030135162523947656,1.990898609161377,0.6882228255271912,-0.0035099685192108154,0.003898411989212036,0.0003884434700012207,-0.0074083805084228516,0.9965037107467651,0.00738978385925293,0.24367153644561768,0.0,0.003703349066199735,0.0,0.0,0.0019259453983977437,0.001,1.925945525727002e-06,0.0002422332763671875,3e-06,77.88953876495361,83.70703125,308.08082580566406,0.0,438.0,0.0,0.4000000059604645,0.4000000059604645,0.4000000059604645,0.4000000059604645,0.4000000059604645,0.4000000059604645,0.0,0.0,0.0,0.0,0.0,0.0,31.5,35.0,28.0,0.5,31.5,35.0,28.0,0.5,0.0,655.0,655.0,655.0,1.0,10.06376832909882,1.1743088359944522,0.9627695209346712,0.13510581804439425,3.288558315951377,4.185231297742575,19.83848552685231,159.74235443014,2.3951626481801727,0.7012159657208092,0.09840190680582248,1373.0,19.83848552685231,69.20891204833055,
439,1384.0,1384.0,0.0,1384.0,1384.0,1384.0,0.5922066569328308,1.0,0.016992896795272827,0.0012284045806154609,0.0027604366187006235,0.9999627470970154,1.8473392724990845,0.6124441623687744,-0.003810388734564185,0.0001866138627519831,1.8538974523544312,0.6160328388214111,-0.0035886168479919434,0.0035886168479919434,-0.0027013421058654785,-0.004475891590118408,0.9964182376861572,0.008377909660339355,0.32654571533203125,0.0,0.0,0.0,0.0,0.0025162209349218756,0.001,2.516221229598159e-06,0.000560760498046875,3e-06,77.88953876495361,83.70703125,308.13105392456055,0.0,439.0,0.0,0.4000000059604645,0.4000000059604645,0.4000000059604645,0.4000000059604645,0.4000000059604645,0.4000000059604645,0.0,0.0,0.0,0.0,0.0,0.0,36.0,45.0,27.0,0.5,36.0,45.0,27.0,0.5,0.0,656.0,656.0,656.0,1.0,10.064833232667297,0.9355383878573775,0.8988397289067507,0.1352423382923007,2.7426357879303396,3.437069398816675,18.246970489621162,139.78935045371247,1.9816732571751008,0.6494506711753979,0.09771845252333866,1384.0,18.246970489621162,75.84820728390042,
440,1375.0,1375.0,0.0,1375.0,1375.0,1375.0,0.9862632155418396,1.0,0.03217548131942749,0.004656040575355291,0.0084254564717412,0.9996882677078247,4.154244422912598,1.3061299324035645,-0.002643849467858672,0.00034941043122671545,4.15757417678833,1.3093206882476807,-0.0031907856464385986,0.005235463380813599,0.002044677734375,-0.008426249027252197,0.9968279600143433,0.006690025329589844,0.25876569747924805,0.0,-0.0009896218398353085,0.0,0.0,0.0020485217100940645,0.001,2.0485217646637466e-06,0.0002899169921875,3e-06,77.88953876495361,83.70703125,308.87846755981445,0.0,440.0,0.0,0.4000000059604645,0.4000000059604645,0.4000000059604645,0.4000000059604645,0.4000000059604645,0.4000000059604645,0.0,0.0,0.0,0.0,0.0,0.0,33.5,37.0,30.0,0.5,33.5,37.0,30.0,0.5,0.0,654.0,654.0,654.0,1.0,10.059114382602274,0.8750655418261886,0.8216875991784036,0.115047347266227,2.8148684296756983,3.70683513302356,129.41618436109275,150.13603556122797,2.047177039764144,0.5975909812206571,0.08367079801180145,1375.0,129.41618436109275,10.624637148654612,110.9775071227923
441,1378.0,1378.0,0.0,1378.0,1378.0,1378.0,0.7094990015029907,1.0,0.04519346356391907,0.004348935559391975,0.007844455540180206,0.9996997714042664,2.2717232704162598,0.7987807989120483,6.051056698197499e-05,0.00043048011139035225,2.2715914249420166,0.7987192273139954,6.160140037536621e-05,6.160140037536621e-05,7.88569450378418e-05,4.4345855712890625e-05,1.0000616312026978,0.0015993118286132812,-0.003985345363616943,0.0,-0.0058830787893384695,0.0,0.0,0.00148746557533741,0.001,1.4874656244501239e-06,0.000213623046875,3e-06,77.88953876495361,83.70703125,308.2962951660156,0.0,441.0,0.0,0.4000000059604645,0.4000000059604645,0.4000000059604645,0.4000000059604645,0.4000000059604645,0.4000000059604645,0.0,0.0,0.0,0.0,0.0,0.0,33.0,35.0,31.0,0.5,33.0,35.0,31.0,0.5,0.0,656.0,656.0,656.0,1.0,10.069384977221489,0.9743455029092729,0.8713453910313547,0.13827776117250323,2.914484732784331,3.352437250316143,18.406554302200675,152.56643904881045,2.115010691425494,0.6323261183101268,0.10034670622097477,1378.0,18.406554302200675,74.86463666017312,
442,1353.0,1353.0,0.0,1353.0,1353.0,1353.0,0.7682338356971741,1.0,0.02613431215286255,0.002710950095206499,0.005838314536958933,0.999854326248169,2.5108423233032227,0.8901282548904419,-0.000994007452391088,0.00029349542455747724,2.5133378505706787,0.8911237716674805,-0.0009954869747161865,0.0009954869747161865,-0.0009868144989013672,-0.0010041594505310059,0.9990049600601196,0.003171563148498535,0.05623042583465576,0.0,0.007235402707010508,0.0,0.119569331407547,0.0027311150915920734,0.001,0.11957207322120667,1.59375,3e-06,77.88953876495361,83.70703125,308.2717170715332,0.0,442.0,0.0,0.20000000298023224,0.4000000059604645,0.0,0.20000000298023224,0.4000000059604645,0.0,-0.11570796370506287,0.7071042060852051,-0.7071042060852051,-0.11570796370506287,0.7071042060852051,-0.7071042060852051,27.5,32.0,23.0,0.5,27.5,32.0,23.0,0.5,0.0,649.0,649.0,649.0,1.0,8.057469910942018,0.9257842432707548,0.8619620129466057,0.11959516489878297,2.968449105974287,3.484964181203395,16.45023328391835,146.4994529262185,2.1939756880815127,0.6370746584971217,0.08839258307374942,1353.0,16.45023328391835,82.248073729306,
443,1350.0,1350.0,0.0,1350.0,1350.0,1350.0,0.9400060176849365,1.0,0.027914226055145264,0.0037328777834773064,0.006153307855129242,0.9998342990875244,3.0437560081481934,1.1128647327423096,0.005743445362895727,0.0005331799620762467,3.0263307094573975,1.1071264743804932,0.005738258361816406,0.005738258361816406,0.005887627601623535,0.005588889122009277,1.0057547092437744,-0.009390950202941895,-0.28317034244537354,0.0,-0.004370286245830357,0.0,0.0,0.0016423874767497182,0.001,1.6423875877080718e-06,0.00023746490478515625,3e-06,77.88953876495361,83.70703125,307.92317962646484,0.0,443.0,0.0,0.0,0.0,0.0,0.0,0.0,0.0,0.0,0.0,0.0,0.0,0.0,0.0,29.0,30.0,28.0,0.5,29.0,30.0,28.0,0.5,0.0,646.0,646.0,646.0,1.0,8.066006075590849,0.9212056649848819,0.9073171042837203,0.1959752389229834,3.287665014155209,4.563903322909027,17.995640467852354,139.06907026880774,2.4353074178927474,0.6720867439138668,0.1451668436466544,1350.0,17.995640467852354,75.0181691177737,
444,1363.0,1363.0,0.0,1363.0,1363.0,1363.0,1.3939388990402222,1.0,0.033845484256744385,0.003200273495167494,0.006904920097440481,0.9998258352279663,5.0282135009765625,1.6078976392745972,0.007597305811941624,0.0004582689725793898,4.992578029632568,1.6015100479125977,0.006387591361999512,0.006387591361999512,0.012622833251953125,0.00015234947204589844,1.006427526473999,-0.01341921091079712,-0.3219497799873352,0.0,0.0010203913261648268,0.0,0.0,0.0015433207736350596,0.001,1.5433208773174556e-06,0.0001983642578125,3e-06,77.88953876495361,83.70703125,311.9321632385254,0.0,444.0,0.0,0.0,0.0,0.0,0.0,0.0,0.0,0.0,0.0,0.0,0.0,0.0,0.0,33.5,40.0,27.0,0.5,33.5,40.0,27.0,0.5,0.0,648.0,648.0,648.0,1.0,14.112290622200817,1.31282140314579,1.1247091828845441,0.13671383215114474,3.6798705509863794,4.694579059258103,25.155075753107667,210.6312033164301,2.6998316588307993,0.8251718142953368,0.10030361859951925,1363.0,25.155075753107667,54.18389566295043,
445,1335.0,1335.0,0.0,1335.0,1335.0,1335.0,0.900355875492096,1.0,0.029454171657562256,0.003757244674488902,0.006920041982084513,0.9997935891151428,2.706038475036621,0.9846186637878418,-0.0028392637614160776,0.0005094575462862849,2.71170973777771,0.9881828427314758,-0.003564178943634033,0.01039057970046997,0.0068264007568359375,-0.013954758644104004,0.9964959621429443,0.0077228546142578125,0.23900854587554932,0.0,-0.001647265162318945,0.0,0.0,0.00614276179112494,0.001,6.142762231320376e-06,0.0017547607421875,3e-06,77.88953876495361,83.70703125,314.78952407836914,0.0,445.0,0.0,0.0,0.0,0.0,0.0,0.0,0.0,0.0,0.0,0.0,0.0,0.0,0.0,21.5,23.0,20.0,0.5,21.5,23.0,20.0,0.5,0.0,646.0,646.0,646.0,1.0,8.065436328295618,1.1178650292567909,1.03244413388893,0.13847338687628508,3.419783935882151,4.796762092970312,18.6348637919873,187.56828670454925,2.5616359070278287,0.7733663924261649,0.10372538342792889,1335.0,18.6348637919873,71.63991188248069,
446,1356.0,1356.0,0.0,1356.0,1356.0,1356.0,0.7509260773658752,1.0,0.03960692882537842,0.005227415822446346,0.009550931863486767,0.9995798468589783,2.1945881843566895,0.7846975922584534,0.009783580899238586,0.0006537566659972072,2.1732966899871826,0.77496337890625,0.009734243154525757,0.009734243154525757,0.010030388832092285,0.009438097476959229,1.009781837463379,-0.017012298107147217,-0.4403277635574341,0.0,0.00036462783464230597,0.0,0.0,0.002866714377887547,0.001,2.866714567062445e-06,0.000408172607421875,3e-06,77.88953876495361,83.70703125,307.72801971435547,0.0,446.0,0.0,0.0,0.0,0.0,0.0,0.0,0.0,0.0,0.0,0.0,0.0,0.0,0.0,30.0,35.0,25.0,0.5,30.0,35.0,25.0,0.5,0.0,648.0,648.0,648.0,1.0,10.161190006881952,0.8997441311366856,0.8201592904515564,0.1271854741498828,2.7686409251764417,4.564258257858455,19.38218949502334,169.35316678136587,2.0417705937879362,0.6048372348462806,0.09379459745566578,1356.0,19.38218949502334,69.96113624563276,
447,3194.0,3194.0,0.0,3194.0,3194.0,3194.0,0.20063358545303345,1.0,0.05245015025138855,0.002599912229925394,0.007296626456081867,0.9993909001350403,1.186968207359314,0.17093777656555176,0.0030995719134807587,0.000480533140944317,1.1841514110565186,0.16862532496452332,0.0023124516010284424,0.0023124516010284424,0.004472449421882629,0.00015245378017425537,1.0023174285888672,-0.004395008087158203,-0.39285582304000854,0.0,-0.0005152150988578796,0.0,0.0,0.028237638995051384,0.001,2.823764043569099e-05,0.002899169921875,3e-06,77.88953876495361,83.70703125,307.34701919555664,0.0,447.0,0.0,0.5333333611488342,0.5333333611488342,0.5333333611488342,0.5333333611488342,0.5333333611488342,0.5333333611488342,0.0,0.0,0.0,0.0,0.0,0.0,118.0,161.0,75.0,0.5,118.0,161.0,75.0,0.5,0.0,1479.0,1479.0,1479.0,1.0,32.14094669232145,0.9727939842268825,0.8352404171600938,0.1334421238861978,2.753928503021598,3.284125733654946,40.14656237885356,136.19045208610783,0.8622193184162799,0.261502948390762,0.041778999338195934,3194.0,40.14656237885356,79.5584929503797,
448,2942.0,2942.0,0.0,2942.0,2942.0,2942.0,0.00872183870524168,1.0,0.008939266204833984,0.0004081355291418731,0.0015380664262920618,0.9765472412109375,1.0016077756881714,0.0016064961673691869,0.00011376867041690275,1.3311704378793365e-06,1.0014939308166504,0.0014927275478839874,0.00011376861948519945,0.00011376861948519945,0.00015580689068883657,7.173034828156233e-05,1.0001137256622314,-0.00022220611572265625,-0.010179877281188965,0.0,4.0774875742499717e-05,0.0,0.0,0.00023146669991547242,0.001,2.3146671424001397e-07,1.52587890625e-05,3e-06,77.88953876495361,83.70703125,307.7572326660156,0.0,448.0,0.0,0.5333333611488342,0.5333333611488342,0.5333333611488342,0.5333333611488342,0.5333333611488342,0.5333333611488342,0.0,0.0,0.0,0.0,0.0,0.0,45.0,45.0,45.0,1.0,45.0,45.0,45.0,1.0,0.0,1426.0,1426.0,1426.0,1.0,20.07664380921051,1.271884131245315,0.9944399893283844,0.13155078468844295,3.777481129858643,5.046756307128817,31.359357860404998,223.073820102339,1.283984068612727,0.3380149521850389,0.0447147466650044,2942.0,31.359357860404998,93.81569651700785,
449,1500.0,1500.0,0.0,1500.0,1500.0,1500.0,0.011960686184465885,1.0,0.1383516788482666,0.0024257665500044823,0.016750507056713104,0.9889331459999084,1.005752682685852,0.005735460668802261,-0.0033476101234555244,0.00028079748153686523,1.009124517440796,0.00908307172358036,-0.003347610356286168,0.003347610356286168,-0.0025703422725200653,-0.004124878440052271,0.9966583251953125,0.007885456085205078,0.3549027442932129,0.0,0.0033465916058048606,0.0,0.0,0.0007043156801955774,0.001,7.043157097541553e-07,0.000247955322265625,3e-06,77.88953876495361,83.70703125,307.8638496398926,0.0,449.0,0.0,1.0,1.0,1.0,1.0,1.0,1.0,0.0,0.0,0.0,0.0,0.0,0.0,45.0,45.0,45.0,1.0,45.0,45.0,45.0,1.0,0.0,705.0,705.0,705.0,1.0,18.083976017311215,1.0758962179534137,1.084265075623989,0.1298247412778437,3.441631199326366,4.748917613178492,28.595479946117848,200.9330668590135,2.294420799550911,0.7228433837493261,0.08654982751856248,1500.0,28.595479946117848,52.45584277048099,
450,3748.0,3748.0,0.0,3748.0,3748.0,3748.0,0.07777099311351776,1.0,0.12969562411308289,0.0031059563625603914,0.015659738332033157,0.9973599314689636,1.11466646194458,0.10423340648412704,0.007632155437022448,0.0017236219719052315,1.107755184173584,0.09871934354305267,0.005514065269380808,0.007942860946059227,0.013456925749778748,-0.002428795211017132,1.0055609941482544,-0.009357631206512451,-0.3052421808242798,0.008771929889917374,-0.0034276744117960334,0.0,0.19453230500221252,0.008427006425336003,0.001,0.19454073905944824,7.28125,3e-06,77.88953876495361,83.70703125,308.2428398132324,0.0,450.0,0.0,0.7666666507720947,1.0,0.5333333611488342,0.7666666507720947,1.0,0.5333333611488342,-0.18856114149093628,0.7071046829223633,-0.707104504108429,-0.18856114149093628,0.7071046829223633,-0.707104504108429,45.0,57.0,33.0,0.5,45.0,57.0,33.0,0.5,0.0,1829.0,1829.0,1829.0,1.0,14.072244361042976,1.258525945711881,0.8477893038652837,0.12062084907665849,2.7649574456736445,3.3283134787343442,22.437502634711564,156.35827067825528,0.7377154337443022,0.22619778651688466,0.032182723873174626,3748.0,22.437502634711564,167.0417631150144,
451,3702.0,3702.0,0.0,3702.0,3702.0,3702.0,0.027325112372636795,1.0,0.14350247383117676,0.007039853371679783,0.026990029960870743,0.9647297263145447,1.0198732614517212,0.01967841573059559,0.0037212700117379427,0.0008728810935281217,1.016085147857666,0.015957145020365715,0.0037212707102298737,0.0037212707102298737,0.0037228818982839584,0.003719659522175789,1.0037281513214111,-0.004160881042480469,-0.2293252944946289,0.0,-0.004286248353309929,0.0,0.0,0.0002064841173705645,0.001,2.0648413112667185e-07,4.315376281738281e-05,3e-06,77.88953876495361,83.70703125,308.51748275756836,0.0,451.0,0.0,0.4000000059604645,0.4000000059604645,0.4000000059604645,0.4000000059604645,0.4000000059604645,0.4000000059604645,0.0,0.0,0.0,0.0,0.0,0.0,35.0,35.0,35.0,1.0,35.0,35.0,35.0,1.0,0.0,1816.0,1816.0,1816.0,1.0,10.067170095164329,0.9465982238762081,0.8355508311651647,0.11947059538215399,2.8193770591169596,3.4550688513554633,18.27984611596912,143.8167156452047,0.7615821337431009,0.22570254758648425,0.032271905829863314,3702.0,18.27984611596912,202.518116209193,
452,3743.0,3743.0,0.0,3743.0,3743.0,3743.0,0.13304901123046875,1.0,0.03091442584991455,0.001628824626095593,0.0054181418381631374,0.9994761943817139,1.1125390529632568,0.10526181757450104,-0.00019239660468883812,6.011423101881519e-05,1.112777590751648,0.10550089925527573,-0.00023908354341983795,0.00047192908823490143,0.00023284554481506348,-0.0007110126316547394,0.9997609853744507,0.0006260871887207031,0.0185091495513916,0.0,0.0016289096674881876,0.0,0.07011187076568604,0.00970993866212666,0.001,0.07012158632278442,0.84375,3e-06,77.88953876495361,83.70703125,356.2936096191406,0.0,452.0,0.0,0.2142857164144516,0.22857142984867096,0.20000000298023224,0.2142857164144516,0.22857142984867096,0.20000000298023224,-0.06993017345666885,0.7070717811584473,-0.7070717811584473,-0.06993017345666885,0.7070717811584473,-0.7070717811584473,45.5,50.0,41.0,0.5,45.5,50.0,41.0,0.5,0.0,1826.0,1826.0,1826.0,1.0,12.066925205290318,0.962521790061146,0.8727335999719799,0.08087594900280237,2.813668353948742,3.6134350174106658,20.441290125716478,132.60357368450897,0.7517147619419562,0.23316419983221476,0.021607253273524547,3743.0,20.441290125716478,183.10977325697567,
453,8702.0,8702.0,0.0,8702.0,8702.0,8702.0,0.008247820660471916,1.0,0.09213709831237793,0.0005919788382016122,0.006338028237223625,0.9928361177444458,1.0078234672546387,0.007783317938446999,-0.0005250368849374354,5.175349724595435e-05,1.008352279663086,0.008307309821248055,-0.0005239917663857341,0.0005239917663857341,-0.0003651601728051901,-0.0006828233599662781,0.9994761943817139,0.001263260841369629,0.17448246479034424,0.0,-8.780094503890723e-06,0.0,0.0045455098152160645,0.006620270200073719,0.001,0.004552125930786133,0.4921875,3e-06,77.88953876495361,83.70703125,357.8467674255371,0.0,453.0,0.0,0.8636363744735718,1.0,0.7272727489471436,0.8636363744735718,1.0,0.7272727489471436,-0.004651981871575117,0.7071031332015991,-0.7071031332015991,-0.004651981871575117,0.7071031332015991,-0.7071031332015991,152.0,153.0,151.0,0.5,152.0,153.0,151.0,0.5,0.0,4199.0,4199.0,4199.0,1.0,40.1320018498227,1.578697165939957,1.1153982230462134,0.12344880402088165,3.4415697222575545,3.849196034949273,50.26425768900663,132.01316397967994,0.39549180903902026,0.1281772262751337,0.014186256495159923,8702.0,50.26425768900663,173.12500771106042,
454,8707.0,8707.0,0.0,8707.0,8707.0,8707.0,0.012194272130727768,1.0,0.05187946557998657,0.0005664264317601919,0.0042179543524980545,0.9965811967849731,1.0087077617645264,0.008656265214085579,-0.0002408037253189832,2.800993934215512e-05,1.0089479684829712,0.00889601744711399,-0.0002397523494437337,0.00032476161140948534,8.500926196575165e-05,-0.000564513960853219,0.9997603297233582,0.000592350959777832,0.08270132541656494,0.0,9.74095455603674e-05,0.0,0.002041935920715332,0.003613163367845118,0.001,0.002045542001724243,0.73046875,3e-06,77.88953876495361,83.70703125,356.4155158996582,0.0,454.0,0.0,0.8636363744735718,1.0,0.7272727489471436,0.8636363744735718,1.0,0.7272727489471436,-0.002288372488692403,0.7071031332015991,-0.7071031332015991,-0.002288372488692403,0.7071031332015991,-0.7071031332015991,154.5,155.0,154.0,0.5,154.5,155.0,154.0,0.5,0.0,4199.0,4199.0,4199.0,1.0,42.14047673391178,1.415163147263229,1.1720626060850918,0.1271828836761415,3.5695650703273714,4.617705233860761,53.07654037605971,136.3769473589378,0.40996497879032634,0.13461153165098103,0.014606969527522854,8707.0,53.07654037605971,164.0461103589056,
455,12090.0,12090.0,0.0,12090.0,12090.0,12090.0,0.022207247093319893,1.0,0.2269623875617981,0.006237030494958162,0.028340011835098267,0.8622549176216125,1.0117312669754028,0.01166299358010292,-0.0014891009777784348,0.000718723691534251,1.0132390260696411,0.013152094557881355,-0.001489101443439722,0.001489101443439722,-0.0011330991983413696,-0.0018451036885380745,0.9985120296478271,0.0059702396392822266,0.23705005645751953,0.0,-0.0001488537845943938,0.0,0.0,0.0015804884606041014,0.001,1.5804885151737835e-06,0.0001888275146484375,3e-06,77.88953876495361,83.70703125,357.0957679748535,0.0,455.0,0.0,1.0,1.0,1.0,1.0,1.0,1.0,0.0,0.0,0.0,0.0,0.0,0.0,71.0,71.0,71.0,1.0,71.0,71.0,71.0,1.0,0.0,5974.0,5974.0,5974.0,1.0,20.08900396199897,1.7050159289501607,1.4002295942045748,0.12411291617900133,4.29189517069608,3.7871979572810233,31.43635668233037,141.4718588873167,0.3549954649045558,0.11581717073652398,0.010265749890736255,12090.0,31.43635668233037,384.5865512397466,
456,6316.0,6316.0,0.0,6316.0,6316.0,6316.0,0.1016382947564125,1.0,0.0980539321899414,0.0038476146291941404,0.012934917584061623,0.996401309967041,1.1315420866012573,0.12029343843460083,0.0008313768776133657,0.0002146207116311416,1.1306824684143066,0.11947371065616608,0.0008197296410799026,0.0008197296410799026,0.001553911715745926,8.55475664138794e-05,1.0008203983306885,-0.0008171796798706055,-0.0954594612121582,0.0,0.00020454585319384933,0.0,-0.012257635593414307,0.006601860048249364,0.001,-0.012251019477844238,0.9296875,3e-06,77.88953876495361,83.70703125,356.13674545288086,0.0,456.0,0.0,0.5,0.6000000238418579,0.4000000059604645,0.5,0.6000000238418579,0.4000000059604645,0.011223958805203438,0.7071019411087036,-0.7071017026901245,0.011223958805203438,0.7071019411087036,-0.7071017026901245,63.0,64.0,62.0,0.5,63.0,64.0,62.0,0.5,0.0,3095.0,3095.0,3095.0,1.0,20.11071882303804,1.2100931419990957,1.081809372175485,0.12102551758289337,3.103808653075248,4.841741295997053,30.50343525968492,159.60887954792096,0.4914199894039341,0.17128077456863283,0.019161734892795025,6316.0,30.50343525968492,207.05864589447032,
457,6282.0,6282.0,0.0,6282.0,6282.0,6282.0,0.042408596724271774,1.0,0.7142481803894043,0.015724748373031616,0.10209628939628601,0.9981354475021362,1.0400711297988892,0.03928175941109657,0.0358160100877285,0.017671067267656326,1.003471851348877,0.003465748857706785,0.0358160100877285,0.0358160100877285,0.03972446545958519,0.03190755471587181,1.036473035812378,-0.0221518874168396,-0.9546701908111572,0.0,-0.03301657363772392,0.0,0.0,0.03134389780461788,0.001,3.134389771730639e-05,0.00180816650390625,3e-06,77.88953876495361,83.70703125,307.90642166137695,0.0,457.0,0.0,1.0,1.0,1.0,1.0,1.0,1.0,0.0,0.0,0.0,0.0,0.0,0.0,44.0,44.0,44.0,1.0,44.0,44.0,44.0,1.0,0.0,3097.0,3097.0,3097.0,1.0,14.079580929595977,1.123022303916514,1.0079643339850008,0.12476477073505521,3.144681006204337,4.585524006746709,24.103296926245093,159.99523783631793,0.500585960873024,0.16045277522843057,0.019860676653144733,6282.0,24.103296926245093,260.6282459707737,
458,9078.0,9078.0,0.0,9078.0,9078.0,9078.0,0.07434999197721481,1.0,0.030777931213378906,0.0012830652995035052,0.004633197095245123,0.9996480941772461,1.142672061920166,0.12976567447185516,-0.0010286403121426702,0.000342963874572888,1.1437292098999023,0.13090068101882935,-0.001135013997554779,0.0025178715586662292,0.0013828575611114502,-0.0036528855562210083,0.9988688230514526,0.003480195999145508,0.22918343544006348,0.0,5.153147503733635e-05,0.0,0.03155478835105896,0.001772189571056515,0.001,0.03155657649040222,0.69921875,3e-06,77.88953876495361,83.70703125,308.3638572692871,0.0,458.0,0.0,0.5714285969734192,0.6857143044471741,0.4571428596973419,0.5714285969734192,0.6857143044471741,0.4571428596973419,-0.02987765520811081,0.707102358341217,-0.7071025371551514,-0.02987765520811081,0.707102358341217,-0.7071025371551514,71.0,74.0,68.0,0.5,71.0,74.0,68.0,0.5,0.0,4468.0,4468.0,4468.0,1.0,22.118078485131264,1.249489740934223,1.2409891937859356,0.1294277161359787,3.601717121899128,4.9256466599181294,33.29701365530491,155.76111609247369,0.39675227163462523,0.13670292947630927,0.014257294132625985,9078.0,33.29701365530491,272.6370627100874,
459,9053.0,9053.0,0.0,9053.0,9053.0,9053.0,0.07289690524339676,1.0,0.05403780937194824,0.002586499322205782,0.008547460660338402,0.9988162517547607,1.123682975769043,0.1158239021897316,-0.003973625134676695,0.00023196497932076454,1.12778902053833,0.11951855570077896,-0.0036946535110473633,0.0036946535110473633,-0.002485796809196472,-0.004903510212898254,0.9963128566741943,0.008901834487915039,0.6384052038192749,0.0,0.0027284330572001636,0.0,-0.16377249360084534,0.0040261727990582585,0.001,-0.163768470287323,1.359375,3e-06,77.88953876495361,83.70703125,308.5550003051758,0.0,459.0,0.0,0.22857142984867096,0.4571428596973419,0.0,0.22857142984867096,0.4571428596973419,0.0,0.1631779968738556,0.7071045637130737,-0.7071045637130737,0.1631779968738556,0.7071045637130737,-0.7071045637130737,58.5,72.0,45.0,0.5,58.5,72.0,45.0,0.5,0.0,4468.0,4468.0,4468.0,1.0,18.10904654301703,1.2005224199965596,1.2066350420936942,0.10582391917705536,3.5533323851414025,4.106301330961287,28.311296633910388,154.77817558134214,0.3925033011312717,0.13328565581505514,0.011689375806589568,9053.0,28.311296633910388,319.76635040998434,
460,6716.0,6716.0,0.0,6716.0,6716.0,6716.0,0.02679106593132019,1.0,0.045432448387145996,0.002179799834266305,0.007977829314768314,0.9970666170120239,1.0629029273986816,0.05957631766796112,-0.0024304825346916914,0.00012888108904007822,1.0655384063720703,0.06200680136680603,-0.0024304823018610477,0.0024304823018610477,-0.0015767859295010567,-0.003284178674221039,0.9975728392601013,0.005393624305725098,0.2607184648513794,0.0,-0.0002742118085734546,0.0,0.0012334883213043213,0.00019194724154658616,0.001,0.0012336969375610352,0.66796875,3e-06,77.88953876495361,83.70703125,308.57115936279297,0.0,460.0,0.0,0.7666666507720947,1.0,0.5333333611488342,0.7666666507720947,1.0,0.5333333611488342,9.067515094329792e-08,0.7071046829223633,-0.707104504108429,9.067515094329792e-08,0.7071046829223633,-0.707104504108429,47.0,47.0,47.0,1.0,47.0,47.0,47.0,1.0,0.0,3311.0,3311.0,3311.0,1.0,14.080543261021376,1.24826009105891,1.1813088511116803,0.1250326787121594,3.1569883204065263,4.472873016726226,131.58770179515705,149.793013415121,0.47006973204385444,0.17589470683616443,0.018617135007766437,6716.0,131.58770179515705,51.038204242329705,107.28361305175349
461,7185.0,7185.0,0.0,7185.0,7185.0,7185.0,1.855855107307434,1.0,0.09723091125488281,0.0036204589996486902,0.007719478569924831,0.9997816681861877,4.370676517486572,1.0629240274429321,-0.002073631389066577,0.0005824804538860917,4.379810810089111,1.0652254819869995,-0.0023014284670352936,0.0023014284670352936,-0.002016305923461914,-0.002586551010608673,0.9977012872695923,0.0065114498138427734,5.327952861785889,0.0008333333535119891,0.0024929360952228308,0.0,0.5651549249887466,0.0016187286673812196,0.001,0.5651565790176392,0.6015625,3e-06,77.88953876495361,83.70703125,309.31198501586914,0.0,461.0,0.0,0.30000001192092896,0.6000000238418579,0.0,0.30000001192092896,0.6000000238418579,0.0,-0.5650480389595032,0.7071051001548767,-0.7071051001548767,-0.5650480389595032,0.7071051001548767,-0.7071051001548767,333.5,600.0,67.0,0.5,333.5,600.0,67.0,0.5,0.0,3259.0,3259.0,3259.0,1.0,98.29715288290754,1.5999728930182755,1.0784346321597695,0.1259177061729133,3.309418538119644,4.285042886156589,108.72838580422103,147.37204330270995,0.4606010491467841,0.15009528631312033,0.017525080886974714,7185.0,108.72838580422103,66.08209941548736,
462,10188.0,10188.0,0.0,10188.0,10188.0,10188.0,0.2651485800743103,1.0,0.24414457380771637,0.024913880974054337,0.05704352259635925,0.9732651114463806,1.4905191659927368,0.3898265063762665,0.043457139283418655,0.023770097643136978,1.4264882802963257,0.34636935591697693,0.043457143008708954,0.043457143008708954,0.046825915575027466,0.04008837044239044,1.0444211959838867,-0.00354081392288208,-0.9679573178291321,0.0,-0.04404494725167751,0.0,0.0,0.012970065232366323,0.001,1.2970065654371865e-05,0.00104522705078125,3e-06,77.88953876495361,83.70703125,308.96487045288086,0.0,462.0,0.0,0.0,0.0,0.0,0.0,0.0,0.0,0.0,0.0,0.0,0.0,0.0,0.0,40.0,40.0,40.0,1.0,40.0,40.0,40.0,1.0,0.0,5054.0,5054.0,5054.0,1.0,14.080074186902493,1.7112725577317178,1.5550419632345438,0.12814480671659112,4.039022822864354,4.919289103709161,26.471146282274276,176.00092733628117,0.396449040328264,0.15263466462843972,0.012578014008303015,10188.0,26.471146282274276,384.8718862175656,
463,2865.0,2865.0,0.0,2865.0,2865.0,2865.0,0.5176312327384949,1.0,0.05871474742889404,0.004814011976122856,0.009365531615912914,0.9994893074035645,1.7773500680923462,0.5716047883033752,0.0032785553485155106,0.0008162879967130721,1.7722828388214111,0.5684612989425659,0.003143489360809326,0.003376781940460205,0.006520271301269531,-0.0002332925796508789,1.0031541585922241,-0.003356337547302246,-0.4220576882362366,0.0,-0.001459981082007289,0.0,0.0,0.0024260382633656263,0.001,2.4260384634544607e-06,0.0004062652587890625,3e-06,77.88953876495361,83.70703125,308.9776840209961,0.0,463.0,0.0,0.0,0.0,0.0,0.0,0.0,0.0,0.0,0.0,0.0,0.0,0.0,0.0,212.5,221.0,204.0,0.5,212.5,221.0,204.0,0.5,0.0,1220.0,1220.0,1220.0,1.0,58.18721947306767,1.073836486786604,0.8602760811336339,0.1244580689817667,2.7872973922640085,3.8926717219874263,66.98091904399917,136.91110464251216,0.972878670947298,0.30027088346723696,0.04344086177374056,2865.0,66.98091904399917,42.773375476051726,
464,2710.0,2710.0,0.0,2710.0,2710.0,2710.0,0.7522220015525818,1.0,0.05523866415023804,0.00489151943475008,0.009525883011519909,0.9995448589324951,2.2274532318115234,0.7646963000297546,9.885650069918483e-05,0.0006254959153011441,2.227696418762207,0.7645761966705322,0.0001201331615447998,0.0008665025234222412,0.000986635684967041,-0.0007463693618774414,1.0001205205917358,0.0023179054260253906,0.006918787956237793,0.0,0.0008340148051502183,0.0,0.0,0.0019794004037976265,0.001,1.979400622076355e-06,0.00028228759765625,3e-06,77.88953876495361,83.70703125,308.9341278076172,0.0,464.0,0.0,0.0,0.0,0.0,0.0,0.0,0.0,0.0,0.0,0.0,0.0,0.0,0.0,163.0,167.0,159.0,0.5,163.0,167.0,159.0,0.5,0.0,1192.0,1192.0,1192.0,1.0,48.15682690497488,1.148800266906619,0.9779396941885352,0.11303556291386485,3.028616629075259,3.4802065808326006,56.94559312378988,147.7203279293708,1.1175707118358889,0.36086335578912737,0.04171053982061434,2710.0,56.94559312378988,47.58928393473624,
465,3248.0,3248.0,0.0,3248.0,3248.0,3248.0,0.0027649560943245888,1.0,0.06670492887496948,0.002169125247746706,0.011745788156986237,0.9997682571411133,1.0004255771636963,0.00042552949162200093,-0.0022594486363232136,7.87834360380657e-05,1.0026886463165283,0.0026849783025681973,-0.0022594486363232136,0.0022594486363232136,-0.0021915805991739035,-0.0023273169063031673,0.9977431297302246,0.004841327667236328,0.14519524574279785,0.0,0.002092075301334262,0.0,0.0,4.221797098580282e-05,0.001,4.221797311743103e-08,3.528594970703125e-05,3e-06,77.88953876495361,83.70703125,309.75019454956055,0.0,465.0,0.0,1.0,1.0,1.0,1.0,1.0,1.0,0.0,0.0,0.0,0.0,0.0,0.0,30.0,30.0,30.0,1.0,30.0,30.0,30.0,1.0,0.0,1594.0,1594.0,1594.0,1.0,8.05968596925959,0.9797437679953873,0.897194264922291,0.17435294296592474,2.716536940075457,3.4329592790454626,16.317256812937558,134.32809948765984,0.8363722106143648,0.27622976136770044,0.05368009327768619,3248.0,16.317256812937558,199.0530661639608,
466,3028.0,3028.0,0.0,3028.0,3028.0,3028.0,0.0017663637408986688,1.0,0.0028074979782104492,8.791188156465068e-05,0.0004468013939913362,0.9995017647743225,1.000180721282959,0.00018065770564135164,-7.61872943257913e-05,1.01327898960335e-07,1.000256896018982,0.0002568450290709734,-7.618731615366414e-05,7.618731615366414e-05,-6.546112126670778e-05,-8.69135110406205e-05,0.999923825263977,0.00015270709991455078,0.004581928253173828,0.0,0.00011653900219243951,0.0,0.0,2.5188925064867362e-05,0.001,2.5188928276520528e-08,3.293156623840332e-06,3e-06,77.88953876495361,83.70703125,309.90515518188477,0.0,466.0,0.0,1.0,1.0,1.0,1.0,1.0,1.0,0.0,0.0,0.0,0.0,0.0,0.0,30.0,30.0,30.0,1.0,30.0,30.0,30.0,1.0,0.0,1484.0,1484.0,1484.0,1.0,8.057505695149302,0.9766367580741644,0.9328255821019411,0.1242468343116343,2.950241656973958,3.553774961270392,16.626460385043174,134.29176158582172,0.9743202301763402,0.3080665726888841,0.04103264012933762,3028.0,16.626460385043174,182.1193404895685,
467,3016.0,3016.0,0.0,3016.0,3016.0,3016.0,0.0035744369961321354,1.0,0.005646109580993652,0.0001699410640867427,0.0008427394786849618,0.9940077066421509,1.000401496887207,0.00040146399987861514,0.00015807572344783694,3.668768613351858e-07,1.0002434253692627,0.00024338826187886298,0.00015807573799975216,0.00015807573799975216,0.0002014653291553259,0.00011468613229226321,1.0001580715179443,-0.0003146529197692871,-0.00912332534790039,0.0,-0.00010786385610117577,0.0,0.0,3.3079550121328793e-05,0.001,3.3079551542414265e-08,3.3080577850341797e-06,3e-06,77.88953876495361,83.70703125,309.8353042602539,0.0,467.0,0.0,1.0,1.0,1.0,1.0,1.0,1.0,0.0,0.0,0.0,0.0,0.0,0.0,29.0,29.0,29.0,1.0,29.0,29.0,29.0,1.0,0.0,1479.0,1479.0,1479.0,1.0,8.07741358783096,1.003477848134935,0.9401977020315826,0.13751950580626726,2.7178831319324672,3.201976791024208,16.134194394107908,139.26575151432692,0.9011548845929931,0.31173663860463613,0.04559665311878888,3016.0,16.134194394107908,186.9321719032604,
468,3014.0,3014.0,0.0,3014.0,3014.0,3014.0,0.03327172249555588,1.0,0.15728759765625,0.0048555959947407246,0.02599957399070263,0.9873968362808228,1.008249282836914,0.008215410634875298,0.005659481044858694,0.0004428810207173228,1.0025591850280762,0.002555929822847247,0.005659481510519981,0.005659481510519981,0.006349917501211166,0.004969045519828796,1.0056757926940918,-0.009640157222747803,-0.2792394161224365,0.0,-0.005461988737806678,0.0,0.0,0.005590586690232158,0.001,5.590586624748539e-06,0.000316619873046875,3e-06,77.88953876495361,83.70703125,309.66784286499023,0.0,468.0,0.0,1.0,1.0,1.0,1.0,1.0,1.0,0.0,0.0,0.0,0.0,0.0,0.0,29.0,29.0,29.0,1.0,29.0,29.0,29.0,1.0,0.0,1478.0,1478.0,1478.0,1.0,8.05672550573945,1.0003826161846519,1.0973917092196643,0.12687910115346313,2.82716871984303,3.269955810159445,16.40927471406758,138.90906044378363,0.9380121830932415,0.3640981118844275,0.04209658299716759,3014.0,16.40927471406758,183.6766129228195,
469,2784.0,2784.0,0.0,2784.0,2784.0,2784.0,0.001215267227962613,1.0,0.002583801746368408,7.636845111846924e-05,0.00037892695399932563,0.9887970089912415,1.0001139640808105,0.00011393229215173051,-6.681259401375428e-05,7.351239617037209e-08,1.000180721282959,0.00018074488616548479,-6.681259401375428e-05,6.681259401375428e-05,-4.5378124923445284e-05,-8.824706310406327e-05,0.9999332427978516,0.00013387203216552734,0.00401759147644043,0.0,9.889602733892389e-05,0.0,0.0,3.43720131468217e-07,0.001,3.437201634426401e-10,2.4028122425079346e-07,3e-06,77.88953876495361,83.70703125,309.7448310852051,0.0,469.0,0.0,1.0,1.0,1.0,1.0,1.0,1.0,0.0,0.0,0.0,0.0,0.0,0.0,30.0,30.0,30.0,1.0,30.0,30.0,30.0,1.0,0.0,1362.0,1362.0,1362.0,1.0,8.062967205885798,0.8491002679802477,0.8094999720342457,0.12484714109450579,2.6171469199471176,3.526124760042876,16.02431004587561,134.3827867647633,0.9400671407856026,0.2907686681157492,0.044844519071302366,2784.0,16.02431004587561,173.73602932230804,
470,1936.0,1936.0,0.0,1936.0,1936.0,1936.0,0.0010521658696234226,1.0,0.0017269253730773926,6.003318048897199e-05,0.0002969520865008235,0.9986244440078735,1.0001084804534912,0.00010845578799489886,6.0074544308008626e-05,4.7272649794649624e-08,1.0000483989715576,4.838124004891142e-05,6.007454794598743e-05,6.007454794598743e-05,6.33332529105246e-05,5.681584661942907e-05,1.0000600814819336,-0.00011998414993286133,-0.00347822904586792,0.0,-7.05718994140625e-05,0.0,0.0,3.9952582483238075e-05,0.001,3.995258524014389e-08,4.4517219066619873e-07,3e-06,77.88953876495361,83.70703125,309.2154769897461,0.0,470.0,0.0,1.0,1.0,1.0,1.0,1.0,1.0,0.0,0.0,0.0,0.0,0.0,0.0,29.0,29.0,29.0,1.0,29.0,29.0,29.0,1.0,0.0,939.0,939.0,939.0,1.0,8.067062919028103,0.9220979739911854,0.9296509060077369,0.12544607976451516,3.443593011237681,3.4800091083161533,16.99924342893064,139.0872917073811,1.7787153983665707,0.4801915836816823,0.0647965288039851,1936.0,16.99924342893064,113.88742140754123,
471,1734.0,1734.0,0.0,1734.0,1734.0,1734.0,0.0008992195362225175,1.0,0.00231856107711792,6.88413783791475e-05,0.00034578866325318813,0.9763429760932922,1.0000855922698975,8.560816058889031e-05,-6.628900882788002e-05,6.357829107628277e-08,1.0001518726348877,0.00015189716941677034,-6.628900882788002e-05,6.628900882788002e-05,-4.672856448451057e-05,-8.584944589529186e-05,0.9999337196350098,0.0001327991485595703,0.003985881805419922,0.0,5.416870226326864e-05,0.0,0.0,2.0078819943591952e-05,0.001,2.0078822160485288e-08,9.98377799987793e-07,3e-06,77.88953876495361,83.70703125,310.6123924255371,0.0,471.0,0.0,1.0,1.0,1.0,1.0,1.0,1.0,0.0,0.0,0.0,0.0,0.0,0.0,30.0,30.0,30.0,1.0,30.0,30.0,30.0,1.0,0.0,837.0,837.0,837.0,1.0,10.106169282924384,0.9088648981414735,0.8732838961295784,0.13930391985923052,2.7241798150353134,3.2909341701306403,18.096628548111767,168.4361547154064,1.5710379556143677,0.5036239308705758,0.08033674732366235,1734.0,18.096628548111767,95.81895298287087,
472,6298.0,6298.0,0.0,6298.0,6298.0,6298.0,0.02468503639101982,1.0,0.06922203302383423,0.0032125860452651978,0.012962169013917446,0.699042022228241,1.0047277212142944,0.004716591443866491,0.0029785120859742165,9.439750283490866e-05,1.0017396211624146,0.0017380791250616312,0.00297851231880486,0.00297851231880486,0.003044744022190571,0.0029122806154191494,1.0029829740524292,-0.005587339401245117,-0.2305598258972168,0.0,-0.003020936856046319,0.0,0.0,0.0008646988426335156,0.001,8.646989044791553e-07,6.29425048828125e-05,3e-06,77.88953876495361,83.70703125,314.0240287780762,0.0,472.0,0.0,1.0,1.0,1.0,1.0,1.0,1.0,0.0,0.0,0.0,0.0,0.0,0.0,44.0,44.0,44.0,1.0,44.0,44.0,44.0,1.0,0.0,3105.0,3105.0,3105.0,1.0,12.075207616202533,1.110204259864986,1.0294389869086444,0.14761139685288072,3.2747504310682416,4.7354395859874785,22.424455349333584,137.2182683659379,0.5199667245265547,0.16345490424081366,0.02343782103094327,6298.0,22.424455349333584,280.85408996063603,
473,1354.0,1354.0,0.0,1354.0,1354.0,1354.0,0.6809759140014648,1.0,0.3578340411186218,0.03575095906853676,0.06887639313936234,0.9776338338851929,2.0467569828033447,0.7150802612304688,0.07193032652139664,0.02606477029621601,1.9064217805862427,0.6431499719619751,0.07193028926849365,0.07193028926849365,0.08790677785873413,0.055953800678253174,1.0747175216674805,-0.053735435009002686,-0.9745762348175049,0.0,-0.06908413209021091,0.0,0.0,0.05535607598721981,0.001,5.535607851925306e-05,0.00640869140625,3e-06,77.88953876495361,83.70703125,314.10636138916016,0.0,473.0,0.0,0.4000000059604645,0.4000000059604645,0.4000000059604645,0.4000000059604645,0.4000000059604645,0.4000000059604645,0.0,0.0,0.0,0.0,0.0,0.0,28.0,28.0,28.0,1.0,28.0,28.0,28.0,1.0,0.0,649.0,649.0,649.0,1.0,10.13585436809808,1.2036176258698106,1.615906157065183,0.11238875519484282,3.7055584876798093,4.797336510848254,21.606722522061318,180.99739943032287,2.736749252348456,1.193431430624212,0.08300498906561508,1354.0,21.606722522061318,62.665681878291004,
474,10823.0,10823.0,0.0,10823.0,10823.0,10823.0,1.065786361694336,1.0,0.09586851298809052,0.0037359672132879496,0.008498412556946278,0.9997282028198242,3.331954002380371,1.1036262512207031,0.0027122069150209427,0.000871510710567236,3.323575258255005,1.1008843183517456,0.0027419328689575195,0.0027419328689575195,0.0032682418823242188,0.0022156238555908203,1.0027458667755127,-0.001990377902984619,-0.9306089878082275,0.0018761726096272469,7.652137719560415e-05,0.0,-0.039869099855422974,0.0010357833525631577,0.001,-0.039868056774139404,0.73828125,3e-06,77.88953876495361,83.70703125,313.4001808166504,0.0,474.0,0.0,0.12727272510528564,0.2545454502105713,0.0,0.12727272510528564,0.2545454502105713,0.0,0.03994535282254219,0.7071028351783752,-0.7071028351783752,0.03994535282254219,0.7071028351783752,-0.7071028351783752,504.5,533.0,476.0,0.5,504.5,533.0,476.0,0.5,0.0,4907.0,4907.0,4907.0,1.0,138.34091783734038,1.4790171040222049,1.297980709001422,0.07486218586564064,3.950940325856209,3.531680162064731,148.72449585795403,137.10695524017876,0.3650503858316741,0.11992799676627755,0.006916953327694784,10823.0,148.72449585795403,72.77214111612784,
475,7097.0,7097.0,0.0,7097.0,7097.0,7097.0,0.6014887094497681,1.0,0.05107313394546509,0.0048116217367351055,0.008578241802752018,0.9995316863059998,1.7369533777236938,0.5494374632835388,0.0018534670816734433,0.000482964824186638,1.7335541248321533,0.547505259513855,0.0019322186708450317,0.0019322186708450317,0.00229722261428833,0.0015672147274017334,1.0019341707229614,-0.0017747879028320312,-0.8156817555427551,0.0,4.175235517323017e-07,0.0,0.0,0.0016145468107424676,0.001,1.6145468180184253e-06,0.00014972686767578125,3e-06,77.88953876495361,83.70703125,358.32056045532227,0.0,475.0,0.0,0.0,0.0,0.0,0.0,0.0,0.0,0.0,0.0,0.0,0.0,0.0,0.0,456.5,555.0,358.0,0.5,456.5,555.0,358.0,0.5,0.0,3092.0,3092.0,3092.0,1.0,138.41707087727264,1.174224765971303,1.098462538793683,0.12414859142154455,3.5249613649211824,3.5774918613024056,147.94874491496012,151.60686843074768,0.49668329786123466,0.15477843297078808,0.017493108555945408,7097.0,147.94874491496012,47.96931534687439,
476,11614.0,11614.0,0.0,11614.0,11614.0,11614.0,0.05384659022092819,1.0,0.036876380443573,0.0011772233992815018,0.005389970261603594,0.9989378452301025,1.0469865798950195,0.04556407034397125,7.811188879713882e-06,6.567835953319445e-05,1.0469722747802734,0.04556320607662201,8.67992639541626e-07,0.00048600509762763977,0.0004868730902671814,-0.00048513710498809814,1.0000009536743164,0.00024437904357910156,0.0012202262878417969,0.0,0.00017970482440432534,0.0,0.01030084490776062,0.0001890808307507541,0.001,0.010301023721694946,0.4453125,3e-06,77.88953876495361,83.70703125,356.6066474914551,0.0,476.0,0.0,0.8199999928474426,1.0,0.6399999856948853,0.8199999928474426,1.0,0.6399999856948853,-0.010101485066115856,0.707103967666626,-0.707103967666626,-0.010101485066115856,0.707103967666626,-0.707103967666626,70.0,71.0,69.0,0.5,70.0,71.0,69.0,0.5,0.0,5737.0,5737.0,5737.0,1.0,22.114197032991797,1.6160815618932247,1.4035114920698106,0.1370207997970283,4.160448910202831,4.342666487209499,33.80210129125044,157.95855023565568,0.35822704582424925,0.12084652075682888,0.011797899069831953,11614.0,33.80210129125044,343.58810713954773,
477,10450.0,10450.0,0.0,10450.0,10450.0,10450.0,0.04612462595105171,1.0,0.3897554874420166,0.012015355750918388,0.05153205618262291,0.8395728468894958,1.0206468105316162,0.020436089485883713,0.012047828175127506,0.0022809107322245836,1.0084235668182373,0.008388262242078781,0.012047827243804932,0.012047827243804932,0.013037082739174366,0.011058572679758072,1.0121212005615234,-0.016041040420532227,-0.779151439666748,0.0,-0.011609153356403112,0.0,0.0,0.0014405979891307652,0.001,1.4405979982257122e-06,0.0001220703125,3e-06,77.88953876495361,83.70703125,356.9421691894531,0.0,477.0,0.0,0.5714285969734192,0.5714285969734192,0.5714285969734192,0.5714285969734192,0.5714285969734192,0.5714285969734192,0.0,0.0,0.0,0.0,0.0,0.0,63.0,63.0,63.0,1.0,63.0,63.0,63.0,1.0,0.0,5162.0,5162.0,5162.0,1.0,20.10232392512262,1.5008375868201256,1.3402162487618625,0.22031314112246037,4.134325916878879,4.37159669585526,31.7246264340356,159.54225337398904,0.39562927434247647,0.1282503587331926,0.02108259723659908,10450.0,31.7246264340356,329.39710170357665,
478,8378.0,8378.0,0.0,8378.0,8378.0,8378.0,0.26305896043777466,1.0,0.06454497575759888,0.0023845043033361435,0.006848866585642099,0.9996389150619507,1.3326462507247925,0.28543537855148315,0.00600805226713419,0.0012379498220980167,1.3246701955795288,0.2794340252876282,0.006001375615596771,0.006001375615596771,0.006030380725860596,0.005972370505332947,1.0060193538665771,-0.007529258728027344,-0.7524673938751221,0.0,-0.001067649107426405,0.0,0.0,0.003359716502018273,0.001,3.359716629347531e-06,0.00125885009765625,3e-06,77.88953876495361,83.70703125,356.3339538574219,0.0,478.0,0.0,0.0,0.0,0.0,0.0,0.0,0.0,0.0,0.0,0.0,0.0,0.0,0.0,121.0,149.0,93.0,0.5,121.0,149.0,93.0,0.5,0.0,4068.0,4068.0,4068.0,1.0,34.12660753587261,1.3868397609330714,1.2224939931184053,0.12868799595162272,3.6179476589895785,4.282549201976508,44.822498022112995,141.01903940443228,0.4318390617079946,0.14591716317956616,0.01536022868842477,8378.0,44.822498022112995,186.91506207143448,
479,10715.0,10715.0,0.0,10715.0,10715.0,10715.0,0.18270264565944672,1.0,0.0607142448425293,0.0021998027805238962,0.00793486274778843,0.9993851780891418,1.4563651084899902,0.35916489362716675,-0.0016490353737026453,0.0004939021891914308,1.4600517749786377,0.36152398586273193,-0.0023590773344039917,0.0023590773344039917,-0.0014300048351287842,-0.0032881498336791992,0.9976441860198975,0.005305051803588867,0.5838813781738281,0.0,0.0040295320795848966,0.0,0.0,0.0007227051464724354,0.001,7.227051810332341e-07,0.00023365020751953125,3e-06,77.88953876495361,83.70703125,307.4673042297363,0.0,479.0,0.0,0.0,0.0,0.0,0.0,0.0,0.0,0.0,0.0,0.0,0.0,0.0,0.0,131.5,232.0,31.0,0.5,131.5,232.0,31.0,0.5,0.0,5226.0,5226.0,5226.0,1.0,40.14843249693513,1.3612389601767063,1.2891183514147997,0.1250400049611926,4.162670428398997,4.568186462856829,51.75317871803418,152.65563687047577,0.3884900073167519,0.12030969215257113,0.011669622488212097,10715.0,51.75317871803418,207.04042274153483,
480,13853.0,13853.0,0.0,13853.0,13853.0,13853.0,0.30457404255867004,1.0,0.11089932918548584,0.0034796837717294693,0.009600269608199596,0.9993672966957092,1.4256861209869385,0.35402899980545044,-0.0005247815861366689,0.0007970056030899286,1.4264326095581055,0.35455381870269775,-0.0005248188972473145,0.0005248188972473145,-0.000486910343170166,-0.0005627274513244629,0.999475359916687,0.004285335540771484,0.35537564754486084,0.0,-0.0008901646651793271,0.0,0.0,0.00184037780854851,0.001,1.8403778767606127e-06,0.0004730224609375,3e-06,77.88953876495361,83.70703125,307.6476173400879,0.0,480.0,0.0,0.0,0.0,0.0,0.0,0.0,0.0,0.0,0.0,0.0,0.0,0.0,0.0,289.5,290.0,289.0,0.5,289.5,290.0,289.0,0.5,0.0,6637.0,6637.0,6637.0,1.0,76.21836110856384,1.7017753128893673,1.5132418368011713,0.11520505510270596,5.301302046049386,3.961455582175404,193.3882331913337,131.63792937575792,0.38268259915176395,0.10923567723967165,0.008316253165574673,13853.0,193.3882331913337,71.63310699619542,104.54256397485733
